"Bubblegum_Blueshift_Episode49_CCSS","キャンディークラッシュソーダの最新アップデート情報：

• 新しいエピソードが追加されたよ！

今すぐアップデートしよう！"
"GreenLanternIOS_WNT","キャンディークラッシュソーダの最新アップデート情報：KingはAppleとともにWWFの自然保護活動を応援します。
4/24まで、ショップでご購入いただいた収益全額がWWFに寄付されます。

グリーンをテーマにしたバブルガムヒルイベントも登場！

新しいエピソードが追加されたよ！

今すぐアップデートしよう！"
"HC100_more_gold_bars","30%OFF"
"HC200_more_gold_bars","40%OFF"
"HC25_more_gold_bars","20%OFF"
"HC500_more_gold_bars","50%OFF"
"Releasenotes-1.83-memoryhotfix","【お知らせ】プレイ中にエラーが発生する不具合が報告されております。プレイヤーの皆さまにはご不便をおかけし誠に申し訳ございません。ゲームを最新バージョンにアップデートし、引き続きプレイをお楽しみください。"
"StritzExtraMoves.description","ソーダをあふれさせると追加の移動回数+5がもらえるよ！"
"StritzExtraMoves.header","追加の移動回数+5"
"StritzFullLife.description","ライフを満タンの状態にします！"
"StritzFullLife.header","ライフ満タン"
"StritzHardCurrencyPackageL.description","ラージゴールドパッケージ"
"StritzHardCurrencyPackageL.header","ラージゴールドパッケージ"
"StritzHardCurrencyPackageM.description","ミディアムゴールドパッケージ"
"StritzHardCurrencyPackageM.header","ミディアムゴールドパッケージ"
"StritzHardCurrencyPackageS.description","スモールゴールドパッケージ"
"StritzHardCurrencyPackageS.header","スモールゴールドパッケージ"
"StritzHardCurrencyPackageXL.description","エキストララージゴールドパッケージ"
"StritzHardCurrencyPackageXL.header","エキストララージゴールドパッケージ"
"StritzHardCurrencyPackageXS.description","エキストラスモールゴールドパッケージ"
"StritzHardCurrencyPackageXS.header","エキストラスモールゴールドパッケージ"
"StritzSalePackage0.description","スペシャルオファーをゲット"
"StritzSalePackage0.header","セール"
"StritzSalePackage1.description","スペシャルオファーをゲット"
"StritzSalePackage1.header","セール"
"StritzSalePackage2.description","スペシャルオファーをゲット"
"StritzSalePackage2.header","セール"
"StritzSalePackage3.description","スペシャルオファーをゲット"
"StritzSalePackage3.header","セール"
"StritzSalePackage4.description","スペシャルパッケージをゲットしよう！"
"StritzSalePackage4.header","セール"
"StritzSpecialOffer1.description","とってもお買い得！"
"StritzSpecialOffer1.header","とってもお買い得！"
"StritzSpecialOffer2.description","とってもお買い得！"
"StritzSpecialOffer2.header","とってもお買い得！"
"WNT_general_new_features","新機能"
"WNT_general_new_update","新しいアップデートが登場"
"WNT_hotfix_release_bug_fixes","不具合の修正"
"WNT_hotfix_release_bug_fixes_improvements","不具合の修正と機能の改善を行いました。"
"WNT_hotfix_release_bugs_squashed","不具合の修正を行いました。"
"WNT_hotfix_release_fixes_improvements","不具合の修正と機能の改善を行いました"
"WNT_hotfix_release_improved_loading_time","ロード時間を短縮しました。"
"WNT_hotfix_release_message_center","メッセージセンターの機能を改善しました。"
"WNT_hotfix_release_notifications_amendments","通知が頻繁に表示される問題を修正しました。"
"accept_terms_modal_button","同意する"
"accept_terms_pp_checkbox","上記に示された個人情報の収集と利用を承諾します。"
"accept_terms_pp_text","1. はじめに

King.com Limitedでは、誰でも気軽に楽しめるゲームを制作しています。またKing.com Limitedでは、弊社が随時提供するゲーム、ウェブサイトおよびあらゆる関連サービス（以下、「対象サービス」といいます。）を利用する皆様のプライバシーを尊重しています。なお本プライバシーポリシーにおいては、King.com Limitedを「弊社」と称し、対象サービスの利用者を「お客様」と称します。

本「プライバシーポリシー」では、お客様へ帰属する個人情報（すなわち、お客様の氏名、住所、電話番号または電子メールアドレスに代表される、お客様個人を識別できるような情報）を弊社がどのように収集、処理および保存するかについて説明しています。なおこのポリシーでは、前述の情報を「個人情報」と称します。

^対象サービスへアクセスし、かつ／または対象サービスを利用したお客様は、弊社が、本プライバシーポリシーに定められている方法でお客様の個人情報を収集、処理、保存および共有することについて同意したこととなります。このため、弊社へ個人情報を提供することまたは本プライバシーポリシーが認めている方法で個人情報が利用されることについて不安のあるお客様は、対象サービスを利用しないでください。なお弊社の対象サービスに関する利用規約に定められているとおり、13歳未満のお客様による弊社の対象サービスへのアクセスおよび当該サービスの利用は禁じられています。

2. 弊社について
弊社は、マルタ共和国にて設立登記（商業登記番号: C42504）を行い、登記簿上の事業所をAragon Business Centre Level 4, Dragonara Road, St Julians STJ3140, Maltaに置いている、King.com Limitedと称する会社です。

^3. 弊社が収集するお客様に関する情報とその収集方法
弊社は、お客様に関する下記のような情報を収集および処理します。

* 弊社の対象サービスを利用する際またはアカウントを作成する際に行う各種フォームへの情報入力を通じてお客様が弊社へ提供する情報。
* お客様による弊社の対象サービスの利用およびお客様がアクセスしている各種リソースに関する詳細情報（例えば、お客様による弊社のゲームのプレイ時期／方法もしくは弊社のウェブサイトの訪問時期／方法、お客様が弊社の対象サービスへのアクセスに用いているデバイスに関する情報、または、後述の第6章に定める「Kingプロフィール」によるプロフィールへのアクセスに関する詳細事項）。
* 弊社メッセージシステム「Kingチャット」を用いて送信されたメッセージの内容（詳細は後述の第7章に定める「Kingチャット」を参照）。
^* なお弊社は、お客様から弊社への問い合わせの内容、または弊社がお客様へ送ったメッセージもしくはお知らせに対するお客様の返答の内容についても記録として保管できます。
* お客様が、弊社のソーシャルメディアチャンネルを通じて弊社とやり取りした情報。また
* 詳しくは後述する、弊社がCookieを介して収集する情報。

^Cookie

弊社では、Cookieや他の類似技術を使っています。Cookieは、お客様のコンピュータまたはモバイルデバイス上に特定の情報を保存するための小さなファイルです。

弊社では、Cookieや他の類似技術を使って、

* お客様やそのデバイスの認識（お客様のIPアドレスの識別など）を行えるようにします。
* （お客様が連携を希望している場合に）弊社の対象サービスを第三者のソーシャルネットワークまたはプラットフォームと連携できるようにします。
^* 弊社の支払処理業者が、お客様の支払いに関する情報を処理できるようにします。
* よりカスタマイズされた対象サービス（適切な言語の対象サービスなど）をお客様へ提供します。
* ユーザーが弊社の対象サービスをどのように利用しているかを理解して対象サービスを改善できるようにするために必要な情報を取得します。

弊社のウェブサイトへアクセスするか、弊社の対象サービスを利用したお客様は、弊社が本プライバシーポリシーに従いCookieを利用することについて同意したこととなります。なおお客様は、ご自身のウェブブラウザまたは携帯電話のブラウザを通じてCookieを無効にできますが、無効にすると、弊社の対象サービスのすべての機能を利用できなくなる場合がありますのでご注意ください。

^支払情報

お客様が弊社のウェブサイトにて対象サービスを購入する場合、弊社は、弊社の支払サービスプロバイダに代わり、お客様から一定の支払情報を収集することがありますが、この情報は、弊社が読み取れない方法で一時的にキャッシュに保存されます。なおお客様が、弊社のアプリを介して何らかのアイテム（App Store、Amazon KindleまたはGoogle Playで購入できるアイテムなど）を購入する場合には、弊社は、お客様からの支払情報の収集または当該情報の保存を行いません。

4. 弊社によるお客様の個人情報の用法

お客様は、下記の目的で弊社（または弊社の指示に従ってのみ弊社に代わって活動する弊社のサプライヤもしくはグループ会社）がお客様の個人情報を利用することについて同意するものとします。

^* 顧客サービスなどの一環としてお客様へ連絡すること、または弊社の対象サービスに関する更新情報をお客様へ送ること。
* お客様のアカウントやお客様と弊社の関係を管理して、弊社の対象サービスの利用に伴うお客様のユーザーエクスペリエンスを改善すること。
* お客様に関するリサーチ/アンケートを実施したり、お客様と契約したりすること。具体的には、これらを目的に（電子メールなどの手段で）お客様へ連絡することなどがあります。
* 弊社の対象サービスまたは関連製品のマーケティングや販促活動を行うこと。具体的には、これらを目的に弊社か第三者の代理人が（電子メールなどの手段で）お客様へ連絡することなどがあります。また弊社は、弊社の対象サービスと関係のある商品に関する情報をお客様へ送る場合もあります。なおこのような方法によるお客様の個人情報の利用を希望しないお客様は、privacy@support.king.comまでご連絡頂きその旨をお伝えください。
^* 弊社による各種リサーチまたはビジネスインテリジェンス（例えば、弊社の対象サービスにおいて生じる可能性のある問題または動向の追跡など）に用いる報告書、分析結果または類似の成果物を作成すること。
* 詐欺行為、犯罪行為または不正行為を防止すること。なお弊社は、犯罪行為や不正行為の防止活動に関与している不正行為防止機関や他の組織へお客様の情報を引き渡さなければならない場合もあります。また
* 本プライバシーポリシーに別途明記されているか、法律で求められる他の目的。

5. 弊社がお客様の個人情報を第三者と共有するケース
弊社は、下記の場合に限り、お客様の情報を第三者（例えば、弊社のグループ会社またはサプライヤなど）と共有します。

* お客様から承認を得ている場合（本プライバシーポリシーに定められている場合を含みます）。
^*0 合理的に見て、お客様へ対象サービスを提供するのに必要だと考えられる場合（例えば、お客様の個人情報をサプライヤへ提供することで、弊社が、対象サービスを履行できるか、お客様へ必要な伝達を行えると考えられる場合など）。
* お客様の指図を実施するのに必要な場合（例えば、お客様の支払いに関する指図を処理するために、弊社の支払処理業者へお客様の個人情報を提供しなければならない場合など）。
* お客様の情報が、匿名の集合情報の場合（すなわち、お客様個人を特定できないような情報の場合）。
* お客様が、何らかのコンテストへの参加または弊社のソーシャルメディアチャンネルの利用の一環として情報を提示する場合（例えば、弊社の対象サービスのいずれかを推奨するようなコメントを提示する場合など）。この場合、弊社は、お客様から提示された情報を、お客様の氏名や居住国情報とともに弊社のウェブサイトやソーシャルメディアチャンネルへ掲載することができます。
^* 合理的に見て、準拠法規に基づき認められると考えられる場合。
* 何らかの法的義務を果たす必要がある場合、弊社の規約および／もしくはお客様との他の契約の内容を強制もしくは適用する場合、または弊社、弊社のユーザーもしくはそれ以外の者の権利、財産もしくは安全を守るうえで必要な場合。
* 弊社の資産が売却される場合、弊社の企業再編が行われる場合、弊社もしくはそのいずれかのグループ会社の支配が変更される場合、またはこれらのいずれかを目的とする準備が行われる場合。なお弊社から弊社の資産を譲り受けるか購入するあらゆる第三者は、お客様が本プライバシーポリシーに規定の方法で弊社へ提供する個人情報や他の情報の利用を継続する権利を取得します。また弊社が、前述以外の場合に第三者へお客様の情報を売却または貸与することはありません。

 ^6. ソーシャルネットワークを通じた弊社ゲームの利用

お客様は、弊社の対象サービスと第三者のソーシャルネットワークまたはプラットフォームの連携を認めることができますが、その結果としてお客様の情報が弊社へ提供される場合があります。これらのアプリケーションまたはウェブサイトの制作およびメンテナンスを行う第三者は、弊社の一部ではなく管理下にもないため、お客様は、前述の第三者のサービス規約やプライバシーポリシーを通読して、前述の第三者によるお客様の情報の取扱方法や、弊社と共有する可能性のある情報について理解しておく必要があります。

お客様は、ご自身のアカウントと第三者のソーシャルネットワークまたはプラットフォームの連携を認めた場合、弊社は、お客様がソーシャルゲームを楽しくプレイできるようにすることを目的にお客様に関する情報をお客様の連絡先の友達と共有（したり、この逆を行ったり）することができることについて理解しているものとします。なおこの共有情報には、お客様の氏名、ソーシャルメディアのプロフィール写真、お客様の弊社のゲームのスコアおよび／または進捗などが含まれます。

^お客様は、第三者のソーシャルネットワークまたはプラットフォームが提供する設定を調整することで、これらの第三者プロパイダが弊社と共有する情報の種類を変更したり、弊社の対象サービスと第三者のソーシャルネットワークまたはプラットフォームの連携を停止したりすることができますが、これらを行うと、弊社の対象サービスのすべての機能を利用できなくなる場合がありますのでご注意ください。

^King プロフィール

お客様が弊社サービスを利用するにあたり、当該サービスの他の利用者に公開されるプロフィールが自動的に作成されます。お客様のプロフィールには、前述のソーシャル情報の他、ゲームの達成状況、または、Kingのアカウントを持つ他のユーザーが閲覧可能なプレイに関する情報および詳細が含まれます。

お客様のプロフィールは弊社サービスを利用する他のユーザーに対して公開されます。お客様が他のユーザーの個人情報を閲覧する際、相手および他のユーザーは、お客様のソーシャル情報の一部および、当該相手のプロフィール内に表示されるお客様のプロフィールへのリンクから、お客様が当該情報を閲覧した旨を知ることができます。お客様と同様に、他のユーザーはお客様のプロフィールを閲覧可能です。

^7. 弊社がお客様の情報を保管する期間

弊社は、弊社がお客様から情報を収集した目的を達成するのに必要な期間、またはお客様へ対象サービスを提供するのに必要な期間にわたってお客様の個人情報を保管します。弊社は、弊社が法的義務を果たすこと、規制要件を満たすこと、メンバー間での紛争を解決すること、不正行為、詐欺行為もしくは乱用行為を防止すること、または本プライバシーポリシーもしくは弊社がユーザーと締結する場合のある他の契約を強制することのいずれかを行う目的でお客様の個人情報を保管しておくことが合理的に必要な場合には、お客様が弊社にて作成したアカウントを抹消した後または弊社がお客様に対する対象サービスの提供を中止した後であってもお客様の個人情報を保管しておくことができます。

^Kingチャット

Kingチャットのユーザーは、友達として登録されている他のKingアカウント保持者にメッセージを送信できます。メッセージは次の理由により、弊社で保管される場合があります。（a）メッセージを受信者に送信するため、および、（b）お客様およびメッセージ受信者間で取り交わされたメッセージの履歴の参照を可能とするため。

^8. 弊社がお客様の個人情報を国外へ移転するケース

お客様の個人情報は、欧州経済地域（以下、「EEA」）外へ移転されたり、EEA外で保管されたりする場合がります。またお客様の個人情報は、EEA外にて弊社かそのいずれかのサプライヤのために業務を遂行している従業員が処理する場合もあります。このため弊社は、合理的に見て必要だと思われるあらゆる対策を講じて、お客様の個人情報が、本プライバシーポリシーに従い安全に取り扱われるようにします。

^9. 弊社がお客様の個人情報を保護する方法

お客様の個人情報の保護は、弊社の重要事項です。このため弊社では、お客様の個人情報を保護するための適切な技術的かつ物理的な対策を講じて、弊社の手元にあるお客様の情報について、偶発的なもしくは違法な破棄、喪失、改変、無断開示、無断アクセス、無断使用および他の不法な形態での処理が生じないようにします。なお弊社では、類似ゲームを開発している他社と同水準の技能を駆使してお客様の個人情報を保護しますが、インターネットは完全に安全な環境ではないため、お客様が弊社の対象ゲームを通じて送信する情報について、弊社の情報保護策に反するアクセス、開示、改変または破棄が行われないことを保証できません。

^10. 弊社の対象サービスのリンク先

弊社は、弊社の対象サービスから第三者のウェブサイトへのリンクを設けることができますが、この場合お客様は、このリンクをクリックすると、お客様がその後提供する情報には弊社ではなく前述の第三者のプライバシーポリシーが適用されることについて理解しているものとみなされます。弊社は、信頼性のあるウェブサイトへのリンクのみを設けるよう努力しますが、第三者のウェブサイトのコンテンツ、安全性またはセキュリティについてはいかなる責任も負いません。

^11. お客様の個人情報に関するお客様の権利

* お客様には、弊社の手元にあるお客様に関する情報の写しを請求する権利があります。このため弊社の手元にあるお客様の個人情報の一部分またはすべての写しをご希望の場合には、privacy@support.king.comまでご連絡ください。なお弊社は、その際に少額の料金を請求する場合があります。
* 弊社は、お客様の個人情報を正確かつ最新の状態に保ちたいと考えています。このためお客様は、前述の電子メールアドレス宛に連絡することで情報を修正、訂正または削除することができます。
^* お客様が、弊社の対象サービスを介して、何らかのソーシャルネットワークまたは第三者のプラットフォームと共有した情報については、前述のソーシャルネットワークまたは第三者のプラットフォームの管理下に置かれるため、弊社が修正または削除することはできません。加えて、お客様が弊社の対象サービスを利用して提供した情報をもとに第三者（例えば、お客様がご自身のアカウントと連動させることを認めたソーシャルネットワーク上の友達など）が複製した情報も、弊社が管理できない情報のため、弊社が修正または削除することはできません。
* お客様には、ご自身の個人情報をマーケティング目的で利用しないよう弊社へ求める権利があります。マーケティングに関する選択を変更するか、マーケティング情報の配信を停止するには、その旨をprivacy@support.king.comまでお知らせください。

^12. 弊社への連絡方法

弊社によるお客様の個人情報の使用法に関する詳細については、電子メールにて前述のアドレスまでお問い合わせください。

13. 苦情

弊社では、お客様から弊社またはその対象サービスに対する苦情が寄せられないよう願っておりますが、弊社によるお客様の個人情報の使用法について不満がある場合には、弊社の顧客サービス部門（privacy@support.king.com）まで電子メールにてお知らせください。

なおお客様には、問題が生じた場合に自国の情報保護機関へ苦情を申し立てる権利もあります。

^14. 法的事項

いずれかの裁判所または他の管轄機関が、本プライバシーポリシーのいずれかの条項を無効または強制不能なものと判断した場合でも、他の条項はその影響を受けません。

本プライバシーポリシーは、英国イングランドの各法に準拠し、同法に従って解釈されます。本プライバシーポリシーと関係のあるあらゆる紛争については、お客様が自国の裁判所へその解決を付託することを選択していない限り、イングランドの裁判所が独占的な裁判権を持ちます。

^弊社では、自社の対象サービスやゲームの改善につながる新たな方法を常に導入および模索しています。このため弊社は、本プライバシーポリシーを随時修正して、前述の改善または業務内容の変更を反映する場合があります。なお弊社では、お客様へ重大な悪影響が及ぶ可能性があると判断した本プライバシーポリシーの大幅な変更についてお客様へ伝えるよう努めています。前述の変更に同意できないお客様は、弊社の対象サービスの利用を直ちに中止して、弊社にて作成したアカウントを抹消する必要があります。

本プライバシーポリシーの最終更新日は、2015年02月17日です。"
"accept_terms_pp_title","プライバシーポリシー"
"accept_terms_tos_checkbox","上記に示された規約に同意します。"
"accept_terms_tos_text","Kingゲーム – SagaおよびVS.ゲームの利用規約
1 本規約について

1.1 本規約は、App Store、Google Play、Amazon Kindle、Windowsストアおよび／またはFacebookならびに弊社のゲームに関する関連サービスを通じて弊社が提供する弊社のゲーム（総称して以下、「対象ゲーム」）に関する法的契約で、マルタ共和国にて設立登記（商業登記番号: C42504）され、Aragon Business Centre Level 4, Dragonara Road, St Julians STJ3140, Maltaを所在地とするKing.com Limited（以下、「弊社」）とお客様（以下、「お客様」）の間で締結されるものです。お客様は、対象ゲームへアクセスした場合、または当該ゲームをプレイした場合、本規約および弊社のプライバシーポリシー（後述の第10項を参照）に同意したものとします。

1.2 お客様は、ご自身が13歳以上であり、また13歳から18歳までのお客様は、ご自身の保護者が、本規約を通読してその内容に同意しており、お客様が対象ゲームをプレイすることに納得していることについて認めるものとします。

^1.3 お客様は、about.king.com/consumer-terms にアクセスすることで、いつでも本規約へアクセスできます。弊社は、後述の第14項に従い、本規約の内容を随時変更できますが、この変更後も対象ゲームの利用を継続したお客様は、変更後の本規約に同意したこととなります。 弊社は、後述の第14項に従い、本規約の内容を随時変更できますが、この変更後も対象ゲームの利用を継続したお客様は、変更後の本規約に同意したこととなります。

弊社は、後述の第14項に従い、本規約の内容を随時変更できますが、この変更後も対象ゲームの利用を継続したお客様は、変更後の本規約に同意したこととなります。

^2 対象ゲームへのアクセスおよびプレイについて

2.1 各対象ゲーム内では、ゲームに固有の規則、得点計算規則、管理手法ならびに指針が適用される場合がありますが、これらの規則、手法ならびに指針は本規約の一部分となるため、お客様は、アクセスおよび／またはプレイすることを選択した各対象ゲームに適用される規則、手法ならびに指針に従う必要があることに同意するものとします。

2.2 対象ゲームをプレイするために必要となるインターネット接続料金および／または携帯電話料金はお客様が負担します。これらの料金に関する不明点については、プレイ前に携帯電話会社へお問い合わせください。

^2.3 弊社は、下記の場合、お客様に対していかなる責任も負うことなく1つ以上の対象ゲーム（全部または一部）の公開を中止するか当該ゲームを修正する権利を持ちます。

* 技術的な理由がある場合（弊社にてもしくはインターネット上で技術的な障害が生じた場合など）。
* ユーザーエクスペリエンスを高めるために必要な場合。
* 前述の中止もしくは修正を行う法的な理由がある場合（対象ゲームのコンテンツもしくは運営方法について、プライバシー保護もしくは他の法的な異議申立てが行われた場合を含む）。
* 弊社が、提供するサービスを変更した場合。

2.4 弊社は、定期的であるか予定外であるかを問わず、技術またはメンテナンス関連の理由により、対象ゲームまたはその一部分の提供を中止する場合もあります。

^3 アカウント

3.1 お客様は、必要なあらゆる対策を講じてご自身のログイン情報を保護して秘密にしておく必要があること、またご自身のログイン情報を第三者へ提供したり、ご自身のログイン情報またはアカウントの第三者による使用を認めたりしてはならないことについて同意するものとします。なお前述の「ログイン情報」または「アカウント」には、お客様が対象ゲームと連携させることができる何らかのソーシャルネットワークまたはプラットフォーム用のログイン情報またはアカウントが含まれます。

3.2 ご自身のログイン情報を秘密にしなかったか、ご自身のログイン情報またはアカウントを（意図的にまたは無意識に）第三者と共有したお客様は、その結果（不正な購入を含む）について全責任を負うこととなる他、その結果弊社が被る可能性のある損失または損害を完全に賠償することについて同意するものとします。

^3.3 弊社は、第三者が無断でお客様のアカウントへアクセスして対象ゲームをプレイしたことが原因でお客様が被った損失についていかなる責任も負いません。また、詐欺的な方法であるかその他の方法であるかを問わず、対象ゲームの無断利用に起因する損失または損害についても責任を負いません。

3.4 弊社は、180日間以上使用されなかったお客様のアカウントを削除する権利を留保します。弊社がアカウントを削除した場合、お客様は、それ以降、当該アカウントに関連付けられている仮想通貨および／または仮想商品（定義は後述）へのアクセスおよび利用ができなくなります。なおこの場合でも、お客様は、当該通貨および／または商品について返金を受けることはできません。

^3.5 お客様は、お客様か弊社のいずれかが本規約に従ってお客様のアカウントを削除した場合、お客様は、それ以前にお客様のアカウントと関連付けられたあらゆるデータ（お客様が弊社の対象ゲームにて獲得したレベルまたはスコアや、お客様のアカウントと関連付けられている仮想通貨または仮想商品を含みますが、これらに限定されません）へアクセスできなくなることについて理解しているものとします。

^4 仮想商品および仮想通貨

4.1 対象ゲームでは、コイン、ゴールドコインおよびポイントといった仮想通貨（以下、「仮想通貨」）やアイテムまたはサービス（以下、「仮想商品」）が使われる場合があります。18歳以上のお客様は、弊社から現金で仮想通貨を購入できます。また18歳を超えているお客様は、仮想商品を現金またはクレジットカードで購入することもできます。お客様は、仮想通貨および仮想商品を、弊社もしくは第三者が提供可能な現金、実世界の商品または実世界のサービスと交換することはできないこと、また仮想通貨および仮想商品は、第三者からではなく弊社からのみ取得することについて同意するものとします。

^4.2 仮想商品または仮想通貨を購入したお客様には、これらの所有権ではなく、私的な用途にのみこれらを利用することを許諾内容とする取消可能なライセンスが付与されます。なお仮想商品または仮想通貨の残高（未利用分）は、電子マネーの入金残高に相当するものではありません。

4.3 お客様は、弊社によるお客様への仮想通貨および仮想商品の販売はいずれも最終的な取引となるため、取引成立後に弊社から返金を受けることはできないことについて同意するものとします。なお欧州連合加盟諸国在住のお客様には、オンライン等での商品購入を取り消す権利がありますが、仮想通貨または仮想商品の利用に必要なライセンスを弊社から購入する場合、弊社は、お客様の購入手続完了後直ちにサービスを開始しますので、前述の取消権は、前述の購入手続が完了した時点で消滅する点にご注意ください。

^4.4 お客様が欧州連合加盟諸国に在住で、それが法律で求められている場合、またはお客様からの要請があった場合は、弊社はＶＡＴインボイスをご提供します。お客様は、これらのインボイスが電子形式で提供される可能性があることについて同意するものとします。

4.5 弊社は、お客様に対していかなる責任も負うことなく、仮想通貨もしくは仮想商品を管理、規制、変更または削除する権利を留保します。

4.6 第3.5項の規定を制限することなく、弊社が第7項に従ってお客様のアカウントについて利用停止または失効の措置を講じた場合、お客様は、取得した仮想通貨または仮想商品を失うこととなりますが、弊社は、この損失についていかなる賠償または返金も行いません。

^5 ユーザーの行為およびコンテンツ

5.1 お客様は、対象ゲームへのアクセス元となる場所にて適用される法律に準拠する必要があり、当該法律が、対象ゲームのプレイを制限または禁止している場合には、当該制限に従うか、必要に応じて対象ゲームへのアクセスおよび／もしくは対象ゲームのプレイを中止する必要があります。

5.2 お客様は、対象ゲームへのアクセスおよび／または対象ゲームのプレイに伴い弊社へ提供するあらゆる情報が、いかなる時点でも真正かつ正確で完全な情報であることを保証するものとします。

^5.3 お客様もしくは他のユーザーは、対象ゲームを通じて、各種情報、データ、ソフトウェア、音声、写真、画像、動画、タグまたは他のコンテンツ（以下、「対象コンテンツ」）を送信、アップロード、交換、転送または提供することができますが、その際お客様は、対象ゲームをプレイする際に送信するすべての対象コンテンツについては、公表目的の公開コンテンツであるか、私的に送信される非公開コンテンツであるかを問わず、当該対象コンテンツの送信者のみが単独で責任を負うこととなる（すなわち、お客様が対象ゲームを通じてアップロード、交換、転送または提供するすべての対象コンテンツについては、弊社ではなくお客様が全責任を負うこととなる）ことについて理解および同意する必要があります。

^5.4 お客様は、下記のいずれに該当する対象コンテンツもアップロード、交換、伝送または提供しないことについて同意するものとします。

* 違法な、有害な、迷惑な、中傷的な、名誉を毀損する、猥褻なもしくは不快なコンテンツであるか、合理的に考えればそのようなコンテンツとしてみなされる可能性があるコンテンツ。
* 第三者のプライバシーを侵害するコンテンツであるか、合理的に考えればそのようなコンテンツとしてみなされる可能性があるコンテンツ。
* 暴力行為、人種差別もしくは民族差別を煽り立てる可能性のあるコンテンツであるか、合理的に考えればそのようなコンテンツとしてみなされる可能性があるコンテンツ。
* お客様が、合法的に提供する権利を持っていないコンテンツ（内部情報、第三者へ帰属する情報もしくは秘密情報など）。
^* 第三者の知的財産権もしくは他の財産権を侵害するコンテンツ。
* 未承諾もしくは無断で行う広告、販促物の送付、「ジャンクメール」、「スパム」、「チェーンレター」、「ねずみ講」または他の形態の勧誘に該当するコンテンツ。あるいは
* 何らかのコンピュータソフトウェア、ハードウェアもしくは通信機器の機能を中断、破壊もしくは制限することを目的とするソフトウェアウイルス、または他のコンピュータコード、ファイルもしくはプログラムを含んでいるコンテンツ。

^5.5 お客様は、下記の行為を行わないことについて同意するものとします。

* 対象ゲームを利用して、第三者に損害を与えること、第三者を攻撃することもしくは第三者に嫌がらせすること。
* 対象ゲームをプレイするプラットフォーム1つにつき複数のアカウントを作成すること。
* 他の個人もしくは法人の電子メールアドレスを使って、弊社の対象ゲームをプレイするために必要なサインアップを行うこと。
* 詐欺的なもしくは不正な目的で対象ゲームを利用すること（いずれかの個人もしくは法人に成り済ますか、特定の個人、法人または対象ゲームと関係があるように偽ることを含みますが、これに限定されません）。
* お客様のIPアドレスもしくはお客様がアップロードする対象コンテンツの出所情報を偽ること、匿名化すること、または隠すこと。
^* 営利目的でもしくは業務用として、第三者を受益者として、または未承諾広告などの送付を目的に対象ゲームを利用すること。
* 対象ゲームから、財産権表示またはその他の所有権に関する情報を削除または修正すること。
* 対象ゲーム、または対象ゲームの提供元であるサーバーもしくはネットワークへ干渉する、またはこれらの稼働を中断させること。
* 対象ゲームの逆コンパイル、リバースエンジニアリング、逆アセンブルもしくはハッキングを試みるか、弊社の暗号化技術もしくはセキュリティ対策の無効化もしくは突破または弊社が伝送、処理または保存するデータの無効化もしくは突破を試みること。
^* 対象ゲームをプレイしている他者に関する情報（個人的なデータもしくは情報を含みますが、これらに限定されません）を「捕獲」、「取得」または収集すること（なおこれらの行為には、「ピクセルタグ」、Cookie、グラフィックスインターチェンジフォーマット（「gif」）ファイル、または「スパイウェア」もしくは「パッシブコレクションメカニズム（「pcm」）と呼ばれることもあるその他の類似の情報収集アイテムのアップロードが含まれます）。
* 弊社サイト上のアカウントまたは仮想通貨もしくは仮想商品が含まれているアカウントの一部分を販売もしくは譲渡する、または当該行為を試みること。
* 対象ゲームの通常の進行を妨げること、または対象ゲームのプレイ中かリアルタイム取引中における他のプレイヤーの公平な競争に悪影響を及ぼす可能性のある方法で活動すること
* 対象ゲームへの接続経路となるネットワークの要件もしくは規制に従わないこと。
^* 何らかの準拠法規に反する方法で対象ゲームを利用すること。
* 対象ゲームを利用して、（自動的な手法もしくはサードパーティ製ソフトウェアを使ってプレイするなどの方法により）他者を欺くか欺こうとすることもしくはこのような詐欺行為を支援すること、対象ゲームへのアクセスもしくは対象ゲームの要素を管理するための技術的な措置を回避すること、または合理的にはフェアプレイの精神もしくは本規約に反すると判断されるその他の行為を行うこと。あるいは
* 本規約が認めていない他の方法で対象ゲームを利用すること

上記のいずれかの行為を行っていると思われるプレイヤーを見かけた場合はreportabuse@support.king.com まで電子メールにてご連絡ください。

^5.6 弊社は、他者が対象ゲームへ投稿する対象コンテンツを管理しないため、当該対象コンテンツの正確性、完全性または品質について保証しません。お客様は、対象ゲームをプレイする場合、攻撃的、猥褻または不快な対象コンテンツに遭遇する可能性があることについて理解しているものとします。また弊社は、いかなる場合でも、対象コンテンツの誤りもしくは脱落、または対象ゲームを通じて投稿、メール送付、転送またはその他の手段で提供される対象コンテンツの利用に起因する損失もしくは損害を含み（これらに限定されません）、対象コンテンツについていかなる責任も負いません。

^5.7 弊社には、アップロードされた対象コンテンツが、本規約のいずれかの条項に反するコンテンツであるか、弊社もしくは対象ゲームの評判を下げる可能性のあるコンテンツであると単独かつ自由裁量で判断した場合、かかる対象コンテンツを対象ゲームから削除する権利を有します。また、弊社は本規約のいずれかの条項に反するコンテンツの一部またはすべてを監視する権利を有します。ただし、お客様は、弊社が必ずしも対象ゲームのプレイヤーが投稿した対象コンテンツを積極的に監視せずその義務も負わないことについて承知するものとします。

5.8 お客様と、対象ゲームの他のユーザーとの交流については、お客様のみが責任を負うこととします。

^6. 弊社の対象ゲームにおける対戦相手

6.1 弊社の対象ゲームの中には、他者と対戦できるものがあります。お客様は、（i）弊社がお客様のために選んだ相手と対戦するか、（ii）お客様が弊社の対象ゲームと連携させることを認めたプラットフォームまたはソーシャルネットワーク上の連絡先に登録されている相手と対戦することができます。また弊社の対象ゲームの中には、対戦相手となるお客様の友人を（電子メールアドレスなどを使って）検索できるものもあります。さらに弊社は、お客様が過去に対戦した相手の表示名を表示して、その相手と簡単に再戦できるようにすることもできます。

^6.2 弊社がお客様の対戦相手を選ぶ場合、弊社は、無作為に選ぶか、弊社が妥当だと判断した基準（例えば、お客様が過去に対象ゲームにて獲得したスコアまたはレベルなど）に沿って選ぶことができます。

6.3 他者と対戦できる弊社の対象ゲームへアクセスし、かつ／または当該ゲームをプレイしたお客様は、お客様の表示名、スコアおよび他の関連詳細情報が他のユーザーへ表示されることについて同意したこととなります。またお客様は、他のユーザーがお客様の電子メールアドレスを使ってお客様を検索できることについても理解し、これに同意するものとします。なお弊社は、お客様の表示名のみを公開し、電子メールアドレスは公開しないため、他のユーザーがお客様を検索するには、他のユーザー自身がお客様の電子メールアドレスを知っている必要があることにご注意ください。

^7 お客様による本規約への違反

7.1 弊社は、その合理的な判断により、お客様が本規約の重大な違反を犯した（軽微な違反を繰り返した場合を含む）と判断した場合、お客様による対象ゲームへのアクセスを一時的に禁止するか、対象ゲームへのアクセス権を失効させる権利（お客様のアカウントを削除する権利を含む）を持ちます。第5.4項または5.5項に反する行為（これに制限されません）は重大な違反に該当する可能性があります。

7.2 お客様は、ご自身の本規約に反する行為が原因で何らかの損失、損害、請求および経費負担が弊社へ及んだ場合、それに伴い必要となった賠償を法律に従って行うことについて同意するものとします。

^8 免責および放棄

8.1 弊社は、弊社またはその従業員もしくは代理人の過失に起因する死亡事故もしくは人身事故、弊社もしくはその代理人の詐欺行為に起因する損失もしくは損害、または法律に基づき責任を免れることができない他の事象について責任を負います。

8.2 任意の12ヵ月の期間中に生じたあらゆる損失または損害（第8.1項に規定の損失または損害を除く）については、弊社は、その合理的な判断により、弊社による過失または本規約に反する行為の結果として生じることが予想できた損失または損害についてのみ責任を負います。なおこの場合の責任額の上限は、お客様からの申請日を末日とする100日の期間中に弊社がお客様より払い受けた額となります。また前述の損失および損害は、お客様が本規約に同意した時点でお客様と弊社が予期できたものの場合、予想できた損失または損害となります。

^8.3 弊社は、下記の事象について責任を負いません。

* 弊社による本規約に反する行為もしくは過失が原因ではない損失もしくは損害
* お客様が本規約に同意した時点で、お客様と弊社が合理的に判断したとしても予想できなかった損失もしくは損害。なお前述の損害等には、予想できる損失から副次的に生じる損失が含まれます。また前述の損害等には、データの喪失、機会の喪失、サービス中断、コンピュータもしくは他のデバイスの故障または金銭的な損失も含まれる可能性があります。
* お客様による本規約のいずれかの条項に反する行為に起因する損失もしくは損害の拡大。あるいは
* 弊社の管理の範囲外で生じた、ウェブサイト、対象ゲームおよび／またはソーシャルメディアチャンネルにおける技術的な欠陥もしくは利用停止。

^8.4 弊社は、類似のゲームを提供している他の業者と同等の技能と配慮を駆使して対象ゲームを提供しますが、お客様は、対象ゲームにおいて問題が生じた場合または対象ゲームに満足できない場合にお客様が行使できる唯一の権利は対象ゲームの利用を中止する権利のみとなること、また弊社は、対象ゲームのプレイ中にお客様が遭遇する可能性のある中断またはエラーについていかなる責任も負わないことを承諾するものとします。

8.5 お客様が一般消費者として別途取得できる法定の権利は、本規約の影響を受けません。

^9 知的財産

9.1 お客様は、対象ゲーム（プレイヤーが投稿した、プレイヤーの所有物である対象コンテンツは除く）に付帯または関連するあらゆる著作権、商標権および他の知的財産権が弊社の所有物または被許諾物であることを認めるものとします。

9.2 弊社は、お客様が本規約に準拠している限り、本規約に従って対象ゲーム（関連するオブジェクトコードおよびソースコードは除く）へアクセスし、お客様自身の私的な用途にのみ対象ゲームを利用することを許諾内容とする、非独占的かつ譲渡不能で、私的かつ撤回可能な限定ライセンスをお客様へ付与します。なおお客様は、前述以外のいかなる用途にも対象ゲームを利用しないことに同意するものとします。

^9.3 お客様は、弊社から書面による事前承認を得ることなく、対象ゲームもしくはその一部分について、複製、配布、公開または派生著作物の製作を行うことはできません。

9.4 特に第9.3項の適用を限定することなく、お客様は、詐欺的な手法、または対象ゲームへのアクセスもしくは対象ゲームの要素を管理するための技術的な手法（仮想通貨および／または仮想商品へのアクセス手段を含みます）を、無償または有償に関わらず、利用可能にしてはなりません。

^9.5 対象ゲームを通じて（第5.3項に規定の方法で）対象コンテンツを投稿することで、お客様は、

* 投稿するために必要なあらゆる権限を有することを表明したこととなります。
* お客様へいかなる対価も支払うことなく、あらゆるメディア（既存のメディアであるか今後生み出されるメディアであるかを問いません）を用い、あらゆる目的で、お客様の投稿物を対象とする編集、脚色、公開、利用および派生著作物の製作を永続的に行うことができる権利を、弊社とそのグループ会社へ付与したこととなります。
* 対象コンテンツについて「著作者人格権」（投稿物の著作者として名前を表示する権利や、著作物が毀損されるような取扱いを拒む権利など）を取得する可能性のあることについて認め、当該著作者人格権の放棄に同意したこととなります。
^* お客様が弊社に投稿する対象コンテンツに付帯するお客様の権利を監視または保護する義務を弊社が負わないことに同意します。ただし、お客様の代理で弊社が（弊社の費用負担にて）法的措置を講じる場合など、弊社が希望する場合、当該コンテンツにおけるお客様の権利を行使する権利を弊社に付与するものとします。

9.6 お客様は、対象ゲームの他のプレイヤーに帰属する対象コンテンツについて、複製、配布、公開または派生著作物の製作を行ってはなりません。お客様の知的財産権を第三者がインターネット上で侵害していると判断される場合は、下記の情報を電子メールにてip-notice@king.comまでお送りください。

* 知的財産権の説明と、その侵害方法に関する情報。
* 侵害している素材が存在する場所の説明。
^* 客様の住所、電話番号および電子メールアドレス。
* （i）お客様が知的財産権を有する素材の第三者による争点となっている利用は認定された利用方法でないと善意に照らして考えている旨、および（ii）お客様が提供した情報は正確かつ的確な情報で、侵害されたとされる独占的な権利の所有者を代理する権限を有する旨を記した、偽証罪の適用を受ける宣誓供述書。
* 侵害されたとされる独占的な権利の所有者の代理として活動が認定されている個人／法人の手書署名または電子署名。

^10 プライバシー

10.1 弊社は、マルタ共和国のデータ保護規制機関に登録しています。

10.2 弊社は、弊社のプライバシーポリシーに従い、本規約に定められている方法でのみ、お客様の個人情報を収集、処理、利用および共有します。対象ゲームをプレイしたお客様は、弊社がかかる方法でお客様の個人情報を収集、処理、利用および共有することに同意したとみなされます。弊社のプライバシーポリシーに同意できないお客様は、対象ゲームへアクセスすること、および／または対象ゲームをプレイすることができません。

^10.3 弊社が収集できる個人情報には、お客様が対象ゲームとリンクさせることに同意し得るソーシャルネットワークのポリシーも適用されます。対象ゲームをプレイし、対象ゲームと特定のソーシャルネットワークとの連携に同意したお客様は、弊社が、当該ネットワークが弊社と共有できるお客様の電子メールアドレスや他の個人情報を使ってお客様個人を識別することを承諾したこととなります。またお客様は、前述のネットワーク上のお客様の連絡先に登録されている者がお客様を検索して、お客様とソーシャルプレイを楽しめるようにするための支援を行うのに必要な許諾も弊社へ付与するものとします。なお前述の識別は、お客様や、ソーシャルネットワーク上で対象ゲームをプレイする他者が、対象ゲームをより楽しめるようにするために行うものです。なお弊社による前述の処置に同意できないお客様は、ご自身が利用中のソーシャルネットワークと対象ゲームを連携させないでください。

^10.4 弊社は、お客様が対象ゲームをプレイするたびにCookieを使って特定の種類の情報を保存できます。Cookieは、弊社がお客様のコンピュータを識別しやすくするといった目的や、正しいユーザー名とパスワードを入力した者がお客様のアカウントへアクセスしているかどうかを確かめるといった目的で使われる場合があります。弊社によるCookieの用法の詳細は、弊社のプライバシーポリシーをご覧ください。

^11 リンク

弊社は、対象ゲーム内に、第三者のウェブサイトまたはサービスへのリンクを設けることができますが、お客様は、当該第三者が提供するコンテンツ、商品またはサービスについて弊社がいかなる約束および推薦も行わないことについて理解しているものとします。また弊社は、前述の第三者に起因するお客様の損失または損害についても責任を負いません。前述の第三者に関連して生じる費用の負担責任はお客様が負うこととなります。また前述の第三者へデータを提供するお客様は、第三者のプライバシーポリシー（存在する場合）に従ってデータを提供し、弊社のプライバシーポリシーが当該データに適用されないことについて理解しているものとします。

^12 本規約の譲渡

弊社は、お客様から同意を得なくても、本規約に基づく弊社の権利または義務のすべてまたは一部を第三者へ譲渡することを希望する場合があります。お客様は、お客様へ過度の不利益が及ばない場合に限り、弊社は前述の譲渡を行うことができることについて同意するものとします。なおお客様は、弊社から書面による事前承認を得ることなく、本規約に基づき弊社がお客様へ付与する権利を第三者へ譲渡できません。

^13 完全合意

本規約は、（第1項に定義されている）対象ゲームについてお客様と弊社が合意したすべての事項を含む唯一の法的文書であり、本規約の締結以前におけるお客様と弊社との間のあらゆる合意事項および了解事項に優先します。なおお客様が、他のプラットフォーム経由（弊社のウェブサイトまたは第三者のウェブサイトもしくはサービスウェブサイトなどで、対象ゲームのKakaoTalk版を含む）でも対象ゲームへアクセスするか対象ゲームをプレイする場合、当該対象ゲームには本規約とは異なる利用規約が適用されます。

^14 本規約の変更

お客様は、about.king.com/consumer-termsへアクセスすることでいつでも本規約を閲覧できます。

弊社は、前述のウェブサイトへ更新版を掲載するという方法でいつでも本規約を更新する権利を留保します。弊社は、弊社の商品もしくはサービスの内容を変更した場合、技術的なもしくは法的な理由がある場合、または業務上必要な事項を変更した場合に本規約を更新できます。お客様は、修正後の本規約に同意できない場合、対象ゲームへのアクセスおよび／または対象ゲームのプレイを直ちに停止する必要があることについて同意するものとします。

^15 可分性

本規約のいずれかの条項が、現地の適用法または管轄裁判所の判断に照らして無効または強制不能と判断された場合、当該条項は、当初の意図が可能な限り反映されるように適用法と矛盾しない方法で解釈され、本規約の残りの条項は有効性と強制可能性を維持するものとします。

16 弊社の権利放棄

弊社が、本規約に基づく何らかの権利を行使しなかった場合でも、当該権利を行使する権利を放棄したことにはなりません。なお弊社による権利放棄は、弊社の署名が記載されている書面をもって行われた場合に限り発効します。

^17 苦情および紛争の解決

大半の問題は、questions@support.king.comまでご連絡頂くことで素早く解決できます。

弊社がお客様の問題を解決できず、お客様が弊社に対する法的措置の提起を希望する場合、本規約は、英国イングランドの各法に準拠し、同法に従って解釈されることとなります。

^18 本規約に関するお問い合わせ

本規約または対象ゲームに関するお問い合わせは、電子メールにてquestions@support.king.comまでお寄せください。 本規約の最終更新日は、2013年10月11日です。

本規約の最終更新日は、2015年02月17日です。."
"accept_terms_tos_title","利用条件"
"allow_facebook_friends","友達と一緒にプレイするともっと楽しいよ！"
"best_value","お買得"
"birthday.modal_text","1周年を記念してアイテムをプレゼントするよ！"
"birthday.modal_title","一緒に祝おう！"
"button.allow","一緒にプレイ！"
"button.connect","接続"
"button.generic.buy","購入"
"button.logout","ログアウト"
"button.ok","OK"
"button_crosspromotion_go","GO"
"button_crosspromotion_ok","ダウンロード"
"button_download_update","すぐにアップデート"
"button_end_game","終了する"
"button_invite","友達を招待"
"button_play_now","今すぐプレイ！"
"button_play_on","プレイ再開"
"button_rate","レビューする"
"button_restore_purchases","復元"
"button_utility_logout_description","Facebookからログアウト"
"button_utility_restore_description","購入アイテムを復元"
"button_utility_restore_failed_description","購入アイテムを復元できませんでした"
"button_utility_restore_success_description","購入アイテムを復元しました！"
"buy_lives_button","ライフを回復する"
"candy_crush_synergy.modal.button","プレイ"
"candy_crush_synergy.modal.text","冒険はまだまだ続くよ！それまではキャンディークラッシュを楽しんでね！"
"candy_crush_synergy.modal.title","キャンディークラッシュ"
"castle.welcome_peasant","全レベルをクリアしてバブルガムヒルの頂点をめざそう！できるかな･･･Good Luck!!"
"castle.welcome_pending","おかえりなさい！プレゼントをもらうにはインターネットに接続してね！"
"castle.welcome_regent","おかえりなさい！まだまだあなたがキングだよ！"
"ccss_google_flash_deal_product_description","Google Playにて期間限定セール開催中！今すぐショップでスペシャルパックをチェックしてね！"
"collab_lock_modal_info","友達に手伝ってもらって先に進もう！"
"collab_lock_modal_time","次のエピソードに進めるまであと: {days}d:{hours}h:{minutes}m"
"collab_lock_modal_title","次のエピソードに進もう！"
"collab_unlocked_modal_info","さあ、次のエピソードに進もう！"
"collab_unlocked_modal_title","次のエピソードに進めるよ！"
"collaboration_ask_button","友達にお願いする"
"collaboration_text_1","友達が3人助けてくれたら冒険を続けられるよ"
"collaboration_text_2","急いでる？ゴールドを使うと今すぐ先に進めるよ。"
"collaboration_title","新しいレベルに進もう。"
"collaboration_unlock_button","今すぐ進もう"
"collaboration_unlocked_button","Let's go!"
"collaboration_unlocked_text","友達が助けてくれたよ！新しいレベルをプレイしよう"
"collaboration_unlocked_title","新しいレベルに進めるよ！"
"common.askfriends","友達にお願いする"
"common.connected","接続完了"
"common.connected.to.facebook","Facebookに接続しました"
"common.connecting","接続中…"
"common.connecting.to.facebook","Facebookに接続中…"
"common.disconnected","切断されました"
"common.disconnected.from.facebook","Facebookとの接続が切断されました"
"common.download","ダウンロード！"
"common.failed.to.connect","接続失敗"
"common.failed.to.connect.facebook","Facebookに接続できませんでした"
"common.getmorelives","ライフを手に入れよう！"
"common.getmorelivesdescription","友達にお願いしてライフを
手に入れよう"
"common.hard","ハード"
"common.highscore","ハイスコア"
"common.leaderboard","ランキング"
"common.levelN","レベル{level}"
"common.lives.full","MAX"
"common.no.internet.available","インターネットが使用できません"
"common.outoflives","ライフがなくなったよ！"
"common.outoflivesdescription","友達にライフをお願いするか購入しよう！"
"common.play","プレイ！"
"common.score","スコア:"
"common.sendtoall","みんなに送る"
"common.timetonextlife","次のライフまで:"
"common.unlimitedlifetime","残り時間："
"confirm_exit_app_button","終了する"
"confirm_exit_app_header","ゲームを終了"
"confirm_exit_app_text","ゲームを終了しますか？"
"confirm_exit_level_button","レベル終了"
"confirm_exit_level_text","レベルを終了しますか？"
"crosspromo.header","他のゲームもやってみよう！"
"discount","OFF"
"download_diorama_failed","接続に問題が発生したため、新しいマップをダウンロードできませんでした。後ほどお試しください。"
"download_diorama_failed.title","問題が発生しました"
"download_diorama_offline","インターネットに接続してから新しいマップをダウンロードしてください。"
"download_diorama_offline.title","オフラインです"
"download_diorama_wifi","Wi-Fiを利用せずにダウンロードして
よろしいですか？"
"download_diorama_wifi.title","マップをダウンロード"
"downloading_diorama","マップをダウンロード..."
"end_game_swipe.close_call.Bottle","ボトルが1本残っちゃったよ！"
"end_game_swipe.close_call.Bottle_pl","ボトルが{amount}本残っちゃったよ！"
"end_game_swipe.close_call.Bubblegum","バブルガムが1個残っちゃったよ！"
"end_game_swipe.close_call.Bubblegum_pl","バブルガムが{amount}個残っちゃったよ！"
"end_game_swipe.close_call.Chocolate","チョコレートが1個残っちゃったよ！"
"end_game_swipe.close_call.Chocolate_pl","チョコレートが{amount}個残っちゃったよ！"
"end_game_swipe.close_call.Genericbears","ベアが1匹残っちゃったよ！"
"end_game_swipe.close_call.Genericbears_pl","ベアが{amount}匹残っちゃったよ！"
"end_game_swipe.close_call.PaintBattle_pl","ジャムを塗っていない部分が{amount}残っちゃったよ！"
"end_game_swipe.close_call.SodaFizz","ボトルのフタが1個残っちゃったよ！"
"end_game_swipe.close_call.SodaFizz_pl","ボトルのフタをあと{amount}個集めてね！"
"end_game_swipe.close_call.generic","{amount}個残っちゃったよ！"
"end_game_swipe.close_call.title","ざんねん！"
"episode01.intro","キャンディータウンはとっても楽しいよ！ティフィーがいないとちょっとさみしいけどね。"
"episode01.outro","ティフィーはどこにいっちゃったのかな？"
"episode02.intro","ここ最近メッセージボトルを見てないな。もしかしたら見逃しちゃったのかも！"
"episode02.outro","ソーダに落ちたキャンディーベアを助けてあげたいんだ。"
"episode03.intro","ここはソーダの大海原じゃ…。おまえさんを見ていると小さなドーナツドラゴンだった頃を思い出すのう。"
"episode03.outro","この入り口からティフィーを助けにいこう。気を付けていくんじゃぞ。"
"episode04.intro","メッセージボトルを最近見ないわね。秘密を知るにはどうしたらいいのかしら？"
"episode04.outro","メッセージボトルを見つけたら
教えて！"
"episode05.intro","パーティで疲れて寝てたのに起こさないでよ！"
"episode05.outro","キャンディーファクトリーでパーティすると怒られるよ！"
"episode06.intro","降りていかないよ…。足がベトベトするのはイヤ…。"
"episode06.outro","ティフィーが走りまわっているのを見たかも…。"
"episode07.intro","おっと、ごめん。よだれが止まらなくて。キャンディーを集めていてさ。"
"episode07.outro","工場を再開してほしいんだ！ボスがいつも僕たちのためにオーダーしてくれていたケーキが食べたいよ。大好きだったんだ…"
"episode08.intro","あらお客さんね！まだまだ魔法のケーキメーカーでケーキを作れるわよ！"
"episode08.outro","最近注文が減ってしまったの。でもあなたがケーキ好きで安心したわ。"
"episode09.intro","キャンディーベアは泡の中で遊ぶのが好きなの。私も泡で遊びたいなぁ。"
"episode09.outro","ソーダやキャンディーベアはどこにだってあるんだから、もう工場で働きたいと思わないわ！"
"episode10.intro","誰かを探してる？"
"episode10.outro","ティフィーを探してるって？昨日だったか、見知らぬやつが探していたぜ！"
"episode11.intro","これまでのソーダ教授人生の中で一番の甘さじゃ。"
"episode11.outro","キャンディーファクトリーで何かあったんじゃないか？"
"episode12.intro","見かけない顔だね！できたてのグミがお目当てかな？ソーダのおかげで取り放題だよ！"
"episode12.outro","キャンディーファクトリーからソーダが流れ続けてくれれば、大記録が作れそう！"
"episode13.intro","あなたのせいでめちゃくちゃ...あら、この騒ぎのもとになった子に似てるわね。"
"episode13.outro","キャンディーファクトリーに入っていった女の子はやんちゃだったわ。まさかあなたも関係あるの？"
"episode14.intro","来てくれてよかった！リコリスのロープが切れちゃいそう。"
"episode14.outro","ティフィーに早く戻ってくるように伝えて！リコリスだけじゃどうにも出来ないよ！"
"episode15.intro","ムカシのステキなキャンディーファクトリーをアナタにもみせたかったデス…"
"episode15.outro","このチョウネクタイはワタシのオキニイリ。またティフィーにコワされるのだけはゴメンデス。"
"episode16.intro","ソーダはあふれてなんかないモス。フロッグ教授の言うことを信じちゃダメだモス！"
"episode16.outro","絶対に目は開けないモス！ボクが冷やしたキャンディーは溶けてなんかないんだモス！"
"episode17.intro","ソーダがこのままずっと湧き続けてくれたらいいのに！ドリンクバーみたい！！"
"episode17.outro","あなたおいしそうね！もっと近くにきて。ソーダのお話聞かせてあげるわ。"
"episode18.intro","まだティフィーを探してるのかい？あの子とは昔からの知り合いでな。"
"episode18.outro","お安いご用、私はランプの精だ。ティフィーのところに連れていこう。さあタイムスリップだ！"
"episode19.intro","ティフィーのおかげで私の城にシーホースがこれるようになったのだ。"
"episode19.outro","ティフィーにはきっと会える。だが、その前に気落ちしている工場長をなんとかせねば。"
"episode20.intro","ここはかつてキャンディー王国の中心部で、あらゆるキャンディーが作られていた。"
"episode20.outro","ああ、ティフィーの美味しいキャンディーが恋しい…。きっと戻ってきてくれるはず…"
"episode21.intro","ティフィーがいるぞ！どうやら張り切りすぎて、ロボットの蝶ネクタイを壊してしまったようだな。"
"episode21.outro","ソーダの海になっているな。ティフィーが頑張りすぎたからか･･･。そろそろ戻ろう。"
"episode22.intro","工場長が君がくるのを待っているよ！"
"episode22.outro","急いで！すごい怒ってるよ！・・・なんてね！ハハハ！"
"episode23.intro","バブルガムトロルがこっちへ行けって？一体何をたくらんでいるんだろう？"
"episode23.outro","僕が発掘している場所は気にしないで！でも工場長には気をつけてね。"
"episode24.intro","怒ってなんかないわ。ソーダは大好きだもの！スパのある人生って最高！"
"episode24.outro","工場が爆発しちゃったわ！キャンディーがどこから出てくるのか、入り口から確かめてみて！"
"episode25.intro","キャンディー王国のスイートな世界へようこそ。キャンディーが粉々になるけど気にしないでね。"
"episode25.outro","ティフィが工場を爆発させたとき、ソーダをこぼしちゃった。でもキャンディーは止まらず出てくるの！"
"episode26.intro","鏡の中の私さん、こんにちは！キャンディー王国の秘密を教えて！"
"episode26.outro","キャンディー王国はキャンディーでできているのね！でも、ティフィーは一体どこにいるのかしら？"
"episode27.intro","ここまでよく来たね。実はキャンディー王国にはまだ秘密があるんだよ。"
"episode27.outro","ティフィーも旅を続けているようだ。きみも急いで後を追ったほうがいいよ。"
"episode28.intro","この帽子とヒゲはきみのお姉さんからのプレゼントなんだ。"
"episode28.outro","もうすぐティフィーがここに戻ってきて自由にしてくれるはずなんだけど...。"
"episode29.intro","こんなにパーフェクトなキャンディーを見たことある？ボクは目が悪くてよく見えないんだけどね。"
"episode29.outro","昨日なんてキャンディーに噛みつかれたんだ。それともあれはアナグマだったのかなぁ。"
"episode30.intro","追加のゼリーは持ってきた？ショーがもうすぐ始まっちゃうわ。"
"episode30.outro","いつかステキな騎士が、たくさんのゼリーを持って私の前に現れるはず!"
"episode31.intro","話している時間はないわ！今、アート作品を作っているの。"
"episode31.outro","完成よ。1年しかかからなかったわ。残りの木はたったの3926本！"
"episode32.intro","ソーダの海の中で毎日何かを発見するんだ！今日はアイスを見つけたよ。"
"episode32.outro","キャンディーベアも海の中に遊びに来たことがあるよ。"
"episode33.intro","リラックスしてマシュマロを召し上がれ！"
"episode33.outro","しばらくここでリラックスしてたから、そろそろ休みが必要なんだ。おすすめはあるかい？"
"episode34.intro","これはこれは！何かお困りですかな、お嬢さん？"
"episode34.outro","そなたはあのキミーでは？ならば、我が輩の助けは不要であろうな..."
"episode35.intro","1人でシュガー砂漠を渡るだって？おやつも持ってないのに？"
"episode35.outro","ここから先に進むにはたくさんスイーツが必要だよ。君はスイーツみたいな子だからきっと大丈夫だね。"
"episode36.intro","ここはとっても居心地がいいんだ。でも、そろそろ冒険に出たいなあ。"
"episode36.outro","絵の具とポップコーンも持って行かなくちゃ！どんな旅になるかな？"
"episode37.intro","シュガーカーニバル　ルーレットにハズレなし！さあ、いらっしゃい！"
"episode37.outro","お嬢さん、ツイてるわね！この先もずっと幸運に恵まれますように！"
"episode38.intro","顔色が悪いって？大丈夫、乗り物のせいじゃないよ。いつもこうなんだ。"
"episode38.outro","たまには遊びにいきたいなあ。チケット係が休むわけにいかないけど。"
"episode39.intro","メリーゴーランドは大人気！いつまでも乗っていたくなるよ！キミもどう？"
"episode39.outro","ごめんよ、誰もおりたくないんだって...一年たったらまた来てくれるかい？"
"episode40.intro","おいしそうな木がいっぱい！！全部かじりたくなっちゃうよ！"
"episode40.outro","食べすぎちゃった！！叱られるかな...？"
"episode41.intro","最後に木の皮をいれればスイートポーションのできあがり！あら、どこへ置いたのかしら？"
"episode41.outro","木の皮を全部食べちゃうなんて、困ったビーバーさんね！代わりにゼリーを使おうかしら？"
"episode42.intro","ようこそ！わたしの甘い歌声に引きよせられたみたいね！"
"episode42.outro","私の歌が聞きたくなったら、またいらっしゃいね！"
"episode43.intro","散歩にはもってこいの日よりじゃのう。ジンジャーピッグも大喜びしとるわい！"
"episode43.outro","雪がまるで粉砂糖のようじゃ。ジンジャーピッグ、はしゃぎすぎてはいかんぞ！"
"episode44.intro","ああ、寒い！キャンディーでも燃やして温まりたいよ！"
"episode44.outro","冬はシュガー砂漠で過ごすにかぎるよね。どこにあるのか教えてくれる？"
"episode45.intro","静かに！キャンディーフィッシュが逃げちゃうよ！まだ1匹も釣れてないのに..."
"episode45.outro","キャンディーフィッシュはドーナツが大好物なんだ。そろそろ食いつくはずさ！"
"episode46.intro","どうだ、カンペキな隠れっぷりだろう！オイラの姿が見えるかな？"
"episode46.outro","こっそり魚をいただいて...あとは逃げるだけ！"
"episode47.intro","さあ、グミをどうぞ！おいしいキャンディーと知恵は人生の宝物だよ。"
"episode47.outro","私も長いこと東洋のキャンディー王国を旅していたんだよ。もう一度行きたいものだ！"
"episode48.intro","巣を踏まないでね！大切な卵が割れたらたいへんよ。"
"episode48.outro","もうすぐ赤ちゃんが出てくるはずよ。雲をフワフワにしてくれてありがとう！"
"episode49.intro","君の友達のティフィーに会ったよ。とっても親切な子だったなあ。"
"episode49.outro","宇宙からでも声は届くはずさ！あきらめないでティフィーを探すんだよ。"
"episode50.intro","ビスケットの匂いがするぞ！クンクン...どこにあるんだろう？"
"episode50.outro","こんなにおいしいビスケット、食べたことないよ！まあ、どんなビスケットもおいしいけどね。"
"episode51.intro","ムム...的が動いてるから狙いにくいなあ。"
"episode51.outro","たくさん練習して、立派なバレンタインバニーになるぞ！"
"episode52.intro","これは魔法じゃなくて武術なんだよ。よく見てて！"
"episode52.outro","これでお別れだね。古くから伝わるキャンディー武術を忘れないで！"
"episode53.intro","よく来てくれたね！さあマラカスを持って、パーティーを始めよう！"
"episode53.outro","もう行くの？またいつでも遊びにおいで、アミーゴ！"
"episode54.intro","ねえねえ！僕のたてがみって、この湖より輝いてると思わない？"
"episode54.outro","もし僕がバラだったら、きっと他のどのバラよりもきれいだろうね。"
"episode55.intro","足もとに気をつけてね。ベアはレンガで遊ぶのが好きなの。"
"episode55.outro","この道をずっと行けば探してる人に会えるわよ！さあ、元気を出して！"
"episode56.intro","これでもちゃんと仕事してるんだよ。鳥をおどかすのは得意じゃないけどね。"
"episode56.outro","鳥さんをおどろかすのは良くないよ！友達になろう！"
"episode57.intro","ねえ、このモンスターを追っ払ってくれない？"
"episode57.outro","チョウを怖がるなんておかしいかな？"
"episode58.intro","さっき郵便屋さんが君に手紙を持ってきたよ。"
"episode58.outro","郵便屋さんに会ったら、早く僕の部品を届けてって伝えてくれる？"
"episode59.intro","私の妹に会ったでしょう？顔は似ていないけれどね！"
"episode59.outro","私の妹を見なかった？まあどうしたの、困った顔をして..."
"episode60.intro","zzz…zzz…"
"episode60.mid","ワシの眠りを邪魔するのは誰じゃ？"
"episode60.outro","知っておるぞ、お前さんが何を探しているかは。妖精ではなく動物に助けを求めるのがよかろう。"
"episode61.intro","船旅にはバグパイプとソーダが欠かせないね！"
"episode61.outro","ワシの船を使うといい。向こうにあるぞ！"
"episode62.intro","ただの海賊船だと思ったら大間違い。これはキャンディー王国で一番りっぱな船なんですよ！"
"episode62.outro","甲板はそーっと歩いてちょうだいね。これ以上傷がついたら困るわ！"
"episode63.intro","ねえ、おやつをもっと持ってない？"
"episode63.outro","郵便屋さんがパイを届けてくれたんだ！ああ、おいしい！"
"episode64.intro","ソーダの海はステキなアクセサリーでいっぱいね！"
"episode64.outro","これ、お気に入りのハンドバッグなの。私に似合うでしょう？"
"episode65.intro","いらっしゃい！このホテルでは毎日パーティーだよ！"
"episode65.outro","サメはお断りさ...でも、陽気なお客さんは大歓迎だよ！"
"episode66.intro","ソーダアレルギーじゃなかったら、手紙の配達ももっとラクだろうなあ。"
"episode66.outro","ごめんね、くしゃみをしたら君宛ての手紙が飛んでっちゃった…。ほんとにごめん。"
"episode67.intro","ああ忙しい！洋服の注文がたくさん来てるっていうのに...クモの手でも借りたいよ！"
"episode67.outro","あのノッポさん、自分で衣装をデザインしてるんだって？ぴったりの服を考えてたのに、残念だよ。"
"episode68.intro","久しぶりに会えたね、キミー！旅の様子を聞かせておくれ！"
"episode68.outro","ティフィーにはしばらく会っていないんだ。君に手紙を送ったっていってたけどね。"
"episode69.intro","ふんわりとステップを踏むのよ...マシュマロみたいにね！"
"episode69.outro","ほら、ソーダみたいにはじけて！綿アメみたいに回って！"
"episode70.intro","さあ皆さん、お入りください！あれれ...どこに入ってもらうのかな･･･"
"episode70.outro","ショーをお楽しみください！あ、待って、オペラだったかな？"
"episode71.intro","あちこち探してみたけど、赤いリボンをつけたあの子が見つからないよ。どこに行ったのかな？"
"episode71.outro","待ちに待ったあの子と再会！でも気をつけて... フラフラと現れるクイーンに気をつけて！"
"episode72.intro","ブラボー！すばらしいショーだったよ！"
"episode72.outro","これだから舞台監督はやめられない。さて、次の仕事に行かなくちゃ！"
"episode73.intro","まあ、可愛らしいお嬢さん！木もおダンゴも、何もかも可愛らしいわ！"
"episode73.outro","お茶をめしあがってね！とっても甘くしておいたわ。"
"episode74.intro","お茶とお菓子をどうぞ！最高に甘～い抹茶ですよ！"
"episode74.outro","1杯で十分。飲み過ぎると眠れなくなっちゃうからね！"
"episode75.intro","スシくらいボクにも握れるさ...ちょっと時間がかかるけどね。"
"episode75.outro","サビ抜きでいい？カタツムリはワサビが苦手なんだ。"
"episode76.intro","にぎやかな森へようこそ！"
"episode76.outro","この森のことならなんでも知っているけど、ティフィーっていう子は来てないわねえ。"
"episode77.intro","ソーダをもらったから、こんなきれいな根になったのよ！"
"episode77.outro","皆さん、綿アメはいかが？ほらほら遠慮しないで！"
"episode78.intro","このドングリはボクが守ってみせる！カッコいいでしょ？木にも登れるんだよ。"
"episode78.outro","ドングリを守るべきか食べるべきか...それが問題だ！"
"episode79.intro","ほらほら、あんまり泳ぐとヒレが取れてしまうぞ！"
"episode79.outro","金魚鉢にいれば安全さ...サメにおそわれることもない！"
"episode80.intro","あなたによく似た女の子が、お馬さんたちをソーダまみれにしちゃったの！"
"episode80.outro","お馬さんたちを紹介するわね！あれがガムドロップで、むこうがカラメルソース...ちょっと、聞いてるの？"
"episode81.intro","たいへん！お魚をこぼしちゃった！お水をかけてあげれば大丈夫かしら？"
"episode81.outro","まさに水を得た魚...って感じ？"
"episode82.intro","ブンブンブン...ぼくはミツバチだよ！ハチミツ大好き！"
"episode82.outro","ねえミツバチさん、ぼくも巣に入れてよ！"
"episode83.intro","いつか世界一の画家になってみせるわ！"
"episode83.outro","ボンジュール！みんなの肖像画を描いたのよ。この中にお友達はいる？"
"episode84.intro","ティフィーなら...たしかボトルに入って海を渡っていったよ。"
"episode84.outro","あれは誰の手だ！？違った...ぼくの足だった。"
"episode_name_1","キャンディータウン"
"episode_name_10","キャンディーアイランド"
"episode_name_11","フロスティングフォレスト"
"episode_name_12","リコリスファーム"
"episode_name_13","シュガーコーブ"
"episode_name_14","キャンディーファクトリー"
"episode_name_15","ウエハースワークショップ"
"episode_name_16","ベタベタグレイシャー"
"episode_name_17","グレイズドエバーグレード"
"episode_name_18","パームシュガーオアシス"
"episode_name_19","ワタアメキャッスル"
"episode_name_2","ロリポップメドウ"
"episode_name_20","スイートピア"
"episode_name_21","ソーダスプラッシュ"
"episode_name_22","スティッキーホーム"
"episode_name_23","ジュジュジャングル"
"episode_name_24","ソーダリシャススパ"
"episode_name_25","キャロットケーキルーム"
"episode_name_26","マジックミラー"
"episode_name_27","ホイップマウンテン"
"episode_name_28","デリシャスデザート"
"episode_name_29","マシュマロマイン"
"episode_name_3","ソーダスプリング"
"episode_name_30","ゼリートロピカル"
"episode_name_31","グッディーガーデン"
"episode_name_32","アイスポッププール"
"episode_name_33","バタークリームバイユー"
"episode_name_34","チョコレートキャッスル"
"episode_name_35","ココナッツクリームミラージュ"
"episode_name_36","ガムドロップランド"
"episode_name_37","シュガーカーニバル　ルーレット"
"episode_name_38","ホーンテッド・リコリスライド"
"episode_name_39","キャラメルカルーセル"
"episode_name_4","ショートケーキショア"
"episode_name_40","フラップジャックフォレスト"
"episode_name_41","スティッキースイートケーブ"
"episode_name_42","ココナッツクリームシー"
"episode_name_43","ジンジャーブレッドフォレスト"
"episode_name_44","キャンディースロープ"
"episode_name_45","キャンディーフィッシングスポット"
"episode_name_46","ボンボンビーチ"
"episode_name_47","グミカンフー"
"episode_name_48","キャラメルクリームクラウド"
"episode_name_49","バブルガムスペクトル"
"episode_name_5","シュガーケーブ"
"episode_name_50","ペストリーランド"
"episode_name_51","レッドローズヴィラ"
"episode_name_52","シュガーテンプル"
"episode_name_53","サンバパーティー"
"episode_name_54","ローズラズベリーレイク"
"episode_name_55","キャンディーベアビレッジ"
"episode_name_56","デリシャスファーム"
"episode_name_57","ペパーミントタウン"
"episode_name_58","ソーダスプリングランド"
"episode_name_59","リコリスハウス"
"episode_name_6","チョコレートキャニオン"
"episode_name_60","エメラルドガーデン"
"episode_name_61","デリシャスハーバー"
"episode_name_62","デリシャスヨット"
"episode_name_63","ロッホ・パイ"
"episode_name_64","ソーダリシャスシー"
"episode_name_65","キャンディークラム"
"episode_name_66","スイートラグーン"
"episode_name_67","カラフルドレスルーム"
"episode_name_68","デリシャスラウンジ"
"episode_name_69","マシュマロバレエシアター"
"episode_name_7","ハニーガーデン"
"episode_name_70","スイートロビー"
"episode_name_71","バブルガムシアター"
"episode_name_72","テイスティーステージ"
"episode_name_73","ダンゴガーデン"
"episode_name_74","クリームセレモニー"
"episode_name_75","キャンディー・スシバー"
"episode_name_76","アイスクリームアイランド"
"episode_name_77","シャイニーフォレスト"
"episode_name_78","クリーミークリフ"
"episode_name_79","ピーチプレイグラウンド"
"episode_name_8","カップケーキコテージ"
"episode_name_80","ファンシーファーム"
"episode_name_81","ルクミレーン"
"episode_name_82","ハニーヒース"
"episode_name_83","シロップギャラリー"
"episode_name_84","フロスティングスパ"
"episode_name_9","ソーダコースト"
"event.doublefish.text","キャンディーフィッシュを使うたびに、フィッシュが2匹登場してキャンディーを食べるよ！"
"event.doublefish.title","ダブルキャンディーフィッシュ"
"event.greenlantern.info.button","協力する"
"event.greenlantern.info.text","KingはAppleとともにWWFの自然保護活動を応援します。4/24までショップではWWFロゴのついた商品を提供いたします。ご購入いただいた収益全額がWWFに寄付されます。"
"event.greenlantern.kotc.ended.description","現在Bamboo hillは閉鎖中です。"
"event.greenlantern.kotc.info.description","ライフ1つで5つのレベルをクリアして、Bamboo hillのキングになろう！これまでのキングから王座を奪って、プレゼントをもらおう！"
"event.greenlantern.kotc.title","Bamboo hill"
"event.greenlantern.offer.text","KingはAppleとともにWWFの自然保護活動を応援します。4/24まで、ショップでご購入いただいた収益全額がWWFに寄付されます。"
"event.greenlantern.purchaseresult.header","Thank you!"
"event.greenlantern.purchaseresult.text","自然保護活動にご協力いただきありがとうございます！"
"event.greenlantern.title","Apps for Earth"
"event.heroquest.kimmy.calculating.label","トーナメント閉鎖中"
"event.heroquest.kimmy.calculating.text","トーナメントで集めたフィッシュの数を計算しているよ。トップ10に入ったらプレゼントがもらえるよ！あと少し待っててね！"
"event.heroquest.kimmy.calculating.title","スコアを計算中"
"event.heroquest.kimmy.exit.button","魚釣りを続ける"
"event.heroquest.kimmy.exit.label","以後このメッセージを表示しない"
"event.heroquest.kimmy.exit.text","このレベルをクリアしないと、集めたフィッシュが消えちゃうよ。"
"event.heroquest.kimmy.exit.title","もうやめる？"
"event.heroquest.kimmy.gift.button","受け取る！"
"event.heroquest.kimmy.gift.item","ダブルキャンディーフィッシュ"
"event.heroquest.kimmy.gift.text","フィッシュを{qualifying_limit}匹集めたよ！
プレゼントをどうぞ！"
"event.heroquest.kimmy.gift.title","おめでとう！"
"event.heroquest.kimmy.info.button","挑戦する！"
"event.heroquest.kimmy.info.disclaimer","ヒント：一度クリアしたことがあるレベルでもフィッシュを集められるよ！"
"event.heroquest.kimmy.info.text","期間限定イベントに参加しよう！フィッシュを{qualifying_limit}匹集めるとステキなプレゼントをゲットできるよ。フィッシュはレベルをクリアしたときだけ集められるよ！"
"event.heroquest.kimmy.info.title","お魚を釣ろう！"
"event.heroquest.kimmy.mapicon.closed","閉鎖中"
"event.heroquest.kimmy.mapicon.highscore","トーナメント"
"event.heroquest.kimmy.reward.end.text","{rank}位になったよ！キミーのフィッシングトーナメントはこれでおしまい。次回をお楽しみに！"
"event.heroquest.kimmy.reward.end.title","やったね！"
"event.heroquest.kimmy.reward.won.button","受け取る"
"event.heroquest.kimmy.reward.won.text","プレゼントを受け取ってね！"
"event.heroquest.kimmy.reward.won.title","やったね！"
"event.heroquest.kimmy.starman.won.title","やったね！"
"event.heroquest.kimmy.toplist.text","フィッシングトーナメント！"
"event.heroquest.kimmy.unlock.button","続ける"
"event.heroquest.kimmy.unlock.disclaimer","ヒント：レベルをクリアするとフィッシュを集められるよ。"
"event.heroquest.kimmy.unlock.text","スペシャルイベントに参加できるよ。他のプレイヤーよりもたくさんフィッシュを集めて、豪華なプレゼントをゲットしよう！"
"event.heroquest.kimmy.unlock.title","フィッシングトーナメント！"
"event.heroquest.manager.calculating.label","コンテスト閉鎖中"
"event.heroquest.manager.calculating.text","コンテストで集めたキャンディーの数を数えているよ。上位に入ったらプレゼントがもらえるよ！あと少し待っててね！"
"event.heroquest.manager.calculating.title","スコアを計算中..."
"event.heroquest.manager.exit.button","ゲームを続ける"
"event.heroquest.manager.exit.label","今後このメッセージを表示しない"
"event.heroquest.manager.exit.text","クリアしないと、せっかく作ったストライプキャンディーが消えちゃうよ！"
"event.heroquest.manager.exit.title","終了しますか？"
"event.heroquest.manager.gift.button","Sweet!"
"event.heroquest.manager.gift.item","ストライプロリポップハンマー"
"event.heroquest.manager.gift.text","手伝ってくれてありがとう！お礼に工場長からのプレゼントを受け取ってね！"
"event.heroquest.manager.gift.title","やったね！"
"event.heroquest.manager.info.button","スタート！"
"event.heroquest.manager.info.disclaimer","ヒント：最後に到達したレベルでは、作ったストライプキャンディーの数が10倍になるよ！"
"event.heroquest.manager.info.text","工場長がキャンディーファクトリーに戻ってきたよ！ストライプキャンディーを{qualifying_limit}個作って、壊れた機械を直してあげてね！ステキなプレゼントがもらえるよ！"
"event.heroquest.manager.info.title","おかえりなさい！"
"event.heroquest.manager.mapicon.closed","閉鎖中"
"event.heroquest.manager.mapicon.highscore","コンテスト"
"event.heroquest.manager.reward.end.text","{rank}位だよ。次回のコンテストでは上位を目指してがんばってね！豪華なプレゼントも用意するよ！お楽しみに！"
"event.heroquest.manager.reward.end.title","次は頑張って！"
"event.heroquest.manager.reward.won.button","賞品をもらう"
"event.heroquest.manager.reward.won.text","上位に入ったよ！"
"event.heroquest.manager.reward.won.title","やったね！"
"event.heroquest.manager.toplist.text","コンテスト終了まで："
"event.heroquest.manager.unlock.button","OK！"
"event.heroquest.manager.unlock.disclaimer","ヒント：最後に到達したレベルでは、作ったストライプキャンディーの数が10倍になるよ！"
"event.heroquest.manager.unlock.text","工場長がびっくりしているよ！コンテストに参加して、もっと腕前を見せてほしいんだって。豪華なプレゼントももらえるかも！"
"event.heroquest.manager.unlock.title","ストライプキャンディーコンテスト"
"event.heroquest.starman.calculating.text","集めたスターの数を数えているよ。上位に入ったらプレゼントがもらえるよ！あと少し待っててね！"
"event.heroquest.starman.calculating.title","ただ今計算中..."
"event.heroquest.starman.exit.text","あきらめると、このレベルで集めたスターがなくなっちゃうよ！"
"event.heroquest.starman.exit.title","終了しますか？"
"event.heroquest.starman.gift.button","Sweet!"
"event.heroquest.starman.gift.text","アレンを助けてくれてありがとう！お礼にプレゼントを受け取ってね！"
"event.heroquest.starman.gift.title","やったね！"
"event.heroquest.starman.info.disclaimer","ヒント：最後に到達したレベルでは、作ったストライプキャンディーの数が10倍になるよ！"
"event.heroquest.starman.info.text","宇宙人のアレンがまた迷子になっちゃった！スターを{qualifying_limit}個集めてアレンに道を教えてあげてね。プレゼントももらえるよ！"
"event.heroquest.starman.info.title","ここはどこ？"
"event.heroquest.starman.mapicon.highscore","コンテスト"
"event.heroquest.starman.reward.end.title","次は頑張って！"
"event.heroquest.starman.reward.won.button","受け取る"
"event.heroquest.starman.reward.won.text","やったね！最後までたどり着けたよ！"
"event.heroquest.starman.reward.won.title","やったね！"
"event.heroquest.starman.unlock.button","START!"
"event.heroquest.starman.unlock.disclaimer","ヒント：スターにはボーナスポイントがつくよ。2個目のスターをゲットすると2ポイント、3個目をゲットすると3ポイント獲得できるよ！"
"event.heroquest.starman.unlock.text","アレンが道に迷っちゃったみたいだよ。「スターハント」コンテストに参加して、アレンが旅を続けられるようにしてあげてね。プレゼントもゲットできるチャンス！"
"event.heroquest.starman.unlock.title","スターハント"
"event.heroquest.starman.won.reward.button","受け取る"
"event.leagues.divine.bottom.text1","あなたの世界ランキング：{rank}"
"event.leagues.divine.bottom.text2","世界のトッププレイヤーを相手に大健闘したね！次回もがんばって！"
"event.leagues.divine.bottom.title","がんばったね！"
"event.leagues.divine.down.text","1つ下のリーグに降格しちゃったよ。プライムリーグに戻れるように次回のコンテストではがんばろう！"
"event.leagues.divine.intro.text","このコンテストでプライムリーグ1位を獲得すると、世界No1の「ソーダチャンピオン」に認定されるよ！"
"event.leagues.divine.top.text1","プライムリーグでみごと1位を獲得！世界No1の「ソーダチャンピオン」になったよ！"
"event.leagues.divine.top.text2","世界第2位を獲得！おめでとう！"
"event.leagues.divine.top.text3","世界第3位を獲得！おめでとう！"
"event.leagues.divine.top.title1","おめでとう！"
"event.leagues.divine.top.title2","すばらしい！"
"event.leagues.down.text","1つ下のリーグに降格しちゃったよ。元のリーグに戻れるように次回のコンテストではがんばろう！"
"event.leagues.down.title","残念..."
"event.leagues.info","上位に入ると上のリーグに昇格できるよ！順位が低いと、下のリーグに降格になっちゃうよ。"
"event.leagues.intro.button","挑戦する！"
"event.leagues.intro.title","コンテスト！"
"event.leagues.leaguename.0","バブル"
"event.leagues.leaguename.1","ブロンズ"
"event.leagues.leaguename.2","シルバー"
"event.leagues.leaguename.3","ゴールド"
"event.leagues.leaguename.4","エメラルド"
"event.leagues.leaguename.5","サファイア"
"event.leagues.leaguename.6","ダイヤモンド"
"event.leagues.leaguename.7","ロイヤル"
"event.leagues.leaguename.8","プライム"
"event.leagues.leaguename.league0","バブルリーグ"
"event.leagues.leaguename.league1","ブロンズリーグ"
"event.leagues.leaguename.league2","シルバーリーグ"
"event.leagues.leaguename.league3","ゴールドリーグ"
"event.leagues.leaguename.league4","エメラルドリーグ"
"event.leagues.leaguename.league5","サファイアリーグ"
"event.leagues.leaguename.league6","ダイヤモンドリーグ"
"event.leagues.leaguename.league7","ロイヤルリーグ"
"event.leagues.leaguename.league8","プライムリーグ"
"event.leagues.leaguename.locked","Coming Soon..."
"event.leagues.royal.down.text","1つ下のリーグに降格しちゃったよ。ロイヤルリーグに戻れるように次回のコンテストではがんばろう！"
"event.leagues.royal.intro.text","このコンテストでロイヤルリーグの上位になると、最上のプライムリーグに入れるよ！"
"event.leagues.royal.up.text","プライムリーグに入ったよ！世界トップレベルのプレイヤーたちと競い合おう！"
"event.leagues.royal.up.title","やったね！"
"event.leagues.up.text","1つ上のリーグに昇格したよ！次回のコンテストもがんばってね！"
"event.leagues.up.title","おめでとう！"
"event.treasurehunt.reward.reward_all_unlocked_text","最後のプレゼントだよ！
受け取ってね！"
"event.treasurehunt.reward.reward_locked_text","レベル{level}に進むとこのプレゼントがもらえるよ！"
"event.treasurehunt.reward.reward_unlocked_text","プレゼントをどうぞ！
やったね！"
"event.treasurehunt.reward.title","プレゼント: {reward_current}/{reward_count}"
"facebook_request_collaboration_help_message","冒険が進められないよ、助けて！"
"facebook_request_collaboration_help_title","友達に助けてもらおう！"
"facebook_send_help_accept_message","あふれんばかりのソーダを楽しもう！"
"facebook_send_help_accept_title","友達が助けてくれたよ！"
"facebook_send_life_scorelist_message","このライフを使って難しいレベルをクリアしてね！"
"facebook_send_life_scorelist_title","友達にライフを送る！"
"facebook_wmode_warning_message","ポーズ中です。開いているチャットウインドウを閉じてプレイを再開してください"
"feature.lc.day","DAY"
"feature.lc.missed.a.day","残念！ログインが1回空いちゃったよ！"
"feature.lc.msg.consecutive.firstday","明日もログインしてね。プレゼントが待ってるよ！"
"feature.lc.msg.consecutive.otherdays","毎日ログインしないと最初からやり直しになっちゃうよ。"
"feature.lc.msg.nonconsecutive","毎日ログインしてアイテムをゲットしよう！"
"feature.lc.stamp.received","Collected!"
"feature.lc.stamp.tomorrow","Next！"
"feature.lc.start.over","やり直す"
"feature.lc.title","デイリーボーナス"
"friend_selector.all_friends","全ての友達"
"friend_selector.soda_friends","ソーダフレンド"
"game_end_reason.BubbleGum.out_of_moves.content","バブルガムが残っちゃった！"
"game_end_reason.BubbleGum.out_of_moves.title","もう移動できないよ。"
"game_end_reason.BubbleGum.win.content","やったね！"
"game_end_reason.BubbleGum.win.title","Gumtastic!"
"game_end_reason.ChocolateNemesis.out_of_moves.content","チョコレートが残っちゃった！"
"game_end_reason.ChocolateNemesis.out_of_moves.title","もう移動できないよ。"
"game_end_reason.ChocolateNemesis.win.content","やったね！"
"game_end_reason.ChocolateNemesis.win.title","Chocotastic!"
"game_end_reason.FloatingNutsMode.out_of_moves.content","ベアを助けられなかったよ。"
"game_end_reason.FloatingNutsMode.out_of_moves.title","もう移動できないよ。"
"game_end_reason.FloatingNutsMode.win.content","やったね！"
"game_end_reason.FloatingNutsMode.win.title","Soda pop!"
"game_end_reason.GiantBears.out_of_moves.content","ベアが残っちゃったよ。"
"game_end_reason.GiantBears.out_of_moves.title","もう移動できないよ。"
"game_end_reason.GiantBears.win.content","やったね！"
"game_end_reason.GiantBears.win.title","Sodalicious!"
"game_end_reason.Honey.out_of_moves.content","ベアを助けられなかったよ。"
"game_end_reason.Honey.out_of_moves.title","もう移動できないよ。"
"game_end_reason.Honey.win.content","やったね！"
"game_end_reason.PaintBattleMode.out_of_moves.content","ざんねん！"
"game_end_reason.PaintBattleMode.out_of_moves.title","もう移動できないよ。"
"game_end_reason.PaintBattleMode.win.content","やったね！"
"game_end_reason.SodaFizz.out_of_moves.content","ボトルのフタを全部集められなかったよ。"
"game_end_reason.SodaFizz.out_of_moves.title","もう移動できないよ。"
"game_end_reason.SodaFizz.win.content","やったね！"
"game_end_reason.SodaFizz.win.title","Fizzy pop!"
"game_end_reason.SodaToTheBrim.out_of_moves.content","ボトルが残っちゃったよ！"
"game_end_reason.SodaToTheBrim.out_of_moves.title","もう移動できないよ。"
"game_end_reason.SodaToTheBrim.win.content","やったね！"
"game_end_reason.SodaToTheBrim.win.title","Soda splash!"
"game_end_reason.bubble_gum.win.content","やったね！"
"game_end_reason.bubble_gum.win.title","Stickylicious!"
"game_end_reason.cookie_batter.out_of_moves.content","ざんねん！"
"game_end_reason.cookie_batter.out_of_moves.title","もう移動できないよ。"
"game_end_reason.digger.out_of_moves.content","ざんねん！"
"game_end_reason.digger.out_of_moves.title","もう移動できないよ。"
"game_end_reason.digger.win.content","やったね！"
"game_end_reason.digger.win.title","やったね！"
"game_end_reason.generic.cheater.content","Great job!"
"game_end_reason.generic.cheater.title","カンニングしたよ。"
"game_end_reason.generic.no_possible_moves.content","これ以上マッチさせることができないよ。"
"game_end_reason.generic.no_possible_moves.title","もう移動できないよ。"
"game_end_reason.generic.quit.content","終了ボタンを押したよ"
"game_end_reason.generic.quit.title","あきらめちゃった！"
"game_end_reason.marching.out_of_moves.content","ざんねん！"
"game_end_reason.marching.out_of_moves.title","もう移動できないよ。"
"game_end_reason.marching.reached_target.content","やったね！"
"game_end_reason.marching.reached_target.title","ざんねん！"
"game_end_reason.marching.win.content","やったね！"
"game_end_reason.marching.win.title","やったね！"
"game_end_reason.out_of_moves.content","移動回数がなくなっちゃったよ。"
"game_end_reason.out_of_moves.title","もう移動できないよ。"
"game_end_reason.paint_battle.out_of_moves.content","ざんねん！"
"game_end_reason.paint_battle.out_of_moves.title","もう移動できないよ。"
"game_end_reason.painting_battle.win.content","やったね！"
"game_end_reason.painting_battle.win.title","やったね！"
"game_swipe_end_almost_there","おしい！"
"game_swipe_end_continue_button_text","プレイ再開"
"game_swipe_end_end_button_text","リトライ"
"game_swipe_end_level_complete","Sodalicious!"
"game_swipe_end_lose_header_reason_bear_not_saved","ざんねん！"
"game_swipe_end_lose_header_reason_free_bears","ざんねん！"
"game_swipe_end_no_more_moves","もう移動できないよ。"
"game_swipe_end_win_header_better_score","ベストスコア: {0}"
"game_swipe_end_win_header_new_highscore","ハイスコア更新！"
"gamemode.bubblegum.instructions","バブルガムを
全部消そう！"
"gamemode.bubblegum.name.short","Bubblegum"
"gamemode.chocolate.instructions","チョコレートを
全部消そう！"
"gamemode.chocolatenemesis.name.short","Chocolate"
"gamemode.floating_bear.instructions","ラインの上までベアを移動させよう！"
"gamemode.floating_bear.instructions_pl","ラインの上まで
ベアを移動させよう！"
"gamemode.floating_bear.name.short","Bubble"
"gamemode.floating_bear_no_bottles.instructions","ベアを助けよう！"
"gamemode.giant_bears.instructions","ベアを探そう！"
"gamemode.giantbears.name.short","Frosting"
"gamemode.honey.instructions","ハニーの中から
ベアを見つけよう！"
"gamemode.honey.name.short","Honey"
"gamemode.jam.instructions","一面にジャムを塗ろう！"
"gamemode.paint_battle.instructions","一面にジャムを塗ろう！"
"gamemode.paint_battle.name.short","Jam"
"gamemode.soda_to_the_brim.instructions","ボトルを割ろう！"
"gamemode.soda_to_the_brim.name.short","Soda"
"gamemode.sodafizz.instructions","ボトルのフタを集めよう！"
"gamemode.sodafizz.name.short","Fizz"
"generic_button_continue","続ける"
"generic_button_next","次へ"
"generic_friend_name","友達"
"generic_loader_loading","ロード中…"
"generic_popup_button_retry","リトライ"
"generic_popup_info_contact_failed","ソーダポップショップは混み合っています。後ほどお試しください。"
"generic_popup_info_loading","ソーダポップショップ"
"generic_popup_info_purchase_inprogress1","キャンディーを送っています…"
"generic_popup_info_purchase_inprogress2","App Storeを起動しています…"
"generic_popup_info_purchase_inprogress2_play_store","Google Playストアを起動しています…"
"gift_success_text","今すぐ使ってみよう！"
"gifts_received","ギフトをもらったよ!"
"go_to_candy_crush_button","プレイ"
"go_to_candy_crush_jelly_button","プレイ"
"go_to_candy_crush_jelly_text","新しいキャンディーゲーム！キャンディークラッシュゼリー！"
"go_to_candy_crush_text","キャンディー
クラッシュを
プレイして
キャンディー王国を
もっと楽しもう！"
"goldbar_shop_title","ゴールドを購入"
"goodies_redeemed","アイテムをもらったよ"
"google_birthday","今日はGoogleの誕生日！"
"hard_loader_caption","Hard Level"
"in_game.buy_booster.info.extra_moves","追加の移動回数+5を手に入れよう！"
"in_game.buy_booster.info.lollypop_hammer","どんなキャンディーも粉々に！"
"in_game.buy_booster.title","アイテムを購入"
"ingame.locked_booster.info.all","ソーダをあふれさせてこのアイテムをゲットしよう！"
"ingame.tutorial.bottles_soda","ボトルを割ろう！"
"ingame.tutorial.candy_string","ラインの上までベアを移動させよう！"
"ingame.tutorial.fizz_part_1","ソーダの中でキャンディーをマッチさせて泡を出そう"
"ingame.tutorial.fizz_part_2","キャンディーと泡をマッチさせると泡が増えるよ"
"ingame.tutorial.fizz_part_3","6つの泡を連鎖して作るとボトルのフタがゲットできるよ"
"ingame.tutorial.ice_crush","氷を壊してベアを探そう！"
"ingame.tutorial.jam_spread_by_match","キャンディーをマッチさせてジャムを塗ろう！"
"ingame.tutorial.lollicross_hammer","ストライプロリポップハンマー
で四方向に消そう！"
"ingame.tutorial.lollipop","ロリポップハンマーを使ってキャンディーを壊そう！"
"ingame.tutorial.match_2x2","キャンディーを4個四角形に
マッチさせるとキャンディ－
フィッシュに変身！"
"ingame.tutorial.match_three","同じ色のキャンディーを3個マッチさせよう！"
"ingame.tutorial.remove_chocolate","チョコレートのとなりでキャンディーをマッチさせよう！"
"ingame.tutorial.rise_bear","ベアの上でキャンディーを
マッチさせよう！"
"ingame.tutorial.sidekick_cyan_1","水色キャンディーをマッチさせて、タートルに食べさせよう！"
"ingame.tutorial.sidekick_cyan_2","タートルを選んでキャンディーを1個選択すると、同じ色のキャンディーが消えるよ"
"ingame_ui_sign_score","スコア:"
"ingame_ui_sign_scr","スコア:"
"interstitial_invite_text","今すぐ友達を招待して一緒に遊ぼう！"
"interstitial_invite_title","友達を招待！"
"interstitial_sendlife_text","ライフを送って友達を助けよう。"
"interstitial_sendlife_title","ライフを送る！"
"kingdom_modal_registration_1","すごい！ニックネームを教えて！"
"kingdom_modal_registration_2","友達になろう！ニックネームを教えて！"
"kingdom_modal_registration_no","そっか、でももし変えたくなったらこのアイコンをさがしてね！"
"kingdom_modal_registration_ok","やったね{name}！ニックネームやアバターを変えたいときは、このアイコンをさがしてね！"
"kingdom_modal_registration_ok_1","ニックネームやアバターを変えたいときは、このアイコンをさがしてね！"
"kingdom_modal_registration_your_name","あなたのニックネーム"
"kingdom_registration_3","すごい！ニックネームを教えて！"
"kingdom_registration_nag","一緒にプレイしよう！ニックネームを教えてくれない？"
"koc.dethroned.claimprize","キングの座を奪われちゃったよ。。賞品を受け取ろう！"
"korea_legal_bank_link","-"
"kotc.bonus","ボーナス"
"kotc.bubblegum.troll","バブルガムトロル"
"kotc.collectBonus","受け取る"
"kotc.collectReward","受け取る"
"kotc.crownIsYours","あなたがキングだよ！"
"kotc.didntCaptureCrown","最後までたどりつけなかったよ！"
"kotc.ended.description","現在バブルガムヒルは閉鎖中です。"
"kotc.ended.text","閉鎖中"
"kotc.exit","戻る"
"kotc.hours.short","{hours}時間"
"kotc.info.button","挑戦する"
"kotc.info.description","ライフ1つで5つのレベルをクリアして、バブルガムヒルのキングになろう！これまでのキングから王座を奪って、プレゼントをもらおう！"
"kotc.levelLeft","残り{levelsLeft}レベル！"
"kotc.levelsLeft","残り{levelsLeft}レベル！"
"kotc.minutes.short","{minutes}分"
"kotc.newKing","新しいキング！"
"kotc.newKing.desc","{name}さんが新しいキングになったよ！"
"kotc.offline.button","OK！"
"kotc.offline.description","プレゼントを受け取るにはインターネットに接続してください。"
"kotc.offline.title","オフラインです！"
"kotc.pregame.description","キングになったあなたへプレゼント！キングの座に君臨している時間が長ければ長いほど、ボーナスも増えるよ！"
"kotc.pregame.title","ロイヤルトレジャー！"
"kotc.previous_king_bar.title","これまでのキング"
"kotc.recapture","もう一度キングになる！"
"kotc.title","バブルガムヒル"
"kotc.tooBad","残念！"
"kotc.tryAgain","もう一度挑戦しよう！"
"kotc.unlimitedLives","無限ライフ"
"kotc.visitKimmy.button","プレイする！"
"kotc.visitKimmy.description","ロイヤルボーナスをもらえる間にたくさんプレイしよう！"
"kotc.visitKimmy.title","遊びに来てね！"
"kotc.yourBonus","ロイヤルボーナス"
"kotc.yourBonus.desc","キングの座に君臨している間はゴールドがどんどん手に入るよ！"
"kotc.yourReward","プレゼントをどうぞ！"
"level","レベル"
"main_menu_push_notifications","プッシュ通知"
"main_menu_settings_link_customer_care","カスタマーサポート"
"main_menu_settings_link_faq","FAQ"
"main_menu_settings_link_privacy_policy","プライバシーポリシー"
"main_menu_settings_link_terms_of_service","利用条件"
"manual_share_episode_complete_description","一緒に冒険できるといいな。これを使って早くここまで来てね！"
"manual_share_episode_complete_link","{0}をクリア！"
"manual_share_episode_complete_title","{0}のソーダレベルを全てクリア！"
"manual_share_friend_beaten_description","追いつけ追い越せ！一緒に冒険を続けよう！"
"manual_share_friend_beaten_link","追いつこう！"
"manual_share_friend_beaten_title","追い越したよ。"
"manual_share_friend_passed_description","追い越したよ！"
"manual_share_friend_passed_link","追いつこう！"
"manual_share_friend_passed_title","追い越した友達"
"manual_shares_general_link","キャンディーソーダを今すぐプレイ"
"memories_attempt_left","回トライできるよ"
"memories_attempts","トライ数"
"memories_attempts_left","回トライできるよ"
"memories_attempts_tap","タップして続ける"
"memories_button_reveal","見る"
"memories_splash_text_postgame","ピースをゲットしたよ！"
"memories_splash_text_pregame","クリアして思い出のピースを手に入れよう！"
"memories_tab_title","アルバム"
"memories_title_pic_01","おうちが一番！"
"memories_title_pic_02","プールでのんびり"
"memories_title_pic_03","ステキ！"
"memories_title_pic_04","リラックスタイム"
"memories_title_pic_05","トロルのバケーション"
"memories_title_pic_06","がんばれ、イエティ！"
"message_center.button.give_life","同意する"
"message_center.button.received_collaboration","OK"
"message_center.button.send_life","送る"
"message_center.life_request.multi.title","{friend_name}と{friend_count}人の友達がライフを必要としているよ！"
"message_center.life_request.single.title","{friend_name}が助けを必要としているよ。ライフを送ってあげる？"
"message_center.life_request.two.title","{friend_name}ともう1人の友達がライフを必要としているよ！"
"message_center.received_collaboration.multi.title","{friend_name}と{friend_count}人の友達が{episode}に進むのを手伝ってくれたよ！"
"message_center.received_collaboration.single.title","{friend_name}が{episode}に進むのを手伝ってくれたよ！"
"message_center.received_collaboration.two.title","{friend_name}ともう1人の友達が{episode}に進むのを手伝ってくれたよ！"
"message_center.received_life.multi.title","{friend_name}と{friend_count}人の友達からライフをもらったよ！"
"message_center.received_life.single.title","{friend_name}からライフをもらったよ！"
"message_center.received_life.two.title","{friend_name}ともう1人の友達からライフをもらったよ！"
"message_center.request_collaboration.multi.title","{friend_name}と{friend_count}人の友達が{episode}に進むのを手伝ってほしいって言ってるよ！"
"message_center.request_collaboration.single.title","{friend_name}が{episode}に進むのを手伝ってほしいって言ってるよ！"
"message_center.request_collaboration.two.title","{friend_name}ともう1人の友達が{episode}に進むのを手伝ってほしいって言ってるよ！"
"message_center.timed_collab_unlock.title","{episode}に進めるようになったよ！"
"most_popular","一番人気"
"no_connection_title","接続できませんでした！"
"no_internet_access","インターネットに接続できま
せん。後ほどお試しください。"
"notification_all_progress_synchronized","進行状況を同期しました！"
"notification_contacting_store_failure","混雑しています。後ほどお試しください。"
"notification_contacting_store_success","ストアに接続完了！"
"notification_facebook_successfully_disconnected","正常に切断されました。"
"notification_jailbroken_devices_not_supported","お使いの端末に問題が発生している可能性があります。"
"opengraph_story_accomplish_a_combo_message_1","新記録かも！"
"opengraph_story_accomplish_a_combo_message_2","コンボでシュガーハイ！"
"opengraph_story_booster_unlocked_extra_moves_description","移動回数は足りてる？追加の移動回数+5を購入してもっと楽しもう！"
"opengraph_story_booster_unlocked_extra_moves_title","追加の移動回数+5"
"opengraph_story_booster_unlocked_lollypop_hammer_description","ロリポップハンマーがあれば好きなところを壊せるよ！使ってみよう！"
"opengraph_story_booster_unlocked_lollypop_hammer_title","ロリポップハンマー"
"opengraph_story_booster_unlocked_message_1","もっとソーダパワーが使えるようになったよ！"
"opengraph_story_booster_unlocked_message_2","勝利を導くアイテムの音色がきこえるかい？"
"opengraph_story_booster_unlocked_message_3","このアイテムを使えばどんなに邪魔なキャンディーも大丈夫！"
"opengraph_story_episode_discovered_description","キャンディー王国って広いよね。次のエピソードに進めるように手伝って！"
"opengraph_story_ingame_button_add_message","メッセージを追加"
"opengraph_story_level_mastered_message_1","レベル{0}は難しいよ。何度もトライしているんだけど。"
"opengraph_story_level_mastered_message_2","このレベルで星を3つとったよ！"
"opengraph_story_level_passed_message_1","やったね！"
"opengraph_story_level_passed_message_2","このレベルは私みたいな小さな女の子には難しすぎるわ！"
"opengraph_story_level_passed_message_3","ボトルを割るのは任せて！"
"opengraph_story_level_passed_title","レベル{number}をクリア！"
"play_on_ads_egp_desc","追加の移動回数＋{min_moves}-{max_moves}をゲットしよう！"
"play_on_egp_desc","移動回数＋{moves}"
"play_on_pegp_desc","このレベルに{days}日間、移動回数＋{moves}を追加するよ"
"play_with_facebook_friends","Facebookに接続して友達とプレイしよう！"
"popular","人気アイテム"
"popup.intro.button","探しにいこう！"
"popup.intro.description","キャンディー王国へようこそ！
ここから物語は始まる…

なぜティフィーから連絡がないのか？

ソーダはどこから湧いてきたのか？

いったい何が起こっているんだろう…"
"popup_booster_unlocked_extra_moves_booster_description","ソーダをあふれさせると追加の移動回数+5がもらえるよ！"
"popup_booster_unlocked_extra_moves_booster_name","追加の移動回数"
"popup_booster_unlocked_lollypophammer_booster_description","邪魔なキャンディーを壊そう！"
"popup_booster_unlocked_lollypophammer_booster_name","ロリポップハンマー"
"popup_collaboration_lock_description","友達に手伝ってもらって先に進もう！"
"popup_collaboration_lock_timer_day","日"
"popup_collaboration_lock_timer_days","日"
"popup_collaboration_lock_timer_description","ロックが解除されるまで:"
"popup_collaboration_lock_timer_hour","時間"
"popup_collaboration_lock_timer_hours","時間"
"popup_collaboration_lock_timer_minute","分"
"popup_collaboration_lock_timer_minutes","分"
"popup_collaboration_panel_button_buy","ロック解除"
"popup_collaboration_received_header","友達が助けてくれたよ！"
"popup_collaboration_received_message","{friendname}が助けてくれたよ！さあ、冒険を続けよう！"
"popup_facebook_connect_cancel_description","Facebookへの接続をキャンセルしました。"
"popup_facebook_connect_cancel_title","キャンセルしました"
"popup_facebook_connect_connecting_description","Facebookに接続中…"
"popup_facebook_connect_connecting_title","接続中…"
"popup_facebook_connect_failed_description","後ほどお試しください。"
"popup_facebook_connect_failed_title","Facebookに接続できませんでした。"
"popup_facebook_connect_no_network_description","インターネットに接続できません。後ほどお試しください。"
"popup_facebook_connect_no_network_title","接続できません"
"popup_facebook_connect_success_description","進行状況がアカウントと同期されました！"
"popup_facebook_connect_success_title","Facebookに接続しました。"
"popup_facebook_expired_description","Facebookに再度ログインして続ける！"
"popup_facebook_failed_access_description","Facebookにアクセスできません。設定をお確かめください。"
"popup_facebook_reset_description","進行状況が消去されます！よろしいですか？"
"popup_facebook_reset_title","リセット"
"popup_facebook_sendlives_failed_description","友達がライフを受け取れませんでした！"
"popup_facebook_sendlives_failed_title","ライフを送れませんでした。"
"popup_facebook_unlockrequest_failed_description","次に進むリクエストに応じることができませんでした。"
"popup_facebook_unlockrequest_failed_title","友達を助けることができませんでした。"
"popup_game_over_loss_button_retry","リトライ"
"popup_game_start_boosters","アイテム"
"popup_game_start_extra_moves_booster_description","ソーダをあふれさせると追加の移動回数+5がもらえるよ！"
"popup_game_start_extra_moves_booster_name","追加の移動回数"
"popup_game_start_level","レベル{level}"
"popup_game_start_next_target","目標: {target}"
"popup_game_start_select_boosters","アイテムを選択"
"popup_game_start_task_title","目標"
"popup_highscore_connect_facebook_prompt","友達より先に進んでいるかな？Facebookに接続して友達の状況をチェックしたり自分の進行状況をセーブしよう！"
"popup_invite_menu_button_select_all","全て選択"
"popup_invite_menu_description","キャンディー王国を友達と一緒に探検しよう！招待はこちら:"
"popup_invite_menu_title","友達を招待"
"popup_king_failed_access_description","現在Kingdomにアクセスできません。後ほどお試しください。"
"popup_life_received_title","プレゼントをもらったよ！"
"popup_logout_facebook_message","Facebookに再接続して続ける！"
"popup_logout_facebook_title","ログアウト"
"popup_minishop_purchase_cancelled","購入がキャンセルされました！"
"popup_minishop_purchase_failed","購入できませんでした"
"popup_minishop_purchase_inprogress","購入処理を行っています…"
"popup_minishop_purchase_not_done","購入を完了できませんでした。"
"popup_minishop_purchase_succeded","購入完了！"
"popup_minishop_purchased_HC","さらにゴールド{GoldBars}本！"
"popup_notification_central_header","メッセージ"
"popup_notification_central_life_request_message","{friend_name}がライフをおねがいしているよ！"
"popup_notification_central_message_count","{num_messages}通のメッセージ"
"popup_notification_central_message_description","友達はどこまで進んでるかな？"
"popup_notification_central_unlock_request_header","{friend_name}を助ける！"
"popup_notification_central_unlock_request_message","{friend_name}を次のエピソードに進ませてあげよう。"
"popup_sale_text","とってもお得なセールが始まったよ！
アイテムをゲットして冒険に出かけよう！"
"popup_sale_text_V2","ゴールドを購入すると2時間以上の無限ライフをプレゼント！"
"popup_sale_title","年末セール開催中！"
"popup_sale_title_V2","Sale!"
"popup_settings_title","設定"
"popup_tutorial_howtoplay_FAQ","詳しく知りたい？FAQをチェックするか、キャンディーソーダを試しにやってみよう！"
"popup_tutorial_howtoplay_title","ヒント"
"popup_unlocked_item_name","アイテムをゲット！"
"postgamemodal.fail","ざんねん！"
"postgamemodal.fail.1","ざんねん！"
"postgamemodal.fail.2","ざんねん！"
"postgamemodal.fail.3","ざんねん！"
"postgamemodal.fail.4","ざんねん！"
"postgamemodal.fail.5","ざんねん！"
"postgamemodal.win","やったね！"
"postgamemodal.win.2","やったね！"
"postgamemodal.win.3","やったね！"
"postgamemodal.win.4","やったね！"
"postgamemodal.win.5","やったね！"
"pregame_booster_popup_text","ゲームを始める前に
アイテムを選んでね！"
"pregame_booster_popup_title","パワーアップ！"
"purchase_cancelled_text","購入を完了できませんでした。"
"purchase_cancelled_title","購入がキャンセルされました！"
"purchase_deferred_text","購入の許可を待っています。"
"purchase_deferred_title","待機中"
"purchase_failed_canvas","購入できませんでした"
"purchase_failed_text","ストアが利用できません。後ほどお試しください。"
"purchase_failed_title","購入できませんでした"
"purchase_goldbar_success_title","ゴールドを追加"
"purchase_pending","購入処理は完了していません。"
"purchase_result_continue","続ける"
"purchase_result_fail_title","ゴールドを追加できませんでした。"
"purchase_stop_wait","プレイ再開"
"purchase_success_text","購入できました！"
"purchase_success_title","完了！"
"purchase_sync_failed_text","接続環境を確認してください。まもなく購入が完了します。"
"purchase_sync_failed_title","同期できませんでした！"
"push_lives_full","さらなるソーダレベルに挑もう！ライフは満タンだ！"
"push_new_update","キャンディー王国があなたの助けを待っているよ！キャンディーベアがベタベタになる前に助けてあげて！"
"quest.candybar.timer.complete","クリアすればクエストが追加されるよ！"
"quest.candybar.timer.until","次のクエストが登場するまで"
"quest.confirm.skip.no","いいえ"
"quest.confirm.skip.text","このクエストをスキップしますか？"
"quest.confirm.skip.title","スキップ"
"quest.confirm.skip.yes","はい"
"quest.reward.collected","受け取ったよ！"
"quests.candybar.claim.button","受け取る"
"quests.candybar.skip.button","スキップ"
"quests.claim.button","受け取る！"
"quests.claim.header","クエストクリア"
"quests.claim.text","やったね！最初のクエストをクリアしたよ！プレゼントをどうぞ！"
"quests.description.beatyourself","好きなレベルで過去のスコアを上回るスコアを出そう"
"quests.description.colourcreator","指定された数のカラーキャンディーを作ろう"
"quests.description.explosivenovice","指定された数のカラーボムを作ればクエストクリア！"
"quests.description.gofish","フィッシュと他のフィッシュを指定された数マッチさせよう"
"quests.description.greatplayer","まだクリアしてないハードレベルを指定された数だけクリアしよう！"
"quests.description.likingcyan","指定された数の水色キャンディーを集めよう"
"quests.description.likinggreen","指定された数のグリーンキャンディーを集めよう"
"quests.description.likingorange","指定された数のオレンジキャンディーを集めよう"
"quests.description.matchbombscoloring","カラーボムとカラーキャンディーを指定された数マッチさせよう"
"quests.description.matchwrappedstriped","ラッピングキャンディーとストライプキャンディーを指定された数マッチさせよう"
"quests.description.mixmatch","カラーボムとストライプキャンディーを指定された回数マッチさせれば、クエストクリア！"
"quests.description.movingforward","指定された回数レベルをクリアすればクエストクリア！"
"quests.description.newquests","表示されているクエストを全てクリアすると、新しいクエストが追加されるよ！   後ほどチェックしてみてね！"
"quests.description.progress","{0}レベル進める"
"quests.description.scorechaser","指定された回数、過去のスコアを上回るスコアを獲得しよう！"
"quests.description.starcollector","指定された数のスターをゲットすればクエストクリアだよ。カウントされるのは新しくゲットした分だけだよ！"
"quests.description.striped","指定された数のストライプキャンディーを作ろう"
"quests.description.welcomeback","指定された日数、連続でログインしよう"
"quests.description.wrapitup","指定された数のラッピングキャンディーを作ればクエストクリア！"
"quests.header","クエスト"
"quests.intro.button","OK！"
"quests.intro.header","クエスト！"
"quests.intro.text","いざクエストの旅へ！ソーダの海にはたくさんのチャレンジが待ってるよ！準備はOK？"
"quests.names.candycollector","キャンディーコレクター"
"quests.names.colorchampions","カラーチャンピオン"
"quests.names.colormaster","カラーマスター"
"quests.names.colourcreator","カラークリエイター"
"quests.names.completionist","クリアマスター"
"quests.names.explosiveexpert","エクスプローシブプロ"
"quests.names.explosivenovice","エクスプローシブビギナー"
"quests.names.fishingformore","もっとフィッシング"
"quests.names.gofish","フィッシング"
"quests.names.greatplayer","グレートプレイヤー"
"quests.names.likingcyan","ブルーファン"
"quests.names.likinggreen","グリーンファン"
"quests.names.likingorange","オレンジファン"
"quests.names.lovingcyan","ブルーマニア"
"quests.names.lovinggreen","グリーンマニア"
"quests.names.lovingorange","オレンジマニア"
"quests.names.mastermixer","ミキシングマスター"
"quests.names.masterwrapper","ラッピングマスター"
"quests.names.mixmatch","ミックス＆マッチ"
"quests.names.movingforward","次へ進もう！"
"quests.names.platinumplayer","プラチナプレイヤー"
"quests.names.proplayer","プロプレイヤー"
"quests.names.rainbowstash","レインボーパイル"
"quests.names.scorechaser","スコアチェイサー"
"quests.names.scoremaster","スコアマスター"
"quests.names.sodaregular","ソーダレギュラー"
"quests.names.splendiddays","ワンダフルデイ"
"quests.names.starcollector","スターコレクター"
"quests.names.starseeker","スターハンター"
"quests.names.superspecials","スーパースペシャル"
"quests.names.welcomeback","ウェルカムバック！"
"quests.names.wrapitup","ラッピングマニア"
"quests.progression.progress","{0} / {1}"
"rate_app_description","キャンディーソーダを楽しんでる？レビューしてね！"
"rate_app_header","楽しんでる？"
"rate_app_no","いいえ"
"rate_app_no_not_now","今はやめておく"
"rate_app_text","感想をきかせてね！"
"rate_app_title","楽しんでる？"
"rate_app_yes","はい"
"releasenotes_1.34_jan20_JA","キャンディークラッシュの最新タイトル「キャンディーソーダ」がついに登場！"
"releasenotes_1.35_feb3","最新のエピソードが追加されたよ。

•新しいゲームモード「パープルジャム」が登場！

今すぐアップデートしよう！"
"releasenotes_1.36","キャンディーソーダの最新アップデート情報：

•	新しいエピソードが追加されたよ！

今すぐアップデートしよう！"
"releasenotes_1.37","キャンディーソーダの最新アップデート情報：

新しいエピソードが追加されたよ！

今すぐアップデートしよう！"
"releasenotes_1.37_googleplay","Google Playストアの3周年を記念して、ストライプロリポップハンマー3本を無料でプレゼント中！今すぐ最新バージョンにアップデートしよう！期限は3月8日午前3時まで"
"releasenotes_1.38","キャンディーソーダの最新アップデート情報：

新しいエピソードが登場！

タートルのスプリンクルに水色キャンディーを食べさせよう！お腹がいっぱいになると爆発して、ボード上のキャンディー1色をすべて消してくれるよ！

今すぐアップデートしよう！"
"releasenotes_1.38_extraline1","キャンディーソーダのアップデート情報：一部修正を行いました。今すぐアップデートして最新バージョンでプレイしよう！"
"releasenotes_1.39","キャンディーソーダの最新アップデート情報：
 
新しいエピソードが追加されたよ！ 
 
今すぐアップデートしよう！"
"releasenotes_1.39_extraline_IOS","キャンディーソーダの中国語版が登場！"
"releasenotes_1.40","キャンディーソーダの最新アップデート情報：

新しいエピソードが追加されたよ！

今すぐアップデートしよう！"
"releasenotes_1.41","キャンディーソーダの最新アップデート情報：  

新しいエピソードが追加されたよ！  

新機能が登場！グリーンソーダの中でキャンディーをマッチさせるとキャンディーフィッシュになるよ。  

今すぐアップデートしよう！"
"releasenotes_1.42","キャンディーソーダの最新アップデート情報：

新しいエピソードが追加されたよ！

今すぐアップデートしよう！"
"releasenotes_1.43","キャンディーソーダの最新アップデート情報：

新しいエピソードが追加されたよ！

今すぐアップデートしよう！"
"releasenotes_1.44","キャンディーソーダの最新アップデート情報：

新しいエピソードが追加されたよ！

新機能：リコリスリンク！チェーンのようにつながったリコリスのどれか一つを消すだけで、チェーン上のリコリスがぜんぶ消えるよ！

今すぐアップデートしよう！"
"releasenotes_1.45","キャンディーソーダの最新アップデート情報：

新しいエピソードが追加されたよ！
 
今すぐアップデートしよう！"
"releasenotes_1.46_Android","キャンディーソーダの最新アップデート情報：

新しいエピソードが追加されたよ！
 
今すぐアップデートしよう！"
"releasenotes_1.46_iOS","キャンディーソーダの最新アップデート情報：

新しいエピソードが追加されたよ！
 
今すぐアップデートしよう！"
"releasenotes_1.47","キャンディーソーダの最新アップデート情報：

新しいエピソードが追加されたよ！
 
今すぐアップデートしよう！"
"releasenotes_1.48","キャンディーソーダの最新アップデート情報：

新しいエピソードが追加されたよ！
 
今すぐアップデートしよう！"
"releasenotes_1.48.5","キャンディーソーダの最新アップデート情報：

新しいエピソードが追加されたよ！
 
今すぐアップデートしよう！"
"releasenotes_1.49","キャンディーソーダの最新アップデート情報：

• 最新のエピソードが追加されたよ。

• 新しい機能が追加されたよ！

今すぐアップデートしよう！"
"releasenotes_1.50","新しいエピソードが追加されたよ！

今すぐアップデートしよう！"
"releasenotes_1.51","キャンディーソーダの最新アップデート情報：

新しいエピソードが追加されたよ！

今すぐアップデートしよう！"
"releasenotes_1.52","キャンディークラッシュの最新アップデート情報：

• 新しいエピソードが追加されたよ！

• 新機能も追加！難しいレベルに挑戦してみてね！

今すぐアップデートしよう！"
"releasenotes_1.53","キャンディーソーダの最新アップデート情報：

• 新しいエピソードが追加されたよ！

今すぐアップデートしよう！"
"releasenotes_1.54","キャンディーソーダの最新アップデート情報：

• 新しいエピソードが追加されたよ！

今すぐアップデートしよう！"
"releasenotes_1.55","キャンディーソーダの最新アップデート情報：

• キャンディーソーダ1周年を記念してアイテムをプレゼント！アプリをアップデートして受け取ってね！

• 新しいエピソードを追加！タートルのスプリンクルが再登場するよ！"
"releasenotes_1.56","キャンディーソーダの最新アップデート情報：新しいエピソードを追加したよ！クリスマスシーズンも楽しんでね！
今すぐアップデートしよう！"
"releasenotes_1.57","キャンディーソーダの最新アップデート情報：

• 新しいエピソードが追加されたよ！

今すぐ最新バージョンにアップデートしよう！"
"releasenotes_1.57_Fish_Booster","キャンディーソーダの最新アップデート情報：

• 新しいエピソードが追加されたよ！

• 新しいアイテムが登場！キャンディーフィッシュの数を2倍にするよ！

今すぐ最新バージョンにアップデートしよう！"
"releasenotes_1.58","キャンディーソーダの最新アップデート情報：

- 新しいエピソードが追加されたよ！

今すぐアップデートしよう！"
"releasenotes_1.59","キャンディーソーダの最新アップデート情報：

- 新しいエピソードが追加されたよ！

今すぐアップデートしよう！"
"releasenotes_1.60","キャンディーソーダの最新アップデート情報：

• 新しいエピソードが追加されたよ！

今すぐアップデートしよう！"
"releasenotes_1.61","キャンディークラッシュソーダの最新アップデート情報：

• 新しいエピソードが追加されたよ！

今すぐアップデートしよう！"
"releasenotes_1.62","キャンディークラッシュソーダの最新アップデート情報：

• 新しいエピソードが追加されたよ！

今すぐアップデートしよう！"
"releasenotes_1.63_android","Android:キャンディークラッシュソーダの最新アップデート情報：
新しいエピソードが追加されたよ！

今すぐアップデートしよう！"
"releasenotes_1.64","キャンディークラッシュソーダの最新アップデート情報：

- 新しいエピソードが追加されたよ！

今すぐアップデートしよう！"
"releasenotes_1.65","キャンディークラッシュソーダの最新アップデート情報：

- 新しいエピソードが追加されたよ！

今すぐアップデートしよう！"
"releasenotes_1.66","キャンディークラッシュソーダの最新アップデート情報：

- 新しいエピソードが追加されたよ！

今すぐアップデートしよう！"
"releasenotes_1.67","キャンディークラッシュソーダの最新アップデート情報：

- 新しいエピソードが追加されたよ！

今すぐアップデートしよう！"
"releasenotes_1.68","キャンディークラッシュソーダの最新アップデート情報：

- 新しいエピソードが追加されたよ！

今すぐアップデートしよう！"
"releasenotes_1.69","キャンディークラッシュソーダの最新アップデート情報：
 
- 新しいエピソードが追加されたよ！

今すぐアップデートしよう！"
"releasenotes_1.71","キャンディークラッシュソーダの最新アップデート情報：

- 新しいエピソードが追加されたよ！

今すぐアップデートしよう！"
"releasenotes_1.72","キャンディークラッシュソーダの最新アップデート情報：

- レベル数が1000を超えたよ！
- 新しいエピソードが追加されたよ！

今すぐアップデートしよう！"
"releasenotes_1.73","キャンディークラッシュソーダの最新アップデート情報：

- 新しいエピソードが追加されたよ！

今すぐアップデートしよう！"
"releasenotes_1.74","キャンディークラッシュソーダの最新アップデート情報：

- 新しいエピソードが追加されたよ！

今すぐアップデートしよう！"
"releasenotes_1.75","キャンディークラッシュソーダの最新アップデート情報：

- 新しいエピソードが追加されたよ！

今すぐアップデートしよう！"
"releasenotes_1.76","キャンディークラッシュソーダの最新アップデート情報：

- 新しいエピソードが追加されたよ！

今すぐアップデートしよう！"
"releasenotes_1.77","キャンディークラッシュソーダの最新アップデート情報：

- 新しいエピソードが追加されたよ！

今すぐアップデートしよう！"
"releasenotes_1.78","キャンディークラッシュソーダの最新アップデート情報：
-	新しいエピソードが追加されたよ！
-	今すぐアップデートしよう！"
"releasenotes_1.79","キャンディークラッシュソーダの最新アップデート情報：

- 新しいエピソードが追加されたよ！

- 今すぐアップデートしよう！"
"releasenotes_1.80","キャンディークラッシュソーダの最新アップデート情報：

- 新しいエピソードが追加されたよ！

- 今すぐアップデートしよう！"
"releasenotes_1.81","キャンディークラッシュソーダの最新アップデート情報：

- 新しいエピソードが追加されたよ！

- 今すぐアップデートしよう！"
"releasenotes_1.82","キャンディークラッシュソーダの最新アップデート情報：

- 新しいエピソードが追加されたよ！

- 今すぐアップデートしよう！"
"remaining_days_left","残り{days}日"
"request.collaborationhelp.body","{friend_name}がキャンディー王国で助けを待っているよ。"
"request.collaborationhelp.title","ヘルプをお願いしたよ。"
"request.givelife.body","今すぐライフを送って友達を助けよう！"
"request.givelife.title","ライフを送る"
"request.invite.body","一緒にキャンディーソーダをプレイしよう！"
"request.invite.title","招待を送る！"
"request.life.body","むずかしい～！助けて！ライフを送ってもらえる？"
"request.life.title","ライフを送ってもらおう！"
"save_percent","{percent}%割引"
"search_friend","友達を検索"
"send.collaborationhelp.body","{friend_name}が冒険に参加したよ！"
"send.collaborationhelp.title","ヘルプをお願いされたよ。"
"shuffle.nomoves","もう移動できないよ。"
"shuffle.topic","シャッフル"
"special_offer","特別
オファー！"
"special_offer_percentage_text","OFF"
"spring_sale_map_icon_title","Sale!"
"store_contacting","接続中"
"stritz.product.amount.description.33000","ロリポップハンマー
{amount}本"
"stritz.product.amount.description.33001","ストライプロリポップ
ハンマー{amount}本"
"stritz.product.amount.description.33003","フリースイッチ{amount}個"
"stritz.product.amount.description.33020","カラーボム{amount}個"
"stritz.product.amount.description.33021","カラーキャンディー{amount}個"
"stritz.product.amount.description.33022","ダブルキャンディーフィッシュ{amount}個"
"stritz.product.description.33000","邪魔なキャンディーを
1個だけ壊せるよ！"
"stritz.product.description.33001","キャンディーを1個壊してT字型を作ろう！"
"stritz.product.description.33003","移動回数を使わずに2個のキャンディーを入れ替えることができるよ！"
"stritz.product.description.33020","カラーボムが入った状態でレベルをスタートできるよ！"
"stritz.product.description.33021","カラーキャンディーが入った状態でレベルをスタートできるよ！"
"stritz.product.description.33022","このレベルではキャンディーフィッシュの数が2倍になるよ！"
"stritz.product.more.offers","もっと見る！"
"stritz.product.shop.title","Shop"
"stritz.product.shop.title.33360","Super Sweet Package!"
"stritz.product.shop.title.33361","Sodalicious Mix"
"stritz.product.shop.title.33362","Sweet Mix"
"stritz.product.shop.title.33363","Tasty Mix"
"stritz.product.shop.title.33364","Delicious Mix"
"stritz.product.shop.title.33365","Deluxe Mix"
"stritz.product.title.33000","ロリポップハンマー"
"stritz.product.title.33001","ストライプロリポップハンマー"
"stritz.product.title.33003","フリースイッチ"
"stritz.product.title.33020","カラーボムパック"
"stritz.product.title.33021","カラーキャンディーパック"
"stritz.product.title.33022","ダブルキャンディーフィッシュパック"
"tab.name.candycrush","キャンディークラッシュ"
"tab.name.candycrushjelly","キャンディークラッシュゼリー"
"tab.name.messages","メッセージ"
"tab.name.overview","全体マップ"
"tab.name.toplist","ランキング"
"tab.newgame.candycrushjelly","最新ゲーム！"
"toplist_me","自分"
"unlimited_life_duration","{hours}時間"
"unlimited_life_popshop","{hours}時間の無限ライフ"
"unlimited_life_text","無限ライフ"
"update_available_text","新しいバージョンが登場！アップデートしてもっとゲームを楽しもう！"
"update_available_title","アップデート可能"
"update_required_text","現在のバージョンは古いバージョンです！今すぐアップデートをしてプレイしよう。"
"update_required_title","アップデートが必要です"
