"Bubblegum_Blueshift_Episode49_CCSS","새로운 에피소드, 푸른 빛의 버블껌에는 어떤 달콤함이 숨겨져 있는지 찾아보세요. 즐거움 가득한 20개의 새로운 레벨이 더해져, 이제 레벨이 총 785개로 늘어났습니다! 

소다 톡 쏘는 새로운 콘텐츠를 모두 즐기려면 게임을 꼭 최신 버전으로 업데이트해 주세요!"
"GreenLanternIOS_WNT","소다 가득한 업데이트! King, Apple, 세계자연기금(WWF)이 지구의 자연환경을 보호하기 위해 힘을 합쳤습니다.
오늘부터 4월 24일까지 WWF 로고가 있는 아이템을 구매하면 수익금의 100%가 WWF에 기부됩니다.

 친환경 캔디크러쉬소다! WWF와 함께 아름다운 자연과 동식물을 보호하는 의미에서 자연 가득한 버블껌 동산 이벤트를 만들었답니다!

 20개의 끈적달콤한 레벨도 추가되었어요! 새로운 에피소드, 패스트리 행성에서 도넛강아지 닥스가 비스킷을 모두 찾도록 도와주세요!

소다 톡 쏘는 새로운 콘텐츠를 플레이하려면 게임을 최신 버전으로 업데이트해주세요!"
"HC100_more_gold_bars","30% 할인"
"HC200_more_gold_bars","40% 할인"
"HC25_more_gold_bars","20% 할인"
"HC500_more_gold_bars","50% 할인"
"Releasenotes-1.83-memoryhotfix","최근 게임에서 문제가 발생했던 경험이 있나요? 달콤한 최신 버전으로 업데이트하고 다시 소다를 마음껏 터트리세요!"
"StritzExtraMoves.description","소다 궁지에 빠지면 추가 이동 5회 부스터를 얻습니다!"
"StritzExtraMoves.header","이동 횟수 5회 추가"
"StritzFullLife.description","하트를 가득 채웁니다!"
"StritzFullLife.header","하트 가득"
"StritzHardCurrencyPackageL.description","대형 골드바 패키지"
"StritzHardCurrencyPackageL.header","대형 골드바 패키지"
"StritzHardCurrencyPackageM.description","중형 골드바 패키지"
"StritzHardCurrencyPackageM.header","중형 골드바 패키지"
"StritzHardCurrencyPackageS.description","소형 골드바 패키지"
"StritzHardCurrencyPackageS.header","소형 골드바 패키지"
"StritzHardCurrencyPackageXL.description","특대형 골드바 패키지"
"StritzHardCurrencyPackageXL.header","특대형 골드바 패키지"
"StritzHardCurrencyPackageXS.description","초소형 골드바 패키지"
"StritzHardCurrencyPackageXS.header","초소형 골드바 패키지"
"StritzSalePackage0.description","특별 할인을 받으세요."
"StritzSalePackage0.header","할인"
"StritzSalePackage1.description","특별 할인을 받으세요."
"StritzSalePackage1.header","할인"
"StritzSalePackage2.description","특별 할인을 받으세요."
"StritzSalePackage2.header","할인"
"StritzSalePackage3.description","특별 할인을 받으세요."
"StritzSalePackage3.header","할인"
"StritzSalePackage4.description","특별 할인을 받으세요."
"StritzSalePackage4.header","할인"
"StritzSpecialOffer1.description","완전 달콤한 가격"
"StritzSpecialOffer1.header","완전 달콤한 가격"
"StritzSpecialOffer2.description","완전 달콤한 가격"
"StritzSpecialOffer2.header","완전 달콤한 가격"
"WNT_general_new_features","새로운 기능"
"WNT_general_new_update","새로운 업데이트!"
"WNT_hotfix_release_bug_fixes","버그 수정"
"WNT_hotfix_release_bug_fixes_improvements","버그가 수정되었으며 성능이 개선되었습니다."
"WNT_hotfix_release_bugs_squashed","좋은 소식이 있어요! 발견된 버그가 대부분 수정되었습니다. 즐거운 게임 되세요!"
"WNT_hotfix_release_fixes_improvements","다양한 수정 및 개선 사항"
"WNT_hotfix_release_improved_loading_time","로딩 시간이 빨라졌습니다."
"WNT_hotfix_release_message_center","메시지 센터 관련 버그가 수정되었습니다."
"WNT_hotfix_release_notifications_amendments","알림이 너무 자주 표시되던 문제가 해결되었습니다."
"accept_terms_modal_button","확인"
"accept_terms_pp_checkbox","본인은 이상의 내용과 같이 본인의 개인정보 수집/이용하는 것에 동의합니다"
"accept_terms_pp_text","개인정보 수집/이용에 대한 동의

개인정보 수집/이용 목적: (i) 서비스 제공, 이용자 계정 관리, 이용자와의 관계 관리, 이용자 불만 처리, 이용자와의 연락, 이용자 및 이용자의 기기 식별, 맞춤서비스 제공, 서비스 개선, 회사 서비스 및 관련 제품의 마케팅 및 홍보, 부정행위나 범죄, 사기 방지, 및 기타 개인정보 취급방침에 기재되어 있거나 법이 요구하는 목적; 및 (ii) 이용자가 동의한 경우, 제3자 소셜 네트워크 및 플랫폼과의 연동/상호작용, 푸시 알림 전송, 이용자 기기의 광고 식별자 이용 목적

^- 수집/이용하려는 개인정보의 항목: (i) 이름, 이메일 주소, 나이, 성별, 지역(국가), 접속시간/일자, 이용자가 사용하는 기기의 종류에 관한 정보, IP주소, 서비스 이용 내역 정보, 서비스 이용 시 이용자가 일정한 양식에 기입하여 회사에 제공한 정보, 이용자와 회사 간의 의사소통 내용, 쿠키/ localStorage/sessionStorage 등을 통해 자동적으로 수집되는 정보; 및 (ii) 이용자가 동의한 경우, (a) 이용자의 이름, 소셜 네트워크/플랫폼 ID, 이메일 주소, 연락처 목록, 프로필사진 등과 같이 제3자 소셜 네트워크 및 플랫폼이 회사와 공유하는 정보; 및 (b) 이용자 기기의 광고식별자

- 개인정보의 보유 및 이용 기간: 개인정보 취급방침에 규정된 경우를 제외하고(예. 관련 법령에서 더 오랜 기간의 보존을 요구한 경우 등), 이용자의 개인정보는 그 수집·이용 목적이 달성되면 즉시 파기됩니다. 
- 개인정보 취급위탁 (목적/업무 및 수탁자): 

^상기 내용 처리 목적: Midasplayer AB (Sweden), Midasplayer.com Limited (UK), Digital Jester Limited (UK), King Korea Limited 등 King의 계열사
고객 연락 목적: Kana Software Ireland Limited (Ireland)와 Zendesk Inc. (USA)

이메일 발송 목적: Beyond Relationship Marketing GmbH (Germany)

- 이용자는 개인정보 수집/이용에 동의하지 않을 권리가 있으나 동의하지 않는 경우 서비스를 이용하지 못할 수 있습니다."
"accept_terms_pp_title","개인정보 보호정책"
"accept_terms_tos_checkbox","본인은 상기 이용약관에 동의합니다"
"accept_terms_tos_text","한국에 거주하는 이용자들에 대한 서비스 약관

1 본 이용약관에 대하여

1.1 본 약관은 본사의 게임 및 관련 서비스(\"게임\" 또는 \"게임들\")와 관련해서 이용자(\"이용자\")와 등록번호 C42504로 Aragon Business Centre Level 4, Dragonara Road, St Julians STJ3140, Malta에 위치한 King.com Limited(\"본사\") 사이에 체결되는 법적 계약입니다. 이용자는 본사의 게임에 접속하거나 이용하는 경우 본 약관과 본사의 개인정보 취급방침(아래 제10조 참조)에 동의하는 것이 된다는 점에 동의합니다.

1.2 본 약관은 한국에 거주하는 이용자들에게 적용되며, 이용자가 다른 국가에 거주하는 경우 다른 약관이 이용자에게 적용됩니다. 이용자는 http://about.king.com/consumer-terms/를 방문해서 이용자가 거주하는 국가에 해당되는 언어를 선택하여 언제든지 본사의 모든 약관을 열람할 수 있습니다.

^1.3 이용자는 본인이 최소한 14세 이상이고, 이용자가 14세에서 19세 사이인 경우 이용자의 법적 보호자가 본 약관을 검토하였고 이용자가 본사의 게임을 이용하는 것에 동의함을 확인합니다.

1.4 본사는 아래 제14조에 따라 언제든지 본 약관을 변경할 수 있으며, 이용자가 본사의 게임을 계속 사용하는 것은 이용자가 갱신된 약관을 동의하는 것으로 확인합니다.

^2 게임 접속 및 이용

2.1 각 게임에 대한 특정 게임 규칙, 점수 획득 규칙, 조작법 및 가이드라인은 게임 자체 내에서 확인할 수 있습니다. 이러한 게임 규칙, 점수 획득 규칙, 조작법 및 가이드라인은 본 약관의 일부를 구성하며, 이용자는 이용자가 접속하거나 이용하는 개별 게임에 관해서 이를 준수함을 동의하는 것으로 확인합니다.

2.2 이용자는 본사 게임의 이용 중에 발생되는 인터넷 연결 및 모바일 요금에 대한 책임을 집니다. 이용자가 이러한 요금 부과에 관해 확신하지 못하는 경우, 게임을 이용하기 전에 이용자의 무선통신사업자에게 문의해야 합니다.

^2.3 본사는 아래와 같은 이유로 사용자에 대한 책임 없이 수시로 하나 이상의 게임(전부 또는 일부)을 철회 또는 수정할 권한을 보유합니다.

* 기술적 이유 (본사 혹은 인터넷상에 존재하는 기술적 문제 등) 
* 이용자 환경의 개선을 위해 필요한 경우 
* 타당한 법적 이유가 있는 경우(개인정보 보호, 데이터 보호 또는 본사 게임의 콘텐츠 또는 실행과 관련된 기타 법률상의 문제) 
* 본사가 관련 게임을 제공하는 것이 사업적으로 더 이상 타당하지 않은 경우 
* 본사가 제공하는 서비스가 변경된 경우

2.4 아울러 기술 또는 유지 관리상의 이유로 인해 일정 계획 여부에 관계없이 본사의 게임 전부 또는 일부를 제공할 수 없는 상황이 발생할 수 있습니다.

^3 계정

3.1 이용자는 본인의 로그인 세부 정보를 보호하고 비밀을 유지하기 위해 필요한 모든 조치를 취한다는 것에 동의합니다. 이용자는 타인에게 자신의 로그인 세부 정보를 제공하거나 타인으로 하여금 자신의 로그인 세부 정보 또는 계정을 사용하도록 해서는 안 된다는 점에 대해 동의합니다. 본 약관에서 언급되는 \"로그인 정보\" 또는 \"계정\"에는 이용자가 본사의 게임으로 하여금 상호 작용하도록 허용하는 일체의 소셜 네트워크에 대한 이용자의 로그인 세부 정보 및 계정이 포함됩니다.

3.2 이용자는 언제든지 로그아웃함으로써 소셜 네트워크 연결을 끊을 수 있습니다. 반면 이전에는 접근할 수 있던 특정 기능 또는 게임의 기능에 더 이상 접근할 수 없게 됩니다.

3.3 이용자가 로그인 세부 정보에 대한 비밀을 유지하지 않거나 로그인 세부 정보 또는 계정을 의도적 혹은 의도적이지 않았던 타인과 공유하는 경우, 이용자는 그 결과(일체의 무단 구매 포함)에 대해 전적인 책임을 져야 하며 그로 인한 일체의 손해 또는 피해를 본사에 보상할 수도 있음에 동의합니다.

^3.4 본사는 권한 없는 사용자가 이용자의 소셜 네트워크 계정에 접근하고 게임을 이용함으로 인해 이용자가 겪는 일체의 손해에 대해 책임을 지지 않으며, 사기 등 그 원인을 불문하고 무단 사용으로 인한 일체의 손해 또는 피해에 대해 책임을 지지 않습니다.

3.5 본사는 이용자가 180일 이상 이용자의 계정과 관련된 활동을 하지 않는 경우 이용자의 계정을 삭제할 수 있는 권한을 보유합니다. 이 경우, 이용자는 더 이상 해당 계정에 연계된 가상 화폐 혹은 가상 상품(아래 제4조 참조)에 접근하거나 사용할 수 없으며, 이와 관련해서 일체의 환불도 제공되지 않음을 동의합니다.

3.6 이용자는 이용자가 자신의 계정을 삭제하거나, 본사가 본 약관에 따라서나 이용자의 요청에 따라 이용자의 계정을 삭제하는 경우, 이용자가 본인의 계정과 이와 연계된 일체의 데이터(이용자가 게임 내 레벨이나 점수, 그리고 이용자 계정의 가상 화폐나 가상 상품 등)에 대한 접근권을 상실할 수 있다는 점을 이해합니다.

^4 가상 상품 및 가상 화폐

4.1 본사의 게임에는 골드바와 같은 가상 통화(이하 \"가상 화폐\") 또는 본사의 게임에서 사용할 수 있는 아이템이나 서비스(이하 \"가상 상품\")가 포함될 수 있습니다. 이용자는 실제 현금이나 그 밖의 결제 수단으로 본사로부터 가상 화폐나 가상 상품을 구매할 수 있습니다. 단, 이용자가 (i) 최소한 19세 이상이고, (ii) 결제 계좌 보유자인 경우에만 구매 가능합니다.

4.2 이용자는 가상 화폐 및 가상 상품을 본사 또는 기타 타인으로부터 현금, 실제 상품 또는 실제 서비스로 교환할 수 없다는 점에 대해 동의합니다. 또한 이용자는 가상 화폐 및/또는 가상 상품을 오직 본사에서만 취득할 수 있으며 제3자로부터는 취득할 수 없다는 점에 대해 동의합니다.

^4.3 가상 상품이나 가상 화폐의 잔고는 실제 가치를 포함하지 않습니다. 이용자는 본사의 이용자에 대한 모든 가상 화폐 및 가상 상품 판매가 최종적인 거래이며, 일단 거래가 완료된 경우 본사는 어떠한 거래에 대해서도 환불을 하지 않는다는 점에 동의합니다. 이용자는 이용자가 본사로부터 가상 상품 또는 가상 화폐를 구매할 때, 구매가 완료되는 즉시 인도가 시작되며, 따라서 이용자가 이미 해당 가상 상품 및/또는 가상 화폐의 혜택을 수령했으므로 이용자의 철회권이나 취소권이 상실된다는 점에 동의합니다.

4.4 본사는 이용자에 대한 책임 없이 가상 화폐 또는 가상 상품 내용에 대해 관리, 규제, 변경 또는 제거할 수 있습니다.

4.5 3.6항의 내용에 제한 없이 본사가 본 약관 제7조에 따라 이용자의 계정을 정지 또는 종료시키는 경우, 이용자는 이용자가 보유하는 일체의 가상 화폐 및 가상 상품을 상실하며, 본사는 이러한 손실에 대해서 이용자에게 보상하거나 환불하지 않습니다.

^5 이용자 행동 및 콘텐츠

5.1 이용자는 이용자가 본사의 게임에 접속하는 지역에서 이용자에게 적용되는 법률을 준수해야 합니다. 해당 법률에서 이용자가 본사의 게임을 이용하는 것을 제한하거나 금지하는 경우, 이용자는 이러한 법적 제한을 준수하고 본사의 게임에 대한 접속 또는 이용을 중단해야 합니다.

5.2 이용자는 이용자가 본사의 게임을 이용할 때 본사에 제공하는 모든 정보가 항상 진실하고 정확하며 완전하다는 점과 계속해서 유지되어야 한다는 것에 동의합니다.

^5.3 본사 게임을 통해 정보, 데이터, 소프트웨어, 사운드, 사진, 그래픽, 동영상, 태그 또는 그 밖의 자료(\"콘텐츠\")가 이용자나 다른 이용자에 의해서 발송, 업로드, 전달, 전송 또는 그 밖의 방식으로 제공될 수 있습니다. 이용자는 공개 게시이든 비공개 전송이든 본사의 게임을 이용하는 중에 전송되는 모든 콘텐츠에 대해 해당 콘텐츠를 보낸 본인이 독자적 책임을 진다는 점을 이해하고 동의합니다. 이는 이용자가 본사의 게임을 통해 업로드, 전송, 전달 또는 달리 제공하는 모든 콘텐츠에 대해 이용자가 전적으로 책임을 진다는 것을 의미합니다.

5.4 이용자는 다음과 같은 일체의 콘텐츠를 업로드, 전송, 전달 또는 달리 제공하지 않는 데 동의합니다.

* 불법적이거나 유해하거나 타인을 괴롭히거나 명예훼손적이거나 중상적이거나 외설적이거나 기타 불쾌감을 유발하는 콘텐츠
* 타인의 사생활을 침해하거나 그렇게 보일 수 있는 콘텐츠
* 폭력적, 인종차별적 또는 민족적 증오감을 조장하거나 그렇게 보일 수 있는 콘텐츠
^* 적법하게 제공할 권한이 이용자에게 있지 아니한 콘텐츠(예: 내부 정보, 타인 소유 정보 또는 기밀 정보)
* 지적재산권 또는 기타 타인의 사유권을 침해하는 콘텐츠
* 요청되지 않거나 허가되지 않은 광고, 홍보 자료, '정크메일', '스팸', '행운의 편지', '피라미드 방식' 또는 기타 유형의 판매 권유가 포함된 콘텐츠
* 컴퓨터 소프트웨어, 하드웨어 또는 통신 장비의 기능을 방해, 파괴 또는 제한하기 위해 설계된 소프트웨어 바이러스 또는 기타 일체의 컴퓨터 코드, 파일 또는 프로그램이 포함된 콘텐츠

5.5 이용자는 다음과 같은 행위를 하지 않는 것에  동의합니다.

* 본사의 게임을 이용해 타인에게 피해를 입히거나 타인을 공격하거나 괴롭히는 행위
* 본사의 게임을 이용하기 위해 플랫폼당 하나를 초과하는 계정을 생성하는 행위
* 본사 게임에 로그인하여 이용하기 위해 다른 개인 또는 단체의 이메일 주소를 사용하는 행위
^* 사기 또는 오용을 목적으로 본사의 게임을 사용하는 행위(게임을 통해 개인 또는 단체를 사칭하거나 개인, 단체 또는 게임의 소속을 허위로 표현하는 일체의 행위가 모두 포함됨)
* 자신의 IP 주소 또는 자신이 업로드하는 콘텐츠 소스를 가장, 익명화 또는 은닉하는 행위
* 상업적이나 사업적인 목적 또는 제삼자의 이익을 위해 본사의 게임을 사용하거나 요청되지 않은 이메일을 보내는 행위
* 본사의 게임에서 사유권 고지 또는 기타 소유권 정보를 제거 또는 수정하는 행위 
* 본사의 게임 또는 본사의 게임을 제공하기 위한 서버 또는 네트워크의 작동을 방해하거나 중단을 유발하는 행위
* 본사의 게임을 디컴파일, 리버스 엔지니어링, 역어셈블 또는 해킹하려는 시도 또는 암호화 기술이나 보안 조치 또는 본사에 의해 전송, 처리 또는 저장되는 데이터를 무력화 또는 우회하려는 시도
^* 일체의 개인 데이터 또는 정보를 포함하여(단, 이에 국한되지 않음) 본사의 게임을 이용하는 타인에 관한 정보를 '채취', '스크랩' 또는 수집하는 행위('픽셀 태그' 쿠키, gif(graphic interchange format) 또는 이른바 '스파이웨어' 또는 'pcm'(passive collection mechanism)이라고도 불리는 그와 유사한 요소를 포함하여(단, 이에 국한되지 않음) 정보의 수집을 위한 무언가를 업로드하는 행위 포함)
* 본사의 계정 또는 계정의 일부(일체의 가상 통화 또는 가상 상품 포함)를 판매 또는 양도하거나 판매 또는 양도를 시도하는 행위
* 게임의 정상적인 흐름을 방해하는 행위, 또는 본사의 게임을 이용하거나 실시간 교환을 하는 과정에서 타 이용자가 공정하게 경쟁할 수 있는 능력에 악영향을 미칠 수 있는 방식의 행동
* 본사 게임에 연결된 네트워크 관련 요구 사항 또는 규정을 어기는 행위
* 일체의 관련 법률 또는 규정에 위배되는 방식으로 본사의 게임을 사용하는 행위
^* 속임수나 책략을 쓰거나 속임수를 돕기 위해 본사의 게임을 사용하는 행위(예를 들어, 자동 수단을 이용하거나 타사 소프트웨어를 이용해 이용하는 경우), 또는 본사 게임의 액세스 제어를 위한 기술적 조치 또는 요소를 우회하는 행위, 또는 합리적인 개인의 관점에서 공정한 이용 정신 또는 본 약관에 부합한다고 보기 힘든 기타 일체의 행위를 하는 경우
* 본 약관에서 허용하지 않는 일체의 방식으로 본사의 게임을 사용하는 행위

5.6 다른 특정 이용자가 본 약관을 준수하지 않고 있다고 판단되는 경우 reportabuse@support.king.com 이메일 주소로 본사에 연락을 주시기 바랍니다.

^5.7 본사는 본사 게임에 타인이 게시하는 콘텐츠를 관리하지 않습니다. 따라서 해당 콘텐츠의 정확성, 무결성 또는 품질을 보장하지 않습니다. 이용자는 본사의 게임을 이용할 때 모욕적이거나 무례하거나 불쾌하다고 생각될 수 있는 콘텐츠에 노출될 수 있다는 점을 이해합니다. 어떠한 상황에서도 본사는 콘텐츠의 일체의 오류나 누락으로 인해 또는 본사 게임을 통해 게시, 이메일 전송, 전달 또는 달리 제공되는 콘텐츠를 사용함으로 인해 유발되는 모든 유형의 손해 또는 피해를 포함하여(단, 이에 국한되지 않음) 일체의 콘텐츠에 대해 어떠한 식으로도 책임을 지지 않습니다.

5.8 만일 본사의 독자 재량으로 판단할 때 본 약관의 조항에 위반되거나 본사 또는 본사 게임의 평판을 해칠 수 있다고 보일 경우, 본사는 업로드된 콘텐츠를 본사의 게임에서 제거할 수 있는 권한을 보유합니다. 단, 본사의 게임을 이용하는 사용자들이 게시하는 콘텐츠를 본사가 능동적으로 모니터링하는 것은 아니며 본사가 이러한 의무도 없다는 점을 인정합니다.

5.9 이용자는 본사 게임의 다른 이용자들 간의 상호 작용에 대해서 전적인 책임을 집니다.

^6 다른 이용자들과의 본사 게임 이용

6.1 본사의 게임 중 일부는 상대방을 대상으로 한 이용 또는 다른 사람의 게임 진행을 보는 것을 허용합니다. 이용자는 (i) King이 이용자를 위해 선택한 상대방을 대상으로 또는 함께 이용을 할 것을 선택하거나 (ii) 이용자가 본사 게임과의 상호작용을 허용한 플랫폼, 서비스 또는 소셜 네트워크상의 자신의 연락처 중 하나를 대상으로 이용을 할 수 있습니다. 또한 본사 게임 중 일부는 게임 상대방을 찾기 위해 연락처를 검색하는 것(예를 들어, 이메일 주소를 통해)을 허용할 수 있습니다. 또한 본사는 이용자가 다시 이용할 상대방을 손쉽게 찾을 수 있도록 과거 상대방의 표시 이름을 표시할 수 있습니다.

6.2 본사가 이용자가 함께 이용할 다른 사람을 선택하는 경우 본사는 무작위로 선택을 하거나 본사가 이용자의 상대방을 선택하기 위한 방법으로서 적절하다고 보는 기준 (예를 들어, 과거 점수 혹은 게임 레벨)을 사용할 수 있습니다.

^6.3 이용자가 다른 사람과 함께, 또는 그에 대항해서 이용하도록 허용하는(예컨대, 다른 사람의 진행 상태를 열람함으로써) 본사의 게임에 접속하거나 이를 이용하는 경우, 이용자는 이용자의 표시 이름, 점수 및 그 밖의 관련 세부 정보가 타인들에게 표시되는 것에 동의하는 것입니다. 아울러, 이용자는 다른 사용자들이 이용자의 이메일 주소로 이용자를 검색함으로써 이용자를 찾을 수 있다는 점을 이해하고 동의합니다. 본사는 이용자에게 선물이나 가상 상품 및/또는 가상 화폐를 보내거나, 이용자가 함께 이용하고 있는 사람들을 대신해서 이용자에게 메시지를 전달할 수도 있습니다. 본사는 이용자의 이메일 주소가 아니라, 오로지 이용자의 표시 이름만을 공개적으로 보여줄 것이며, 다른 이용자가 이용자를 검색하려면 이용자의 이메일 주소를 알고 있어야 합니다.

^7 이용자의 약관 위반

7.1 본사는 본사가 합리적으로 판단할 때 이용자가 본 약관을 중대하게 위반(반복된 경미한 위반 포함)하고 있다고 믿는 경우, 본사의 게임에 대한 이용자의 접속을 정지 또는 종료(이용자의 계정 삭제 포함)시킬 수 있습니다. 단, 5.4항 또는 5.5항에 대한 위반은 제한 없이 중대한 위반으로 간주될 가능성이 높습니다.

7.2 이용자는 본인이 본 약관을 위반하여 발생하는 모든 피해, 손해, 클레임에 대해 법률에 의거하여 본사에 배상을 해야 한다는 것을 동의합니다.

^8 면책 및 권리 포기

8.1 본사는 본사, 본사의 직원 또는 대리인의 부주의로 인한 사망이나 신체적 상해, 본사 또는 본사 대리인의 사기로 인한 손해나 피해, 또는 법으로 배제되지 않는 기타 일체의 책임에 대해 책임을 집니다.

8.2 당사의 중과실 또는 고의적 불법행위에 해당하는 경우를 제외하고, 당사는 12개월간의 모든 손해 또는 피해(8.1절에 명시된 경우 제외)에 대하여 당사의 부주의 또는 본 약관 위반으로 인해 초래될 결과를 합리적으로 예상할 수 있는 손해 또는 피해에 한해 귀하의 클레임 날짜부터 역으로 100일간 귀하가 당사에 지불한 금액 한도까지 책임을 집니다. 이용자가 본 약관에 동의하는 시점에 이용자와 회사가 모두 고려할 수 있는 손실/손해의 경우가 \"예측 가능한 손실/손해\"에 해당합니다.

^8.3 본사는 다음의 경우에 대해 책임을 지지 않습니다. 

* 본사의 본 약관 위반 또는 부주의에 기인하지 않은 손해 또는 피해
* 이용자가 본 약관에 동의하는 시점에 이용자와 본사가 합리적으로 예상할 수 없는 손해 또는 피해 (예상 가능한 손해의 부수적 결과로 인해 발생하는 손해 포함). 여기에는 데이터 손실, 기회 상실, 서비스 중단, 컴퓨터 또는 기타 장치의 장애 또는 금전적 손실이 포함될 수 있습니다.
* 이용자가 본 약관을 위반함으로 인해 발생한 손해 또는 피해 확대 부분
* 본사의 합리적 통제 범위를 벗어난 본사 웹 사이트, 게임 및/또는 소셜 미디어 채널의 기술적 장애 또는 가용성 부족

^8.4 본사는 다른 유사한 게임 제공자들과 동일한 기술 및 주의로 본사의 게임을 제공할 것입니다. 이용자는 본사의 게임에 대한 문제점이나 불만에 관해 이용자가 갖는 유일한 권리는 이용자가 해당 게임 사용을 중단하는 것뿐이며, 본사는 본사의 게임을 이용하는 동안 이용자가 경험할 수 있는 일체의 중단이나 오류에 대해서 책임을 지지 않는다는 점을 이해합니다.

8.5 소비자로서 이용자에게 부여되는 그 외의 모든 법적 권리는 본 약관의 영향을 받지 않습니다.

^9 지적 재산권

9.1 이용자는 본사의 게임과 관련된 모든 저작권, 상표권 및 기타 지적재산권(일반 이용자들이 제공한 콘텐츠 제외)이 본사에 소유되고 라이센스가 부여된 것임을 인지합니다.

9.2 이용자가 본 약관에 동의하는 경우, 본사는 이용자가 개인적으로 사용할 수 있도록 본사 게임(단, 관련 객체 및 소스 코드는 제외)을 액세스하고 사용할 수 있는 비배타적이고 양도 불가능하며 개인적이고 취소 가능한 제한적 라이센스를 부여합니다. 단, 어떠한 경우의 사용에도 본 약관에 부합되어야 합니다. 이용자는 본사의 게임 또는 관련 게임 요소를 여타의 목적으로 사용하지 않는 데 동의합니다.

^9.3 본사가 사전에 서면으로 동의한 경우를 제외하고, 이용자는 본사의 게임 또는 본사 게임의 일부를 복사, 배포 또는 일반에 제공하거나 일체의 파생 저작물을 생산할 수 없습니다.

9.4 특히 9.3항과는 별도로 이용자는 무료 유무를 불문하고 가상 화폐 및/또는 가상 상품에 대한 접근을 제공하는 것을 포함해서, 본사의 게임이나 그 구성요소에 대한 접근을 통제하기 위해서 고안된 치팅툴이나 기술적 수단을 제공해서는 안 됩니다.

^9.5 5.3항에 정의된 바에 따라 이용자는 콘텐츠를 제공함으로써 이용자는 아래의 내용을 확인합니다. 

* 자신에게 콘텐츠를 제공할 권한이 있다는 것을 표명합니다.
* 이용자에게 대가를 지불하지 않고 일체의 미디어(현재 존재하든 미래에 존재하든 관계 없이)를 통해 어떠한 목적으로든 영구적으로 이용자의 입력 정보를 수정, 적용, 게시 및 사용하고 그로부터 일체의 파생 저작물을 생성할 수 있는 권한을 본사 및 본사의 그룹사에 부여합니다.
* 콘텐츠에 대해 이용자가 이른바 \"인격권\"(예를 들어 입력 정보의 생성자로서 명명될 수 있는 권리 및 경멸적 취급을 받지 않을 권리 등을 포함)이라는 것을 소유할 수 있다는 점을 이해하며, 콘텐츠에 대해 상기한 인격권을 포기하기로 합의합니다.
* 이용자가 본사에 제출한 콘텐츠에 대한 이용자의 권리를 본사가 모니터링하거나 보호할 의무가 없다는 점을 이해합니다. 단, 이용자는 본사가 원할 경우 해당 콘텐츠에 대한 이용자의 권리를 행사할 권한을 본사에 부여합니다(이용자를 대리하여 법적 조치를 취할 권리 포함).

^9.6 이용자는 본사 게임의 여타 이용자가 소유한 콘텐츠를 복사 또는 배포하거나 일반에 제공하거나 파생 저작물을 생성할 수 없습니다. 이용자 본인의 지적재산권이 인터넷상에서 누군가에 의해 침해되었다고 믿는 경우, 이용자는 다음 정보를 ip-notice@king.com에 이메일로 보내서 본사와 연락할 수 있습니다.  

* 지적재산권에 대한 설명
* 침해 대상 자료가 소재한 위치에 대한 설명
* 이용자의 주소, 전화번호 및 이메일 주소
* 위증죄의 전제 하에 이용자가 (i) 이용자가 지적재산권을 소유하고 있는 문제의 자료를 사용하도록 허가하지 않았다는 선의의 믿음을 가지고 있고 (ii) 이용자가 제공하는 정보가 정확하고 바르며 침해 주장이 제기된 배타적 권리의 소유자를 대리하여 행동할 권한이 자신에게 있다는 자필 진술서
* 침해 주장이 제기된 배타적 권리의 소유자를 대리하여 행동할 권한을 가진 개인의 자필 또는 전자 서명

^9.7 본사는 예를 들어, 새 게임, 캐릭터, 게임 이름, 기법, 기술, 프로모션, 게임 피드백 및 개선(이하 “요청되지 않은 제안”)에 대한 아이디어 등을 포함한 요청하지 않은 제안이나 아이디어를 고려하거나 수락하지 않습니다. 그럼에도 불구하고 만일 이용자가 본사에 요청되지 않은 제안을 보내는 경우 이용자는 본사가 기밀을 유지할 필요가 없고 이용자에게 어떠한 책임이나 대가를 지불하지 않고 어떠한 목적으로도 사용할 수 있음을 허가한 것으로 인지하고 동의합니다.

^10 개인 정보 보호

10.1 본사는 Malta의 데이터 보호 기관에 등록되어 있습니다.

10.2 본사는 오로지 본사의 개인정보 취급방침에 따라서, 그리고 본 약관에 규정된 바에 따라서만 이용자의 개인정보를 수집, 처리, 사용 및 공유합니다. 본사의 게임을 이용하는 경우, 이용자는 본사가 이러한 방식으로 이용자의 개인정보를 수집, 처리, 사용 및 공유하는 것에 동의하는 것입니다. 이용자가 본사의 개인정보 취급방침에 동의하지 않는 경우, 이용자는 본사의 게임에 접속하거나 이를 이용해서는 안 됩니다.

^10.3 본사가 수집하는 개인정보에 대해서는 이용자는 본사의 게임과 연계하기로 동의한 소셜 네트워크의 정책의 적용을 받습니다. 이용자가 본사의 게임을 이용하고, 그것이 소셜 네트워크와 상호 작용하도록 허용하기로 동의하는 경우, 이용자는 본사가 이용자를 개인적으로 식별할 수 있도록 해당 소셜 네트워크가 본사와 공유하는 이용자의 이메일 주소 및 그 밖의 정보를 사용할 수 있다는 것을 이해하는 것입니다. 이용자는 이용자가 함께 게임을 이용할 수 있도록 해당 소셜 네트워크에 있는 이용자의 연락처들이 이용자를 찾도록 본사가 협력하는 것도 허락하는 것입니다. 이는 소셜 네트워크에서 본사의 게임을 이용하는 이용자와 다른 이용자들을 위해서 본사의 게임을 보다 즐길 수 있는 것으로 만들기 위한 것입니다.

^11 링크

11.1 본사는 본사의 게임으로부터 제3자 웹사이트나 서비스에 대한 링크를 설정할 수 있습니다. 이용자는 본사가 이러한 제3자들에 의해 제공되는 콘텐츠, 상품 또는 서비스에 관해서 어떠한 약속도 하지 않으며, 본사가 이를 보증하지도 않는다는 점을 이해합니다. 본사는 이러한 제3자들에 의해 야기되는 손실이나 피해에 관해서 이용자에게 책임을 묻지도 않습니다. 해당 제3자와 관련해서 이용자에게 발생되는 일체의 청구액은 이용자의 책임입니다. 이용자가 본인의 정보를 제3자에게 제공할 때, 이용자는 해당 업체들의 개인정보 취급방침(있을 경우)에 따라 제공하는 것이며, 해당 정보와 관련해서 본사 자체의 개인정보 취급방침은 적용되지 않는다는 점을 이해합니다.

^12 약관의 양도

12.1 본사는 이용자의 동의 없이도 다른 누군가에게 본 약관에 따른 본사의 권리나 책임 전부 또는 일부를 양도할 수 있습니다. 이용자는 이러한 양도가 이용자에게 중대한 불이익을 끼치지 않는 한 본사의 양도에 동의합니다. 이용자는 본사가 서면으로 먼저 동의하지 않는 한, 본 약관에 따라 본사가 이용자에게 부여하는 권리를 양도할 수 없습니다.

^13 전체적인 합의

13.1 본 약관은 제1조에서 정의된 본사의 게임에 관해서 이용자와 본사 사이에 이루어진 합의사항 전부를 규정한 것이며, 이용자와 본사 사이에서 이전에 이루어진 모든 합의 및 양해 사항을 대체합니다.

^14 약관의 변경

14.1 이용자는 언제든지 http://about.king.com/consumer-terms/를 방문해서, 한국어 버전을 선택하여 약관 내용을 확인할 수 있습니다. 본사는 해당 인터넷 사이트에 갱신된 버전을 게시함으로써 때때로 본 약관을 갱신할 수 있습니다. 본사는 본사의 제품이나 서비스를 변경하는 경우, 기술적 또는 법적 이유로 인해서, 또는 본사의 사업상 필요가 변경되는 경우에 이러한 조치를 취할 수 있습니다. 이용자가 30일 이내에 변경된 약관을 명시적으로 거절하지 않는 한, 이용자는 변경된 약관에 동의한 것으로 이해합니다. 이용자는 본사의 약관 변경을 수락하지 않는 경우, 즉시 본사의 게임에 대한 접속이나 그 이용을 중단해야 한다는 점에 동의합니다.

^15 분리 가능성

15.1 본 약관의 일부가 현지의 관련 법률이나 관할 법원에 의해 무효 또는 집행 불가능으로 판정되는 경우, 해당 부분은 본사의 원래 의도에 가장 근접하게 반영된 내용으로 관련 법률에 따라 해석되며, 본 약관의 나머지 부분은 유효하고 집행 가능한 것으로 유지됩니다.

^16 본사의 권리 포기

16.1 본사가 본 약관에 따른 본사의 권리를 행사하거나 집행하지 못하더라도 그것이 해당 권리를 집행할 수 있는 본사의 권리에 대한 포기를 의미하지는 않습니다. 이러한 권리의 포기는 오로지 본사가 서면으로 작성해서 서명한 경우에만 효력을 갖습니다.

^17 불만사항 및 분쟁 해결

17.1 대부분의 질의사항은 queries@support.king.com으로 본사에 연락함으로써 신속히 해결될 수 있습니다. 본사가 이용자의 우려사항을 해결할 수 없는 이례적인 상황으로 이용자가 본사를 상대로 법적 조치를 취하고자 하는 경우, 본 약관은 영국 법에 따라 규정되고 해석됩니다.

^18 본 약관에 관한 문의

18.1 본 약관이나 본사의 게임에 관해 문의사항이 있는 경우에는 queries@support.king.com으로 본사에 연락하시기 바랍니다.

18.2 본 약관은 2015년 5월 11일에 최종 갱신되었습니다."
"accept_terms_tos_title","서비스 약관"
"allow_facebook_friends","친구들과 함께하면 소다가 더 달콤해져요!"
"best_value","최고 혜택"
"birthday.modal_text","벌써 1주년이네요! 달콤한 부스터를 즐겨보세요!"
"birthday.modal_title","콩그레츄레이션!"
"button.allow","함께 플레이해요!"
"button.connect","연결!"
"button.generic.buy","구매"
"button.logout","로그아웃!"
"button.ok","확인"
"button_crosspromotion_go","이동하기"
"button_crosspromotion_ok","다운로드"
"button_download_update","지금 업데이트"
"button_end_game","게임 종료"
"button_invite","친구 초대"
"button_play_now","지금 플레이하세요!"
"button_play_on","계속하기"
"button_rate","평가"
"button_restore_purchases","복원"
"button_utility_logout_description","페이스북에서 로그아웃합니다."
"button_utility_restore_description","구매를 복원합니다."
"button_utility_restore_failed_description","구매를 복원하지 못했습니다."
"button_utility_restore_success_description","구매를 복원했습니다."
"buy_lives_button","하트 보충"
"candy_crush_synergy.modal.button","플레이"
"candy_crush_synergy.modal.text","더 많은 소다가 곧 출시됩니다! 기다리는 동안 캔디크러쉬사가를 즐겨보세요!"
"candy_crush_synergy.modal.title","캔디크러쉬사가"
"castle.welcome_peasant","버블껌보다 왕관이 잘 어울리는 사람은 없지만... 어쨌든 시도는 해 보세요! 므하하!"
"castle.welcome_pending","돌아왔군요! 인터넷에 연결되어 있어야 보상을 받을 수 있어요! 플레이하고 보물을 얻으세요!"
"castle.welcome_regent","왕좌에 올라서 권세를 누리세요! 걱정 말아요, 원래 끈적거리는 거예요."
"ccss_google_flash_deal_product_description","Google Play 반짝 할인을 지금 살펴보세요! - 상점에서 패키지를 확인하세요!"
"collab_lock_modal_info","친구들에게 도움을 요청해서 다음 에피소드를 여세요!"
"collab_lock_modal_time","에피소드가 {days}일:{hours}시:{minutes}분 후에 열립니다."
"collab_lock_modal_title","에피소드 해제!"
"collab_unlocked_modal_info","다음 에피소드가 열렸습니다. 출발!"
"collab_unlocked_modal_title","에피소드가 열렸습니다!"
"collaboration_ask_button","친구에게 요청하기"
"collaboration_text_1","소다 피크닉을 떠날 시간입니다. 친구를 초대해서 친구 3명이 가입하면 여행을 계속할 수 있습니다!"
"collaboration_text_2","빨리 다음 단계로 넘어가고 싶으신가요? 골드바를 사용해서 즉시 입장하세요."
"collaboration_title","새 레벨 잠금 해제"
"collaboration_unlock_button","지금 잠금 해제"
"collaboration_unlocked_button","출발!"
"collaboration_unlocked_text","친구에게 도움을 받았습니다! 완전히 새로운 레벨로 계속 플레이 하세요."
"collaboration_unlocked_title","새로운 레벨이 열렸습니다!"
"common.askfriends","친구에게 요청하기"
"common.connected","연결됨"
"common.connected.to.facebook","페이스북에 연결됨"
"common.connecting","연결 중"
"common.connecting.to.facebook","페이스북에 연결 중"
"common.disconnected","연결 끊김"
"common.disconnected.from.facebook","페이스북 연결 끊김"
"common.download","다운로드!"
"common.failed.to.connect","연결 실패"
"common.failed.to.connect.facebook","페이스북에 연결 실패"
"common.getmorelives","하트를 더 받으세요!"
"common.getmorelivesdescription","친구에게 하트를 요청하세요."
"common.hard","어려움"
"common.highscore","최고점수"
"common.leaderboard","순위표"
"common.levelN","레벨 {level}"
"common.lives.full","Full"
"common.no.internet.available","인터넷에 연결할 수 없습니다."
"common.outoflives","하트가 없어요!"
"common.outoflivesdescription","친구에게 추가 하트를 요청하거나 골드바로 하트를 가득 채우세요!"
"common.play","게임 시작!"
"common.score","점수:"
"common.sendtoall","전체 전송"
"common.timetonextlife","다음 하트 충전까지 남은 시간:"
"common.unlimitedlifetime","무제한 하트:"
"confirm_exit_app_button","게임 중단"
"confirm_exit_app_header","나가기 확인"
"confirm_exit_app_text","게임을 중단하시겠습니까?"
"confirm_exit_level_button","레벨 중단"
"confirm_exit_level_text","레벨을 중단하시겠습니까?"
"crosspromo.header","다른 게임도 해보세요!"
"discount","할인"
"download_diorama_failed","새로운 지도를 다운로드할 수 없나요? 다시 시도해보세요."
"download_diorama_failed.title","문제 발생"
"download_diorama_offline","새로운 지도를 다운로드하려면 인터넷에 연결해주세요!"
"download_diorama_offline.title","오프라인"
"download_diorama_wifi","정말로 Wi-Fi에 연결하지 않고 다운로드하시겠습니까?"
"download_diorama_wifi.title","지도 다운로드"
"downloading_diorama","지도 다운로드 중..."
"end_game_swipe.close_call.Bottle","병 1개만 더 터뜨리면 되는데!"
"end_game_swipe.close_call.Bottle_pl","병 {amount}개가 남았네요!"
"end_game_swipe.close_call.Bubblegum","풍선껌 1개만 남았어요!"
"end_game_swipe.close_call.Bubblegum_pl","풍선껌 {amount}개만 남았어요!"
"end_game_swipe.close_call.Chocolate","초콜릿 1개만 남았어요!"
"end_game_swipe.close_call.Chocolate_pl","초콜릿 {amount}개가 남았네요!"
"end_game_swipe.close_call.Genericbears","곰돌이 한 마리만 더 찾으면 되는데!"
"end_game_swipe.close_call.Genericbears_pl","곰돌이 {amount}마리가 남았네요!"
"end_game_swipe.close_call.PaintBattle_pl","잼을 {amount}칸 더 발라야 해요!"
"end_game_swipe.close_call.SodaFizz","병뚜껑 1개만 더 모으면 돼요!"
"end_game_swipe.close_call.SodaFizz_pl","병뚜껑 {amount}개만 더 모으면 돼요!"
"end_game_swipe.close_call.generic","{amount}개가 남았어요!"
"end_game_swipe.close_call.title","아까워요!"
"episode01.intro","당신과 함께하면 캔디 마을은 언제나 화창하답니다! 하지만, 티피가 없으면 조용하죠!"
"episode01.outro","티피의 편지는 왜 오지 않는 거죠? 어디에 있는 걸까요?"
"episode02.intro","지나가는 병 속의 메시지를 보지 못했어요. 나무에 매달려 노느라 정신이 없었거든요... 이얏호!"
"episode02.outro","소다에 빠진 소다곰을 돕고 싶지만, 나무에서 노는 것을 멈출 수가 없어요. 이얏호!"
"episode03.intro","제 소다 연못이 바다로 변했어요! 제가 작은 도넛 드래곤이었던 시절을 떠오르게 하네요!"
"episode03.outro","이 포탈을 통과하면 티피와 만날 수 있어요! 하지만 캔디로 만들어지지 않은 땅으로 가게 될 수도 있으니 조심하세요. \"으으~\" \"소름 끼쳐\"."
"episode04.intro","해변으로 떠밀린 병 속의 메시지를 읽지 않고 제가 어떻게 모두의 비밀을 알 수 있죠?"
"episode04.outro","여동생을 찾으면 병 속에 든 편지를 보내주세요! 편지가 도착하면 읽어볼게요!"
"episode05.intro","아, 나 왜 깨웠어? 캔디 숙취로 고생하고 있는 거 안 보여?"
"episode05.outro","캔디 공장에서 파티를 벌이지 마. 펀치볼에 빠지면 영구 제명된다고."
"episode06.intro","아, 난 아래로 내려가지 않을 거야. 날 기다리는 건 실망감과 끈적거리는 발바닥 뿐일 테니."
"episode06.outro","티피가 돌아다니는 것을 봤어. 아니면 토네이도에 걸린 걸레였나?"
"episode07.intro","꿀침 흘려서 죄송해요! 공장 밖의 야생 캔디를 맛보고 있었어요!"
"episode07.outro","공장이 다시 열리면 좋겠어요! 저는 사장님이 저희 일꾼을 위해 주문하는 케이크를 좋아해요."
"episode08.intro","세상에나, 방문객이라니! 제 마법의 달콤한 케이크 제빵기를 다시 사용할 날이 분명 올 거라 믿었어요!"
"episode08.outro","공장 사고 이후로 주문이 급격히 줄었는데, 케이크를 아주 좋아한다니 다행이네요!"
"episode09.intro","제 소다곰 친구들은 방울 안에서 노는 걸 좋아해요. 저도 방울 안에서 살면 참 좋을 텐데 말이에요."
"episode09.outro","공장에서 다시 일하라고요? 은퇴가 얼마나 달콤한데요! 소다와 소다곰이 사방에 널렸죠!"
"episode10.intro","어어이! 누구를 찾는 중인가?"
"episode10.outro","티피? 이럴 수가! 바로 어제도 한 말썽쟁이가 그 애를 찾던데!"
"episode11.intro","소다 교수로서 보낸 세월 동안 이렇게 당도가 높은 소다는 맛본 적이 없어요!"
"episode11.outro","캔디 공장에서 뭔가가 단단히 잘못된 듯합니다!"
"episode12.intro","안녕하세요! 신선한 젤리 과자 찾으시나요? 소다 덕분에 수확이 풍족해요!"
"episode12.outro","캔디 공장에서 계속 소다를 공급해주면 캔디 크기 기록을 깰 수 있을 거예요."
"episode13.intro","엄청난 소동을 일으켰네요! 아니, 잠깐만! 당신, 상황을 이리 엉망으로 만든 소녀와 닮았네요."
"episode13.outro","마지막으로 캔디 공장으로 들어간 소녀는 문제아였죠. 그 소녀와 관련이 없길 바랄 뿐이네요."
"episode14.intro","오셔서 천만다행이에요. 이 감초 줄이 오래 버티지 못할 거에요!"
"episode14.outro","티피보고 빨리 돌아오라고 하세요! 감초는 먹으라고 있는 거지, 공장을 지탱하라고 있는 게 아니에요."
"episode15.intro","아, 캔디 공장의 전성기를 보셨어야 하는데... 하루하루가 정말 꿈만 같았죠."
"episode15.outro","제 넥타이가 마음에 드세요? 바라건대, 당신의 여동생이 이걸 없애지 않았으면 해요."
"episode16.intro","소다 수위가 오르지 않고 있어요. 저 정신 나간 개구리 소다 박사의 말을 믿지 마세요!"
"episode16.outro","저보고 눈뜨라고 하지 마세요! 얼어붙은 사탕이 녹지 않고 있다고요!"
"episode17.intro","소다가 영원히 흘렀으면 좋겠어요! 그래야 배불리 먹을 수 있는 뷔페가 계속되죠!"
"episode17.outro","조금 더 가까이 다가오면 소다에 대해 얘기해줄게요. 앙 깨물어줄 만큼 맛있어 보이네요!"
"episode18.intro","아직도 언니를 찾고 있나요? 전 그녀를 오래전에 만났죠."
"episode18.outro","물론 티피에게 데려다줄 수 있죠. 전 지니 인걸요! 꽉 붙잡아요! 시간 여행은 조금 험난할 수 있어요."
"episode19.intro","이 궁전은 한때 제 소유였어요. 하지만 지금은 티피 덕분에, 소다 하우스에 알맞게 되었어요."
"episode19.outro","우리는 티피에게 갈 거예요. 하지만 그 전에 공장 매니저를 보세요. 그녀도 한때는 아주 행복해 보였죠."
"episode20.intro","이곳은 캔디 왕국의 중심이었어요 - 모든 캔디가 만들어지던 곳이랍니다!"
"episode20.outro","아, 그녀가 만든 예술적인 캔디들이 그립군요. 그래도 언젠가 그녀는 돌아올 거에요..."
"episode21.intro","당신의 동생이에요, 티피! 매우 의욕이 넘쳐요. 봐요, 이미 로봇의 넥타이를 부러뜨렸어요!"
"episode21.outro","티피가 너무 많이 고쳤나 봐요. 그래서 선물이 소다에 흠뻑 젖어버렸네요. 다시 되돌릴까요?"
"episode22.intro","이런! 공장 매니저가 바로 앞에서 기다리고 있어요. 당신을 기다려왔데요!"
"episode22.outro","서두르는 게 좋을 거에요, 매니저가 보면 미쳐 날뛸지도 모르니까요. 이런, 제 말은요... 음하하하!"
"episode23.intro","버블껌 트롤이 이리로 보냈다고? 도대체 무슨 꿍꿍이가 있는 거지?"
"episode23.outro","제가 파놓은 구멍은 신경 쓰지 마세요. 하지만 공장 매니저는 조심하셔야 해요!"
"episode24.intro","전 미치지 않았어요. 그냥 소다를 좋아할 뿐이죠! 당신 자매가 친절을 베푼 덕에 달콤한 스파 생활을 즐기고 있어요."
"episode24.outro","공장은 터졌지만, 포탈을 따라가면 캔디들이 어디서 오는지 알게 될 거에요."
"episode25.intro","캔디 왕국의 더 달콤한 지역에 오신 걸 환영합니다. 깨진 조각들은 신경 쓰지 마세요."
"episode25.outro","티피가 공장을 터뜨렸을 때 소다가 쏟아져 나왔죠. 하지만 캔디들을 멈출 순 없었어요."
"episode26.intro","지금은 너와 나 둘뿐이야. 끈끈한 여정을 함께해줘서 고마워."
"episode26.outro","캔디 왕국은 캔디로 만들어졌지! 넘치는 소다는 위험한 게 아니었어! 그런데 대체 티피는 어디에 있지?"
"episode27.intro","어린 친구여, 지금까지 먼 길을 와서 많은 것들을 배웠구나. 하지만 캔디 왕국에는 아직도 밝혀지지 않은 비밀들이 있단다."
"episode27.outro","티피의 여정은 네가 갈 길과 이어진단다. 티피의 흔적을 찾아 모험을 계속하거라."
"episode28.intro","이 모자와 콧수염은 네 동생의 멋진 선물이란다."
"episode28.outro","티피가 돌아와서 날 구해줄 날이 머지않았어... 분명해."
"episode29.intro","이것보다 더 완벽히 달콤한 캔디를 본 적 있니? 아니, 정말로. 난 본 적 없어."
"episode29.outro","어제 캔디 하나가 날 물었어. 가만 캔디가 아니라 오소리였나?"
"episode30.intro","젤리 더 가져왔나요? 쇼가 좀 있으면 시작하는데 젤리가 떨어져 가네요."
"episode30.outro","언젠가는 빛나는 갑옷을 입은 나의 기사님이 올 거예요. 젤리를 한 아름 안고서 말이죠!"
"episode31.intro","얼른 움직여요! 잡담할 시간 없어요. 나무들이 저절로 멋지게 단장하진 않을 테니까요."
"episode31.outro","훨씬 낫네요. 그리고 1년밖에 안 걸렸어요. 이제 3,926그루만 더 하면 되겠네요."
"episode32.intro","전 매일 소다 바다 아래에서 달콤한 것들을 찾아낸답니다! 막대 아이스크림 같은 거 말이죠."
"episode32.outro","심지어는 저 아래에서 소다곰들이 방울 안에서 놀고 있는 것도 봤어요."
"episode33.intro","여기 어디 앉아서 마시멜로 꼬치 좀 먹으며 쉬지 그래요. 긴장 풀어요. 인생은 더 달콤하답니다!"
"episode33.outro","여기 너무 오래 앉아 쉬었더니 휴가가 좀 필요한 기분이네요. 어디 추천할 만한 곳 없어요?"
"episode34.intro","후아! 누가 거길 가겠어요? 오늘 누군가를 구하는 데 도움이 필요하신가요, 부인?"
"episode34.outro","네가 그 전설의 키미? 그렇다면 난 다른 친구를 찾아서 구해야겠는걸!"
"episode35.intro","설탕 사막을 혼자 건너겠다고? 기운 나게 해 줄 거품 덩어리도 없으면서!"
"episode35.outro","여분의 사탕 없이 사막을 건넜던 사람은 없었어. 분명 네 안에는 달콤함이 가득할 거야."
"episode36.intro","여기는 언제나 내 마음속 고향으로 남을 거야. 지금 난 새로운 모험을 할 준비가 됐어!"
"episode36.outro","내 그림들과 팝콘 없이는 떠날 수 없어! 앞으로 어떤 모험이 기다리고 있을까?"
"episode37.intro","모두모두 함께해요! 솜사탕 카니발에선 모두 다 승리자랍니다!"
"episode37.outro","당신은 정말 행운아예요! 그 행운이 어디서든 함께하길 빌게요!"
"episode38.intro","표... 표 좀 주세요... 아뇨, 이 놀이기구 타도 멀미가 나거나 하지는 않을 거에요. 전 원래 이렇게 생겼거든요."
"episode38.outro","휴가 좀 다녀왔으면 좋겠어요. 하지만 표 값 내러 오는 손님들 때문에 시간이 없네요."
"episode39.intro","회전목마는 누구든지 좋아해요! 내리기가 싫을 정도죠! 당신도 타보시겠어요?"
"episode39.outro","미안해요, 이 놀이기구들이 너무 재미있나봐요. 한 1년 정도 있다가 오는게 좋을 것 같아요."
"episode40.intro","왜 나무에 경고 표시가 없는 거죠? 이 나무들은 너무 맛있어서 다 먹어버릴 것만 같아요!"
"episode40.outro","필요한 것보다 더 많은 나무를 씹어먹어 버렸어요! 별 문제 없었으면 좋겠네요! 나무가 넘어가니까 조심해요!"
"episode41.intro","완벽히 달콤한 포션을 위해 한 가지 재료가 더 필요해요. 설탕 나무껍질을 어디다 뒀더라?"
"episode41.outro","저 성가신 비버가 설탕 나무껍질을 모두 먹어 치웠네요. 더 많은 젤리로 대체할 수 있을 것 같은데요?"
"episode42.intro","오, 안녕하세요! 저의 달콤한 유혹의 노랫소리를 듣고 오신 건가요?"
"episode42.outro","곧 돌아오세요! 전 훨씬 더 많은 손님을 기대하고 있어요. 그 누구도 내 달콤한 목소리를 거부하지 못하죠!"
"episode43.intro","진저 피그와 함께 거닐기 좋은 날이네요. 최고의 빵인 바로 그 친구 말이에요!"
"episode43.outro","호호호! 길을 비켜주세요! 슈가파우더 눈밭에서 뒹구는 진저 피그는 좀처럼 막을 수 없거든요!"
"episode44.intro","오, 오, 올겨울은 아이스크림보다 더 차갑네요! 따뜻한 캔디지팡이가 있으면 좋을 텐데!"
"episode44.outro","슈, 슈, 슈가파우더 사막을 지키러 가야겠어요. 어, 어, 어느 쪽인지 방향 좀 알려주실래요?"
"episode45.intro","쉿! 캔디 물고기가 겁먹고 도망가면 어떡해요? 아직 미끼도 안 물었는데!"
"episode45.outro","캔디 물고기는 반짝이는 도넛을 보면 안 물고는 못 배기죠! 잡히는 건 시간문제라니까요."
"episode46.intro","난 숨기의 달인이지. 절대 못 찾을걸! 하하"
"episode46.outro","물고기를 잡았어. 이젠 천천히 물러나 볼까!"
"episode47.intro","꼬마야, 내 잔치에 어서 오렴! 언제나 지혜와 캔디가 가득했으면 좋겠구나. 하하!"
"episode47.outro","계속해 볼까! 난 동쪽 캔디 왕국을 몇 년간 탐험했지. 아직도 볼 게 많단다!"
"episode48.intro","발밑을 조심하렴. 내 아름다운 알들을 위한 완벽한 둥지를 만드는 중이란다."
"episode48.outro","내 작은 아기들이 부화하고 있어. 구름을 정돈해줘서 고맙구나."
"episode49.intro","아, 그럼. 네 동생을 만난 적 있지. 정말 많은 도움이 됐었어."
"episode49.outro","우리가 우주에 있어도 그 애는 네 목소리를 들을 수 있단다. 티피를 꼭 찾으렴!"
"episode50.intro","비스킷! 여기서 뼈 비스킷 냄새가 나는걸요. 혹시 못 봤어요?"
"episode50.outro","냠냠... 이 비스킷 정말 끝내줘요! 사실 비스킷은 다 맛있지만요!"
"episode51.intro","움직이는 표적은... 정말 맞히기 힘들다니까요!"
"episode51.outro","전 발렌타인 토끼 가문 출신이라고요. 매일 훈련하며 노력해야 해요!"
"episode52.intro","그냥 보면 마법 같지만 사실은 기술이랍니다. 깜짝 놀라게 될 테니 잘 지켜보세요!"
"episode52.outro","캔디의 무예는 역사가 무척 오래되었습니다. 리듬에 맞춰 계속해봐요."
"episode53.intro","첫 손님이 오셨네요! 마라카스를 흔들며 함께 즐겨봐요!"
"episode53.outro","벌써 가려고요? 언제라도 좋으니 또 와요, 친구."
"episode54.intro","저기요! 제 갈기가 이 연못보다 훨씬 더 반짝이지 않나요?"
"episode54.outro","제 이름을 딴 장미는 그 향이 훨씬 더 달콤하답니다."
"episode55.intro","조심하렴! 곰돌이들은 길에서 노는 것을 좋아하니 말이야."
"episode55.outro","길을 따라가다 보면 네가 원하는 걸 찾게 될 거야. 계속 가보렴!"
"episode56.intro","제가 아주 똑똑하진 않지만 어쨌거나 제 일은 잘해내지요. 누굴 \"겁주는\" 것만 빼고요."
"episode56.outro","새를 쫓아버릴 수 없어서 그냥 친구가 되기로 했어요!"
"episode57.intro","도와주세요! 저... 저기 있는 나비들이 너무 무서워요!"
"episode57.outro","나... 나비 효과라고 모... 못 들어 봤어요?"
"episode58.intro","방금 우체부가 다녀갔어요. 전해 줄 소식이 있다던데요."
"episode58.outro","우체부를 만나시면 제가 아직도 없어진 부품을 기다리고 있다고 전해주세요!"
"episode59.intro","으... 도덕군자인 척하는 내 동생을 만난 모양이네. 우린 닮은 구석이 하나도 없다고!"
"episode59.outro","네 동생을 못 찾겠다고? 그게 그렇게 기분이 상할 일인가?"
"episode60.intro","'...쿨쿨....드르렁...'"
"episode60.mid","이런 고얀 노릇을 봤나... 누가 방해하는 거냐?"
"episode60.outro","아, 네 일이라면 잘 안다. 요정들은 널 도울 수 없지만, 작은 배라면 가능하지."
"episode61.intro","백파이프와 소다 한 병 없이는 출항할 수 없는 법!"
"episode61.outro","이봐, 필요하면 내 배를 써도 좋아. 바로 저쪽에 있지!"
"episode62.intro","해적선으로 보인다고? 이래 봬도 캔디 왕국에서 가장 위풍당당한 배라고!"
"episode62.outro","내 갑판도 좀 쉬게 해줘. 너무 밟고 다니면 못 버틴다고."
"episode63.intro","이야! 당신은 간식을 많이 싸 들고 다닐 것처럼 보이는데요! 맞죠? 맞죠? 맞죠?"
"episode63.outro","우체부가 방금 제 파이를 전해주었어요, 냠냠냠!"
"episode64.intro","소다 바다에는 달콤한 악세사리가 가득해요!"
"episode64.outro","... 그래서 내가 그랬죠. 내 지갑이 마음에 안 들면 나도 더는 할 말 없다고!"
"episode65.intro","이봐이봐이봐요, 달콤한 조개에서는 파티가 일상이랍니다!"
"episode65.outro","상어 같은... 아니, 짜증 부리는 손님은 사절이에요!"
"episode66.intro","소다에 알레르기가 있는 고래 우체부는 사는 게 참 고달파..."
"episode66.outro","아이고! 저 병은 키미, 너한테 전해줘야 하는데. 미안해! 정말 미안해!"
"episode67.intro","만들 옷은 많은데 도와줄 친구가 없으니... 어떻게든 해봐야죠!"
"episode67.outro","저 키 크신 분은 옷을 가져오셨나요? 딱 어울리는 옷을 만들어뒀는데!"
"episode68.intro","우리 귀여운 키미! 여행 다니긴 어떠냐? 이야기 좀 들려주렴!"
"episode68.outro","한동안 티피를 못봤는데, 저번에 듣기로는 네게 편지를 보냈다더구나."
"episode69.intro","마시멜로처럼 부드럽게 움직여요!"
"episode69.outro","소다 거품처럼 가볍게! 솜사탕처럼 빙빙 돌아요!"
"episode70.intro","앞으로 오세요! 앞이 아니라 안인가? 관객을 어디로 안내해야 하나요? "
"episode70.outro","공연 재미있게 보세요! 아니, 오페라인가? 가만, 여기 극장 맞죠?"
"episode71.intro","여기도 살피고 저기도 살폈건만, 분홍 나비넥타이의 소녀는 찾을 수 없었다네."
"episode71.outro","마침내 기쁨 속에 다시 만났다네. 오, 하지만 흔들리는 여왕을 조심할지니..."
"episode72.intro","굉장해! 끝내줬어! 이런 게 바로 제대로 된 공연이지!"
"episode72.outro","천직을 발견한 것 같아, 키미. 난 다음 작품을 준비하러 가볼게!"
"episode73.intro","너 정말 예쁘구나! 나무들도 예쁘고, 모든 게 정말 너무 예쁘네!"
"episode73.outro","다음 에피소드에선 차를 꼭 마셔보렴. 너만큼 달콤하단다!"
"episode74.intro","달콤한 녹차와 케이크의 시간! 천국의 맛이랄까요?!"
"episode74.outro","한 잔 이상은 안 되요. 너무 달거든요."
"episode75.intro","정말 요리할 수 있다니까요! 그저... 시간이 좀 걸릴 뿐이에요."
"episode75.outro","저는 달팽이! 비록 팔은 없지만, 힘으로는 누구에게도 지지 않는답니다!"
"episode76.intro","키미, 떠들썩한 숲으로 온 걸 환영해!"
"episode76.outro","나는 숲에서 일어나는 모든 일들에 대해 낱낱이 알고 있지. 아쉽지만 티피는 여기 온 적이 없단다."
"episode77.intro","숲속을 흐르는 소다가 제 뿌리에 영양을 공급해 준답니다!"
"episode77.outro","솜사탕이요, 솜사탕... 여기 솜사탕 받아가세요!"
"episode78.intro","나는 이 도토리의 수호자! 멋지지 않아? 모든 사슴이 다 나무를 탈 수 있는 건 아니라고."
"episode78.outro","도토리를 집으면, 도토리를 얻는다네! 그러나 도토리란 늘 도토리일까? 그것이 문제로다..."
"episode79.intro","천천히 가렴. 그렇게 빨리 헤엄치다간 지느러미가 떨어질 거란다!"
"episode79.outro","우리가 지금 유리 볼 속에서 볼링을 하는 건가? 하하!"
"episode80.intro","아니 이런! 아까 그 금발머리 여자애가 제 말들에게 소다를 잔뜩 뿌려 놨네요!"
"episode80.outro","말들을 소개해 드릴게요! 얘는 젤리, 얘는 캐러멜 소스, 그리고 얘는... 지금 듣고 있는 거예요?"
"episode81.intro","이런, 물고기가 바닥에 떨어졌네! 소다를 뿌려주면 될까? 어떡하지?"
"episode81.outro","맞아, 생선 냄새가 폴폴 나지? 하하하! 응? 뭔가 수상쩍다고?"
"episode82.intro","브루우우? 부르? 위잉? 맞아! 윙윙. 나도 할 수 있다고. 윙!"
"episode82.outro","꿀벌 여러분, 사랑해요! 부디 여러분과 함께 살게 해주세요!"
"episode83.intro","세계 최고의 예술가가 될 거야!"
"episode83.outro","키미! 내가 왕국에 있는 사람들을 전부 그렸는데, 누군지 알아볼 수 있겠니?"
"episode84.intro","티피... 티페리노... 맞아, 티피가 병 속에 숨겨진 힌트였지."
"episode84.outro","이건 누구 손이지!? 아하, 내 발이로구나..."
"episode_name_1","캔디 마을"
"episode_name_10","캔디지팡이 섬"
"episode_name_11","눈설탕 숲"
"episode_name_12","감초 초원"
"episode_name_13","설탕껍데기 만"
"episode_name_14","캔디 공장"
"episode_name_15","웨이퍼 작업장"
"episode_name_16","끈적한 빙하"
"episode_name_17","설탕 발린 습지"
"episode_name_18","팜슈가 오아시스"
"episode_name_19","솜사탕 궁전"
"episode_name_2","롤리팝 풀밭"
"episode_name_20","스위토피아"
"episode_name_21","스토피아"
"episode_name_22","끈적이는 우리 집"
"episode_name_23","주주베 정글"
"episode_name_24","톡 쏘는 스파"
"episode_name_25","당근 케이크 테이블"
"episode_name_26","마법의 거울"
"episode_name_27","크림 산봉우리"
"episode_name_28","맛있는 사막"
"episode_name_29","마시멜로 광산"
"episode_name_3","소다 온천"
"episode_name_30","열대의 젤리 나라"
"episode_name_31","근사한 정원"
"episode_name_32","소다아이스 바다"
"episode_name_33","버터크림 늪지"
"episode_name_34","초콜릿에 폭 담긴 성"
"episode_name_35","코코넛 크림 신기루"
"episode_name_36","젤리가득 숲"
"episode_name_37","솜사탕 카니발"
"episode_name_38","유령의 감초사탕"
"episode_name_39","캐러멜 회전목마"
"episode_name_4","조각케이크 해변"
"episode_name_40","시리얼 바 숲"
"episode_name_41","끈끈한 캔디 동굴"
"episode_name_42","코코넛 크림 바다"
"episode_name_43","진저브레드 소나무"
"episode_name_44","캔디지팡이 언덕"
"episode_name_45","사탕 낚시터"
"episode_name_46","봉봉 해변"
"episode_name_47","쿵푸 젤리"
"episode_name_48","카라멜 크림 구름"
"episode_name_49","푸른 빛의 버블껌"
"episode_name_5","각설탕 동굴"
"episode_name_50","패스트리 행성"
"episode_name_51","빨간 벨벳 빌라"
"episode_name_52","달콤한 명상 정원"
"episode_name_53","피냐타 파티"
"episode_name_54","장미 라즈베리 연못"
"episode_name_55","소다곰 마을"
"episode_name_56","풍요로운 들판"
"episode_name_57","페퍼민트 숲"
"episode_name_58","소다 온천 공장"
"episode_name_59","거짓말쟁이 감초사탕"
"episode_name_6","초코 협곡"
"episode_name_60","에메랄드 저택"
"episode_name_61","맛있는 부두"
"episode_name_62","달콤 가득 요트"
"episode_name_63","놈 호수"
"episode_name_64","보글보글 해저"
"episode_name_65","달콤한 조개"
"episode_name_66","보랏빛 석호"
"episode_name_67","이상한 작업실"
"episode_name_68","감미로운 라운지"
"episode_name_69","마시멜로 공연"
"episode_name_7","꿀 정원"
"episode_name_70","솜사탕 휴게실"
"episode_name_71","맛나 극장"
"episode_name_72","달콤한 조정실"
"episode_name_73","경단 정원"
"episode_name_74","달콤한 다도"
"episode_name_75","캔디 초밥 가판대"
"episode_name_76","아이스크림 섬"
"episode_name_77","반짝반짝 숲"
"episode_name_78","크림 절벽"
"episode_name_79","페르시판 교실"
"episode_name_8","컵케이크 오두막"
"episode_name_80","신나는 농장"
"episode_name_81","로쿰 길"
"episode_name_82","꿀 초원"
"episode_name_83","글레이즈 갤러리"
"episode_name_84","눈설탕 온천"
"episode_name_9","소다 해안"
"event.doublefish.text","캔디 물고기를 하나 사용할 때마다, 물고기 두 마리가 캔디를 먹어치웁니다!"
"event.doublefish.title","더블 캔디 물고기"
"event.greenlantern.info.button","참여하기"
"event.greenlantern.info.text","King과 Apple, 세계자연기금(WWF)이 지구의 자연환경을 보호하기 위해 힘을 합쳤습니다.오늘부터 4월 24일까지 WWF 로고가 있는 아이템을 구매하면 수익금의 100%가 WWF에 기부됩니다."
"event.greenlantern.kotc.ended.description","지금은 Bamboo hill이 닫혀 있습니다. 플레이해주셔서 감사합니다!"
"event.greenlantern.kotc.info.description","하트 하나로 이 5개의 레벨을 완료하고 Bamboo hill의 새로운 왕이 되세요! 왕좌를 차지하고 보물을 획득하세요!"
"event.greenlantern.kotc.title","Bamboo hill"
"event.greenlantern.offer.text","King과 Apple, 세계자연기금(WWF)이 지구의 자연환경을 보호하기 위해 힘을 합쳤습니다.오늘부터 4월 24일까지 구매한 아이템의 수익금의 100%가 WWF에 기부됩니다."
"event.greenlantern.purchaseresult.header","감사합니다!"
"event.greenlantern.purchaseresult.text","상품의 수익금은 전세계의 숲을 보호하는 데 사용됩니다!"
"event.greenlantern.title","APP과 함께하는 지구 사랑"
"event.heroquest.kimmy.calculating.label","토너먼트 종료됨"
"event.heroquest.kimmy.calculating.text","키미가 지금 토너먼트 결과를 계산하고 있어요. 상위 10등에 들었다면 곧 보상을 받으실 거예요. 조금만 기다려주세요!"
"event.heroquest.kimmy.calculating.title","결과 계산 중"
"event.heroquest.kimmy.exit.button","계속 낚시하기!"
"event.heroquest.kimmy.exit.label","그만 보기"
"event.heroquest.kimmy.exit.text","이 레벨을 클리어하지 못하면 잡은 물고기를 놓치게 돼요."
"event.heroquest.kimmy.exit.title","나가기"
"event.heroquest.kimmy.gift.button","선물 받기"
"event.heroquest.kimmy.gift.item","더블 캔디 물고기"
"event.heroquest.kimmy.gift.text","물고기 {qualifying_limit}마리에 대한 선물이에요!"
"event.heroquest.kimmy.gift.title","많이 낚았네요!"
"event.heroquest.kimmy.info.button","낚시하기"
"event.heroquest.kimmy.info.disclaimer","팁: 레벨을 클리어해야 물고기를 모읍니다."
"event.heroquest.kimmy.info.text","물고기 {qualifying_limit}마리를 잡으면 소다 톡 쏘는 선물이! 낚싯대를 던져 더 달콤한 보상에 도전해 보세요!"
"event.heroquest.kimmy.info.title","낚시하러 가요!"
"event.heroquest.kimmy.mapicon.closed","종료"
"event.heroquest.kimmy.mapicon.highscore","토너먼트"
"event.heroquest.kimmy.reward.end.text","{rank}등을 차지했어요! 오늘의 낚시 토너먼트는 끝났지만 낚싯대는 항상 준비해두세요. 토너먼트가 언제 돌아올지 모르니까요!"
"event.heroquest.kimmy.reward.end.title","멋지게 잡았네요!"
"event.heroquest.kimmy.reward.won.button","보상 받기"
"event.heroquest.kimmy.reward.won.text","아래 보상을 낚으셨어요!"
"event.heroquest.kimmy.reward.won.title","축하해요!"
"event.heroquest.kimmy.starman.won.title","축하해요!"
"event.heroquest.kimmy.toplist.text","낚시 토너먼트!"
"event.heroquest.kimmy.unlock.button","계속하기"
"event.heroquest.kimmy.unlock.disclaimer","팁: 레벨을 클리어해야 물고기를 모읍니다."
"event.heroquest.kimmy.unlock.text","스페셜 이벤트를 잠금 해제했어요. 다른 플레이어와 플레이하며 물고기를 모아 달콤한 보상을 받으세요!"
"event.heroquest.kimmy.unlock.title","낚시 토너먼트"
"event.heroquest.manager.calculating.label","콘테스트 종료"
"event.heroquest.manager.calculating.text","캔디 수를 세고 있어요. 상위권에 올랐다면 곧 보상을 받으실 거예요. 조금만 기다려주세요!"
"event.heroquest.manager.calculating.title","캔디 수 세는 중"
"event.heroquest.manager.exit.button","계속하기"
"event.heroquest.manager.exit.label","그만 보기"
"event.heroquest.manager.exit.text","레벨을 클리어하지 못하면 만든 줄무늬 캔디를 잃게됩니다."
"event.heroquest.manager.exit.title","정말 그만두시겠어요?"
"event.heroquest.manager.gift.button","좋아요"
"event.heroquest.manager.gift.item","줄무늬 롤리팝 해머"
"event.heroquest.manager.gift.text","여러분이 도와줘서 공장 매니저가 매우 기뻐하고 있습니다. 선물을 받아주세요!"
"event.heroquest.manager.gift.title","해냈어요!"
"event.heroquest.manager.info.button","만들기"
"event.heroquest.manager.info.disclaimer","팁: 가장 최근에 도달한 레벨에는 10배 보너스가 적용됩니다!"
"event.heroquest.manager.info.text","매니저가 공장으로 돌아왔어요! 줄무늬 캔디 {qualifying_limit}개를 만들어 톡 쏘는 선물을 받고 고장 난 기계도 고쳐주세요."
"event.heroquest.manager.info.title","누가 돌아왔나 보세요!"
"event.heroquest.manager.mapicon.closed","종료"
"event.heroquest.manager.mapicon.highscore","콘테스트"
"event.heroquest.manager.reward.end.text","{rank}위를 차지했어요! 달콤한 보상이 기다리는 다음 콘테스트를 기다려 주세요!"
"event.heroquest.manager.reward.end.title","잘했어요!"
"event.heroquest.manager.reward.won.button","보상 획득"
"event.heroquest.manager.reward.won.text","상위 10위 안에 들었어요!"
"event.heroquest.manager.reward.won.title","축하해요!"
"event.heroquest.manager.toplist.text","콘테스트 종료:"
"event.heroquest.manager.unlock.button","시작"
"event.heroquest.manager.unlock.disclaimer","팁: 가장 최근에 도달한 레벨에는 10배 보너스가 적용됩니다!"
"event.heroquest.manager.unlock.text","콘테스트에 참여해 실력을 뽐내고 달콤한 보상의 기회도 잡으세요!"
"event.heroquest.manager.unlock.title","줄무늬 캔디 콘테스트"
"event.heroquest.starman.calculating.text","앨런이 별을 세고 있어요. 멋진 성적을 기록했다면 곧 보상을 받으실 수 있어요. 조금만 기다려주세요!"
"event.heroquest.starman.calculating.title","별 세는 중"
"event.heroquest.starman.exit.text","그만두면 이 레벨에서 모은 별을 다 잃게 됩니다!"
"event.heroquest.starman.exit.title","정말 그만두시겠어요?"
"event.heroquest.starman.gift.button","보상 받기"
"event.heroquest.starman.gift.text","앨런이 여러분의 도움에 무척 감사하고 있습니다. 선물을 받아주세요!"
"event.heroquest.starman.gift.title","멋진 솜씨예요!"
"event.heroquest.starman.info.disclaimer","팁: 가장 최근에 도달한 레벨에는 10배 보너스가 적용됩니다!"
"event.heroquest.starman.info.text","앨런이 또 길을 잃었어요! 별 {qualifying_limit}개를 모아 선물을 받고 앨런에게 길을 찾아주세요!"
"event.heroquest.starman.info.title","여긴 어디죠?"
"event.heroquest.starman.mapicon.highscore","콘테스트"
"event.heroquest.starman.reward.end.title","잘했어요!"
"event.heroquest.starman.reward.won.button","보상 받기"
"event.heroquest.starman.reward.won.text","멋져요! 최고 순위권에 들었습니다!"
"event.heroquest.starman.reward.won.title","축하해요!"
"event.heroquest.starman.unlock.button","계속 전진"
"event.heroquest.starman.unlock.disclaimer","팁: 별이 많으면 많을수록 좋아요. 두 번째 별은 2점, 세 번째 별은 3점을 준답니다!"
"event.heroquest.starman.unlock.text","앨런의 방향감각이 나아지고 있어요! 스타 캐쳐 콘테스트에 참여해 앨런을 돕고 멋진 보상의 기회도 잡으세요!"
"event.heroquest.starman.unlock.title","스타 캐쳐"
"event.heroquest.starman.won.reward.button","보상 받기"
"event.leagues.divine.bottom.text1","세계 순위: {rank}"
"event.leagues.divine.bottom.text2","디바인 리그에서 이만한 성과를 내다니 대단해요!"
"event.leagues.divine.bottom.title","잘했어요!"
"event.leagues.divine.down.text","하위 리그로 내려갑니다. 다음 콘테스트에서 좋은 성적을 거두면 다시 디바인 플레이어가 될 수있어요!"
"event.leagues.divine.intro.text","디바인 플레이어가 되었어요! 콘테스트에서 1위에 올라 세계 소다 챔피언이 되세요!"
"event.leagues.divine.top.text1","세계 최고 소다 챔피언이 되었어요! 디바인 리그에서 1위를 차지하는 것은 어마어마한 일이죠. 축하해요!"
"event.leagues.divine.top.text2","세계 2위! 정말 대단해요."
"event.leagues.divine.top.text3","세계 3위! 정말 대단해요."
"event.leagues.divine.top.title1","챔피언!"
"event.leagues.divine.top.title2","대단해요!"
"event.leagues.down.text","하위 리그로 내려갑니다. 다음 콘테스트에서 좋을 성적을 거두어 꼭 다시 올라오세요!"
"event.leagues.down.title","어이쿠!"
"event.leagues.info","상위권 플레이어는 상위 리그로 올라가고 하위권 플레이어들은 하위 리그로 내려갑니다!"
"event.leagues.intro.button","시작"
"event.leagues.intro.title","콘테스트!"
"event.leagues.leaguename.0","버블"
"event.leagues.leaguename.1","브론즈"
"event.leagues.leaguename.2","실버"
"event.leagues.leaguename.3","골드"
"event.leagues.leaguename.4","에메랄드"
"event.leagues.leaguename.5","사파이어"
"event.leagues.leaguename.6","다이아몬드"
"event.leagues.leaguename.7","로열"
"event.leagues.leaguename.8","디바인"
"event.leagues.leaguename.league0","버블 리그"
"event.leagues.leaguename.league1","브론즈 리그"
"event.leagues.leaguename.league2","실버 리그"
"event.leagues.leaguename.league3","골드 리그"
"event.leagues.leaguename.league4","에메랄드 리그"
"event.leagues.leaguename.league5","사파이어 리그"
"event.leagues.leaguename.league6","다이아몬드 리그"
"event.leagues.leaguename.league7","로열 리그"
"event.leagues.leaguename.league8","디바인 리그"
"event.leagues.leaguename.locked","Coming Soon..."
"event.leagues.royal.down.text","하위 리그로 내려갑니다. 다음 콘테스트에서 좋은 성적을 거두면 다시 로열 플레이어가 될 수있어요!"
"event.leagues.royal.intro.text","로열 플레이어가 되었어요! 이 콘테스트에서 높은 순위에 올라 최고 리그인 디바인 리그로 진입하세요!"
"event.leagues.royal.up.text","디바인 플레이어가 되었어요! 이제 세계 최고의 플레이어들과 겨루세요!"
"event.leagues.royal.up.title","축하해요!"
"event.leagues.up.text","잘했어요! 상위 리그로 올라갑니다! 더욱 어려워지는 리그, 도전해봐요!"
"event.leagues.up.title","톡 쏘네요!"
"event.treasurehunt.reward.reward_all_unlocked_text","마지막 보상이에요!
정말 잘했어요."
"event.treasurehunt.reward.reward_locked_text","{level}레벨을 잠금 해제하고 선물을 받으세요!"
"event.treasurehunt.reward.reward_unlocked_text","보상을 드렸어요.
축하해요!"
"event.treasurehunt.reward.title","보상 {reward_current}/{reward_count}"
"facebook_request_collaboration_help_message","제가 모험을 계속할 수 있도록 가야 하는 방향을 알려주세요!"
"facebook_request_collaboration_help_title","이 친구들에게 길을 물어보세요!"
"facebook_send_help_accept_message","소다를 쏟아보아요!"
"facebook_send_help_accept_title","친구가 길을 밝혀주었습니다."
"facebook_send_life_scorelist_message","이 무료 하트를 이용해서 어려운 레벨을 통과하세요!"
"facebook_send_life_scorelist_title","친구에게 하트를 보내세요!"
"facebook_wmode_warning_message","게임 일시 정지. 게임을 계속하려면 열려있는 채팅 창을 닫아주세요."
"feature.lc.day","DAY"
"feature.lc.missed.a.day","이런! 하루를 건너뛰었네요!"
"feature.lc.msg.consecutive.firstday","내일 다시 방문해서 다른 선물을 받으세요!"
"feature.lc.msg.consecutive.otherdays","하루를 놓치면 처음부터 다시 시작해야 해요!"
"feature.lc.msg.nonconsecutive","매일 방문해서 멋진 선물을 받으세요!"
"feature.lc.stamp.received","받은 보상"
"feature.lc.stamp.tomorrow","내일의 보상"
"feature.lc.start.over","처음부터 시작"
"feature.lc.title","일일 보너스!"
"friend_selector.all_friends","모든 친구"
"friend_selector.soda_friends","소다 친구"
"game_end_reason.BubbleGum.out_of_moves.content","풍선껌을 모두 먹지 않았어요!"
"game_end_reason.BubbleGum.out_of_moves.title","이동 횟수가 바닥났어요!"
"game_end_reason.BubbleGum.win.content","풍선껌을 모두 먹었어요!"
"game_end_reason.BubbleGum.win.title","Gumtastic!"
"game_end_reason.ChocolateNemesis.out_of_moves.content","초콜릿이 아직 남아있어요!"
"game_end_reason.ChocolateNemesis.out_of_moves.title","이동 횟수가 바닥났어요!"
"game_end_reason.ChocolateNemesis.win.content","모든 초콜릿을 먹었어요!"
"game_end_reason.ChocolateNemesis.win.title","Chocotastic!"
"game_end_reason.FloatingNutsMode.out_of_moves.content","곰돌이를 다 찾지 못했네요."
"game_end_reason.FloatingNutsMode.out_of_moves.title","이동 횟수를 다 써버렸어요."
"game_end_reason.FloatingNutsMode.win.content","곰돌이를 구출했네요!"
"game_end_reason.FloatingNutsMode.win.title","Soda pop!"
"game_end_reason.GiantBears.out_of_moves.content","곰돌이들을 다 찾지 못했네요."
"game_end_reason.GiantBears.out_of_moves.title","이동 횟수를 다 써버렸어요."
"game_end_reason.GiantBears.win.content","곰돌이를 모두 구출했어요."
"game_end_reason.GiantBears.win.title","Sodalicious!"
"game_end_reason.Honey.out_of_moves.content","곰돌이를 다 찾지 못했네요."
"game_end_reason.Honey.out_of_moves.title","이동 횟수를 다 써버렸어요."
"game_end_reason.Honey.win.content","곰돌이를 구출했네요!"
"game_end_reason.PaintBattleMode.out_of_moves.content","잼이 부족해요!"
"game_end_reason.PaintBattleMode.out_of_moves.title","이동 횟수가 바닥났어요!"
"game_end_reason.PaintBattleMode.win.content","온통 잼으로 뒤덮였어요!"
"game_end_reason.SodaFizz.out_of_moves.content","병뚜껑을 모두 모으지 못했어요!"
"game_end_reason.SodaFizz.out_of_moves.title","이동 횟수 초과!"
"game_end_reason.SodaFizz.win.content","병뚜껑을 모두 모았어요!"
"game_end_reason.SodaFizz.win.title","탄산 거품 톡!"
"game_end_reason.SodaToTheBrim.out_of_moves.content","병을 다 터뜨리지 못했네요."
"game_end_reason.SodaToTheBrim.out_of_moves.title","이동 횟수를 다 써버렸어요."
"game_end_reason.SodaToTheBrim.win.content","병을 모두 터뜨렸어요!"
"game_end_reason.SodaToTheBrim.win.title","Soda splash!"
"game_end_reason.bubble_gum.win.content","풍선껌을 모두 먹었어요!"
"game_end_reason.bubble_gum.win.title","Stickylicious!"
"game_end_reason.cookie_batter.out_of_moves.content","실패했습니다."
"game_end_reason.cookie_batter.out_of_moves.title","이동 횟수를 다 써버렸어요."
"game_end_reason.digger.out_of_moves.content","실패했습니다."
"game_end_reason.digger.out_of_moves.title","이동 횟수를 다 써버렸어요."
"game_end_reason.digger.win.content","끝까지 도달했습니다."
"game_end_reason.digger.win.title","잘했어요!"
"game_end_reason.generic.cheater.content","참 잘했어요!"
"game_end_reason.generic.cheater.title","부정행위 플레이"
"game_end_reason.generic.no_possible_moves.content","더 이동할 수 없어요."
"game_end_reason.generic.no_possible_moves.title","이동 횟수를 다 써버렸어요."
"game_end_reason.generic.quit.content","종료 버튼을 눌렀습니다."
"game_end_reason.generic.quit.title","포기했습니다!"
"game_end_reason.marching.out_of_moves.content","충분한 수의 동물을 잡지 못했어요."
"game_end_reason.marching.out_of_moves.title","이동 횟수를 다 써버렸어요."
"game_end_reason.marching.reached_target.content","동물이 목표에 도달했어요."
"game_end_reason.marching.reached_target.title","동물들이 탈출했어요."
"game_end_reason.marching.win.content","모든 곰돌이들을 막았네요!"
"game_end_reason.marching.win.title","잘했어요!"
"game_end_reason.out_of_moves.content","이동 횟수가 떨어졌습니다."
"game_end_reason.out_of_moves.title","이동 횟수를 다 써버렸어요."
"game_end_reason.paint_battle.out_of_moves.content","필요한 지역을 충분히 색칠하지 못했습니다."
"game_end_reason.paint_battle.out_of_moves.title","이동 횟수를 다 써버렸어요."
"game_end_reason.painting_battle.win.content","보드 전체를 칠했습니다."
"game_end_reason.painting_battle.win.title","잘했어요!"
"game_swipe_end_almost_there","거의 다 왔습니다!"
"game_swipe_end_continue_button_text","계속하기"
"game_swipe_end_end_button_text","다시 시도"
"game_swipe_end_level_complete","Sodalicious!"
"game_swipe_end_lose_header_reason_bear_not_saved","곰돌이를 구하지 못했어요!"
"game_swipe_end_lose_header_reason_free_bears","곰돌이를 구하지 못했어요!"
"game_swipe_end_no_more_moves","이동 횟수가 바닥났어요!"
"game_swipe_end_win_header_better_score","최고 점수: {0}"
"game_swipe_end_win_header_new_highscore","기록 갱신!"
"gamemode.bubblegum.instructions","풍선껌을 모두 드세요!"
"gamemode.bubblegum.name.short","풍선껌"
"gamemode.chocolate.instructions","초콜릿을 먹어보아요!"
"gamemode.chocolatenemesis.name.short","초콜릿"
"gamemode.floating_bear.instructions","곰돌이를 캔디 줄 위로 올려보내 주세요!"
"gamemode.floating_bear.instructions_pl","곰돌이들을 캔디 줄 위로 올려보내세요!"
"gamemode.floating_bear.name.short","방울"
"gamemode.floating_bear_no_bottles.instructions","곰돌이를 찾아주세요"
"gamemode.giant_bears.instructions","곰돌이를 찾아주세요!"
"gamemode.giantbears.name.short","설탕을 입히는 중"
"gamemode.honey.instructions","꿀을 먹고 곰돌이를 찾아주세요."
"gamemode.honey.name.short","꿀"
"gamemode.jam.instructions","잼을 펴 바르기"
"gamemode.paint_battle.instructions","잼을 모든 곳에 발라주세요"
"gamemode.paint_battle.name.short","잼"
"gamemode.soda_to_the_brim.instructions","병을 터뜨려서 소다수를 채워주세요!"
"gamemode.soda_to_the_brim.name.short","소다"
"gamemode.sodafizz.instructions","병뚜껑을 모으세요!"
"gamemode.sodafizz.name.short","탄산 거품"
"generic_button_continue","계속"
"generic_button_next","다음"
"generic_friend_name","친구"
"generic_loader_loading","로딩 중…"
"generic_popup_button_retry","재시도"
"generic_popup_info_contact_failed","소다팝 상점이 너무 바빠요. 다시 시도하세요!"
"generic_popup_info_loading","소다팝 상점"
"generic_popup_info_purchase_inprogress1","캔디 배달 중..."
"generic_popup_info_purchase_inprogress2","App Store를 기다리고 있습니다."
"generic_popup_info_purchase_inprogress2_play_store","Google Play 스토어를 기다리고 있습니다."
"gift_success_text","아이템으로 신나게 즐기세요!"
"gifts_received","아이템 획득!"
"go_to_candy_crush_button","플레이"
"go_to_candy_crush_jelly_button","플레이"
"go_to_candy_crush_jelly_text","캔디도 매치해봤고 소다도 터뜨려 봤다면... 젤리를 퍼뜨려 보는 건 어떨까요?"
"go_to_candy_crush_text","캔디 왕국에서 계속 즐거운 시간을 보내려면 캔디크러쉬사가를 플레이해보세요!"
"goldbar_shop_title","골드바 구매"
"goodies_redeemed","아이템 지급 완료"
"google_birthday","구글의 생일이에요!"
"hard_loader_caption","어려운 레벨"
"in_game.buy_booster.info.extra_moves","이동 횟수 5번을 추가하세요!"
"in_game.buy_booster.info.lollypop_hammer","아무 캔디나 부수세요!"
"in_game.buy_booster.title","부스터 구매"
"ingame.locked_booster.info.all","이 부스터를 얻으려면 소다를 계속 넘치게 해주세요!"
"ingame.tutorial.bottles_soda","병을 맞춰서 소다수를 채워주세요."
"ingame.tutorial.candy_string","곰돌이를 캔디 줄 위로 올려주세요."
"ingame.tutorial.fizz_part_1","소다 속 캔디를 매치해서 탄산 거품을 만드세요."
"ingame.tutorial.fizz_part_2","탄산 거품 달린 캔디를 매치해서 거품을 퍼트려요."
"ingame.tutorial.fizz_part_3","6번 연이어 거품을 터트리고 병뚜껑을 받으세요."
"ingame.tutorial.ice_crush","얼음을 깨고 곰돌이를 찾아주세요."
"ingame.tutorial.jam_spread_by_match","잼이 발린 칸의 캔디를 맞춰 잼을 더 발라보세요."
"ingame.tutorial.lollicross_hammer","줄무늬 캔디는 모든 캔디로부터 폭발을 일으켜요."
"ingame.tutorial.lollipop","롤리팝 해머를 쓰면 어떤 캔디든지 깰 수 있어요!"
"ingame.tutorial.match_2x2","캔디 4개를 사각형으로 맞추면 물고기를 만들 수 있어요."
"ingame.tutorial.match_three","같은 색을 가진 캔디 3개를 하나의 열로 맞추세요."
"ingame.tutorial.remove_chocolate","초콜릿 근처의 캔디를 맞춰보세요."
"ingame.tutorial.rise_bear","곰돌이 위의 캔디를 맞춰보세요."
"ingame.tutorial.sidekick_cyan_1","하늘색 캔디를 매치시켜 스프링클셸에게 캔디를 주세요."
"ingame.tutorial.sidekick_cyan_2","스프링클셸을 선택하고 없앨 색의 캔디를 선택하세요."
"ingame_ui_sign_score","점수:"
"ingame_ui_sign_scr","점수:"
"interstitial_invite_text","친구와 함께 플레이하세요! 지금 초대하세요!"
"interstitial_invite_title","친구를 초대하세요!"
"interstitial_sendlife_text","하트를 보내서 친구들을 도와주세요."
"interstitial_sendlife_title","하트를 보내세요!"
"kingdom_modal_registration_1","멋져요! 이름이 뭐예요?"
"kingdom_modal_registration_2","실력이 대단한데요! 친구가 되는 건 어때요? 이름이 뭐예요?"
"kingdom_modal_registration_no","알겠어요, 혹시 마음이 바뀌면 이 아이콘을 찾으세요!"
"kingdom_modal_registration_ok","끝내줘요, {name}님! 이름이나 아바타를 변경하려면 이 아이콘을 찾으세요!"
"kingdom_modal_registration_ok_1","대단합니다! 이름이나 아바타를 변경하려면 이 아이콘을 찾으세요!"
"kingdom_modal_registration_your_name","이름"
"kingdom_registration_3","멋져요! 이름이 뭐예요? 당신의 진행 상황을 저장해야겠어요."
"kingdom_registration_nag","귀찮게 하려는 건 아닌데, 이름을 알려주면 모두 함께 플레이할 수 있어요!"
"koc.dethroned.claimprize","왕좌를 빼앗겼어요! 보상을 찾으세요!"
"korea_legal_bank_link","구매일로부터 7일 내 청약철회 가능(예외 있음)"
"kotc.bonus","보너스"
"kotc.bubblegum.troll","버블껌 트롤"
"kotc.collectBonus","받기"
"kotc.collectReward","보상받기"
"kotc.crownIsYours","왕관은 내 차지!"
"kotc.didntCaptureCrown","아쉽게 왕관을 놓쳤네요!"
"kotc.ended.description","지금은 버블껌 동산이 닫혀 있습니다. 플레이해주셔서 감사합니다!"
"kotc.ended.text","닫힘"
"kotc.exit","돌아가기"
"kotc.hours.short","{hours}시간"
"kotc.info.button","시작"
"kotc.info.description","하트 하나로 여기 5레벨을 완료하고 버블껌 동산을 통치하세요! 왕관을 가로채 왕관의 보물을 차지하세요!"
"kotc.levelLeft","{levelsLeft} 레벨 남음!"
"kotc.levelsLeft","{levelsLeft} 레벨 남음!"
"kotc.minutes.short","{minutes}분"
"kotc.newKing","새로운 왕!"
"kotc.newKing.desc","{name}님이 왕관을 가로채 왕좌에 올랐습니다!"
"kotc.offline.button","확인"
"kotc.offline.description","현재 오프라인이네요. 보상을 받으려면 인터넷 연결이 필요해요!"
"kotc.offline.title","연결 실패!"
"kotc.pregame.description","왕이 되면 이 모든 걸 가질 수 있어요! 왕좌에 오래 있을수록 보너스가 많아져요!"
"kotc.pregame.title","왕관의 보물!"
"kotc.previous_king_bar.title","명예의 전당"
"kotc.recapture","왕관 다시 찾기!"
"kotc.title","버블껌 동산"
"kotc.tooBad","아쉬워요!"
"kotc.tryAgain","다시 시도"
"kotc.unlimitedLives","무제한 하트"
"kotc.visitKimmy.button","지금 플레이!"
"kotc.visitKimmy.description","캔디 왕국이 기다리고 있어요! 왕좌 보너스가 쌓이는 동안 플레이 하세요!"
"kotc.visitKimmy.title","왕관 보유 중!"
"kotc.yourBonus","왕관 보너스!"
"kotc.yourBonus.desc","왕좌에 있는 기간 동안 쌓여가는 골드바!"
"kotc.yourReward","왕관의 보상을 마음껏 즐기세요!"
"level","레벨"
"main_menu_push_notifications","푸시 알림"
"main_menu_settings_link_customer_care","고객 서비스"
"main_menu_settings_link_faq","자주 묻는 질문"
"main_menu_settings_link_privacy_policy","개인정보 취급방침"
"main_menu_settings_link_terms_of_service","서비스 약관"
"manual_share_episode_complete_description","제 모험에 친구가 필요합니다. 이것을 사용해서 따라잡으세요!"
"manual_share_episode_complete_link","야호! 방금 {0}을(를) 완료했어요."
"manual_share_episode_complete_title","{0}에서 모든 소다 레벨을 완료했어요!"
"manual_share_friend_beaten_description","제가 앞서고 있는 것 같네요. 저를 따라잡아 보세요!"
"manual_share_friend_beaten_link","따라잡아 보세요!"
"manual_share_friend_beaten_title","제가 이겼어요!"
"manual_share_friend_passed_description","먼저 달려갔어요!"
"manual_share_friend_passed_link","따라잡아 보세요!"
"manual_share_friend_passed_title","친구 추월"
"manual_shares_general_link","지금 캔디크러쉬소다를 플레이하세요."
"memories_attempt_left","회 남음"
"memories_attempts","시도 횟수"
"memories_attempts_left","회 남음"
"memories_attempts_tap","터치해서 계속하기"
"memories_button_reveal","알아보기"
"memories_splash_text_postgame","추억 조각이 추가되었습니다!"
"memories_splash_text_pregame","레벨을 완료하고 추억을 모으세요!"
"memories_tab_title","추억 앨범"
"memories_title_pic_01","역시 집이 최고네요!"
"memories_title_pic_02","시원한 수영장에서…"
"memories_title_pic_03","멋지죠?!"
"memories_title_pic_04","쉬었다 가기"
"memories_title_pic_05","From. 버블껌 트롤"
"memories_title_pic_06","운동해서 살을 빼, 예티!"
"message_center.button.give_life","수락"
"message_center.button.received_collaboration","확인"
"message_center.button.send_life","보내기"
"message_center.life_request.multi.title","{friend_name}님 외 친구 {friend_count}명이 하트를 필요로 합니다."
"message_center.life_request.single.title","{friend_name} 님이 도움을 요청했습니다. 하트를 보내겠습니까?"
"message_center.life_request.two.title","{friend_name} 님 외 친구 한 명이 하트가 필요합니다!"
"message_center.received_collaboration.multi.title","{friend_name} 님 외 친구 {friend_count}명이 {episode} 진행에 도움을 줬습니다!"
"message_center.received_collaboration.single.title","{friend_name} 님이 {episode} 진행에 도움을 줬습니다!"
"message_center.received_collaboration.two.title","{friend_name} 님 외 친구 한 명이 {episode} 진행에 도움을 줬습니다!"
"message_center.received_life.multi.title","{friend_name} 님 외 친구 {friend_count}명이 하트를 보냈습니다!"
"message_center.received_life.single.title","{friend_name} 님이 하트를 보냈습니다!"
"message_center.received_life.two.title","{friend_name} 님 외 친구 한 명이 하트를 보냈습니다!"
"message_center.request_collaboration.multi.title","{friend_name}님 외 친구 {friend_count}명이 {episode} 에피소드를 여는 데 도움이 필요합니다!"
"message_center.request_collaboration.single.title","{friend_name}님이 {episode} 에피소드를 여는 데 도움이 필요합니다!"
"message_center.request_collaboration.two.title","{friend_name}님 외 친구 한 명이 {episode} 에피소드를 여는 데 도움이 필요합니다!"
"message_center.timed_collab_unlock.title","{episode} 에피소드가 열렸습니다!"
"most_popular","최고 인기"
"no_connection_title","연결할 수 없습니다!"
"no_internet_access","인터넷에 연결되지 않았습니다. 나중에 다시 시도하세요."
"notification_all_progress_synchronized","모든 진행 상태가 동기화되었습니다."
"notification_contacting_store_failure","캔디 수요가 이상하게 높습니다. 다시 시도하세요!"
"notification_contacting_store_success","상점 연결 성공!"
"notification_facebook_successfully_disconnected","연결을 끊었습니다."
"notification_jailbroken_devices_not_supported","장치에서 부정행위가 감지되었습니다."
"opengraph_story_accomplish_a_combo_message_1","캔디크러쉬 세계 기록을 세운 것 같아요!"
"opengraph_story_accomplish_a_combo_message_2","멋진 콤보를 달성하고 설탕의 달콤함에 취해보세요!"
"opengraph_story_booster_unlocked_extra_moves_description","캔디가 입안에 가득한가요? 5회 추가 이동 부스터로 시간을 버세요. 저와 함께 플레이해요!"
"opengraph_story_booster_unlocked_extra_moves_title","이동 횟수 5회 추가"
"opengraph_story_booster_unlocked_lollypop_hammer_description","부수기를 좋아하시나요? 롤리팝 해머로 모든 것을 부수는 짜릿함을 맛보세요! 저와 함께 플레이해요!"
"opengraph_story_booster_unlocked_lollypop_hammer_title","롤리팝 해머"
"opengraph_story_booster_unlocked_message_1","더 많은 소다 파워를 여세요! 아하하..."
"opengraph_story_booster_unlocked_message_2","새로운 부스터의 승리의 음악이 들리시나요? 음... 저도요..."
"opengraph_story_booster_unlocked_message_3","캔디를 위협하는 부스터입니다!"
"opengraph_story_episode_discovered_description","캔디 왕국의 끝은 어디일까요? 다음에 가야 하는 장소 선택을 도와주세요!"
"opengraph_story_ingame_button_add_message","메시지 추가"
"opengraph_story_level_mastered_message_1","여러 차례 시도해야 했지만, 레벨 {0} 따위는 저에게 아무것도 아니었어요."
"opengraph_story_level_mastered_message_2","이 레벨에서 별 3개를 따는 것은 굉장합니다!"
"opengraph_story_level_passed_message_1","레벨을 멋지게 해치웠어요!"
"opengraph_story_level_passed_message_2","작은 소녀에게 이 레벨은 아무것도 아닙니다!"
"opengraph_story_level_passed_message_3","야호! 세계 최고의 소다 병 터뜨리기 선수!"
"opengraph_story_level_passed_title","Soda Smarts! 레벨 {number}을 넘어섰군요!"
"play_on_ads_egp_desc","{min_moves}~{max_moves}회 추가 이동 받기!"
"play_on_egp_desc","추가 이동 {moves}회"
"play_on_pegp_desc","이 레벨에 {days}일 동안 이동 횟수 {moves}회 추가"
"play_with_facebook_friends","페이스북에 연결해서 친구와 플레이하세요!"
"popular","인기"
"popup.intro.button","직접 알아보세요!"
"popup.intro.description","이야기의 시작점인 
소다가 넘치는 캔디 왕국에 오신 것을 환영합니다...

키미는 왜 티피의 편지를 받지 못했을까요?

소다는 어디에서 흘러나온 것일까요?

대체 무슨 일이 일어나는 거죠?"
"popup_booster_unlocked_extra_moves_booster_description","소다 궁지에 빠지면 추가 이동 5회 부스터를 얻습니다!"
"popup_booster_unlocked_extra_moves_booster_name","추가 이동"
"popup_booster_unlocked_lollypophammer_booster_description","앞을 가로막는 사탕을 부숩니다!"
"popup_booster_unlocked_lollypophammer_booster_name","롤리팝 해머"
"popup_collaboration_lock_description","흥미진진한 새로운 레벨을 열도록 친구에게 도움을 요청하세요."
"popup_collaboration_lock_timer_day","일"
"popup_collaboration_lock_timer_days","일"
"popup_collaboration_lock_timer_description","잠금 해제:"
"popup_collaboration_lock_timer_hour","시"
"popup_collaboration_lock_timer_hours","시간"
"popup_collaboration_lock_timer_minute","분"
"popup_collaboration_lock_timer_minutes","분"
"popup_collaboration_panel_button_buy","열기"
"popup_collaboration_received_header","도움을 받았습니다!"
"popup_collaboration_received_message","{friendname} 님이 방향을 안내해주었네요. 모험을 계속하세요!"
"popup_facebook_connect_cancel_description","페이스북 연결을 취소했습니다."
"popup_facebook_connect_cancel_title","취소됨"
"popup_facebook_connect_connecting_description","페이스북에 연결 중입니다."
"popup_facebook_connect_connecting_title","연결 중"
"popup_facebook_connect_failed_description","다시 시도해 주세요!"
"popup_facebook_connect_failed_title","페이스북에 연결하지 못했습니다."
"popup_facebook_connect_no_network_description","인터넷 연결을 찾을 수 없습니다. 다시 시도해 주세요!"
"popup_facebook_connect_no_network_title","연결할 수 없습니다"
"popup_facebook_connect_success_description","모든 진행 상황을 계정에 동기화했습니다!"
"popup_facebook_connect_success_title","페이스북 연결됨"
"popup_facebook_expired_description","계속하려면 페이스북에 로그인하세요!"
"popup_facebook_failed_access_description","페이스북에 액세스할 수 없습니다. 설정-페이스북에서 액세스를 허용하세요."
"popup_facebook_reset_description","모든 진행 상황이 삭제됩니다! 계속하시겠습니까?"
"popup_facebook_reset_title","재설정"
"popup_facebook_sendlives_failed_description","친구들이 하트를 받지 않았습니다!"
"popup_facebook_sendlives_failed_title","하트 보내기 실패"
"popup_facebook_unlockrequest_failed_description","잠금 해제 요청에 응답하지 않았습니다."
"popup_facebook_unlockrequest_failed_title","친구를 돕지 못했습니다."
"popup_game_over_loss_button_retry","재시도"
"popup_game_start_boosters","부스터"
"popup_game_start_extra_moves_booster_description","소다 궁지에 빠지면 추가 이동 5회 부스터를 얻습니다!"
"popup_game_start_extra_moves_booster_name","추가 이동"
"popup_game_start_level","레벨 {level}"
"popup_game_start_next_target","타겟"
"popup_game_start_select_boosters","부스터 선택"
"popup_game_start_task_title","목표"
"popup_highscore_connect_facebook_prompt","친구보다 앞섰나요? 페이스북에 연결해서 친구가 앞지르지 않는지 확인하고 진행 상황을 저장하세요!"
"popup_invite_menu_button_select_all","모두 선택"
"popup_invite_menu_description","캔디 왕국을 친구와 함께 탐험하면 더욱 즐겁습니다! 친구들을 초대해 보세요."
"popup_invite_menu_title","친구 초대하기"
"popup_king_failed_access_description","현재 킹덤에 접속할 수 없습니다. 나중에 다시 시도해 주세요!"
"popup_life_received_title","선물을 받았어요!"
"popup_logout_facebook_message","게임 진행 시점에서 계속하려면 Facebook에 다시 연결하세요!"
"popup_logout_facebook_title","로그아웃"
"popup_minishop_purchase_cancelled","구매 취소"
"popup_minishop_purchase_failed","구매 실패"
"popup_minishop_purchase_inprogress","구매 중..."
"popup_minishop_purchase_not_done","계정에 금액이 청구되지 않았습니다."
"popup_minishop_purchase_succeded","구매 성공!"
"popup_minishop_purchased_HC","골드바 {GoldBars}개 더!"
"popup_notification_central_header","메시지함"
"popup_notification_central_life_request_message","{friend_name} 님이 하트를 요청하셨습니다!"
"popup_notification_central_message_count","메시지 {num_messages}개"
"popup_notification_central_message_description","친구들의 기록을 확인해 보세요!"
"popup_notification_central_unlock_request_header","{friend_name} 님을 도와주세요!"
"popup_notification_central_unlock_request_message","{friend_name} 님이 다음 에피소드를 열도록 도와주세요!"
"popup_sale_text","연말의 달콤한 세일이 시작되었습니다! 지금 바로 시작해요! 
"
"popup_sale_text_V2","골드바 특별 세일! 골드바 구매 시 최소 2시간 동안 하트가 무제한이에요!"
"popup_sale_title","연말 시즌 세일!"
"popup_sale_title_V2","세일!"
"popup_settings_title","설정"
"popup_tutorial_howtoplay_FAQ","더 필요하신가요? FAQ를 확인하세요! 아니면 캔디크러쉬소다를 한번 즐겨보세요!"
"popup_tutorial_howtoplay_title","유용한 힌트"
"popup_unlocked_item_name","부스터를 획득했습니다!"
"postgamemodal.fail","다음엔 꼭 성공할 수 있을 거예요!"
"postgamemodal.fail.1","다음엔 성공할 수 있을 거예요!"
"postgamemodal.fail.2","아, 이런! 참으로 딱딱하고 어려운 캔디네요!"
"postgamemodal.fail.3","이런 못된 캔디 같으니!"
"postgamemodal.fail.4","계속 시도해 보세요! 고지가 코앞이에요!"
"postgamemodal.fail.5","이런 불운이! 좀 더 달콤한 행운이 따르기를!"
"postgamemodal.win","유~후~! 끝내주네요!"
"postgamemodal.win.2","당신이 바로 소다 스타시군요!"
"postgamemodal.win.3","이럴 수가, 아무도 당신을 막지 못하네요!"
"postgamemodal.win.4","이런! 멋져요!"
"postgamemodal.win.5","대적할 캔디가 없네요!"
"pregame_booster_popup_text","달콤한 선물과 함께 레벨을 시작해봐요!"
"pregame_booster_popup_title","부스터 팍팍!"
"purchase_cancelled_text","계정에 금액이 청구되지 않았습니다."
"purchase_cancelled_title","구매 취소"
"purchase_deferred_text","구매 인증을 기다리고 있습니다."
"purchase_deferred_title","대기"
"purchase_failed_canvas","구매에 실패했습니다."
"purchase_failed_text","상점을 이용할 수 없습니다. 다시 시도하세요."
"purchase_failed_title","구매에 실패했습니다."
"purchase_goldbar_success_title","골드바 추가"
"purchase_pending","결제 대기 중..."
"purchase_result_continue","계속"
"purchase_result_fail_title","골드바 추가 안 됨"
"purchase_stop_wait","계속하기"
"purchase_success_text","구매하신 아이템으로 재미있는 시간을 보내세요."
"purchase_success_title","성공하였습니다."
"purchase_sync_failed_text","연결을 확인해주세요. 곧 구매하신 아이템을 받게 됩니다."
"purchase_sync_failed_title","동기화 오류!"
"push_lives_full","더 많은 소다를 부술 준비를 하세요! 하트가 가득 차 있어요!"
"push_new_update","캔디 왕국에서 당신의 도움이 필요합니다! 소다곰들을 끈적한 소다냇물에서 구출하세요!"
"quest.candybar.timer.complete","퀘스트를 마치고 새로 받으세요!"
"quest.candybar.timer.until","새로운 퀘스트가 곧 추가돼요!"
"quest.confirm.skip.no","아니요"
"quest.confirm.skip.text","정말로 이 퀘스트를 건너뛸까요?"
"quest.confirm.skip.title","퀘스트 건너뛰기"
"quest.confirm.skip.yes","예"
"quest.reward.collected","보상 수령 완료!"
"quests.candybar.claim.button","보상 받기"
"quests.candybar.skip.button","퀘스트 건너뛰기"
"quests.claim.button","보상 받기"
"quests.claim.header","퀘스트 완료"
"quests.claim.text","축하해요! 첫 번째 퀘스트를 완료했어요!"
"quests.description.beatyourself","자신의 점수를 경신해 보세요."
"quests.description.colourcreator","정해진 수만큼 컬러링 캔디를 모으세요."
"quests.description.explosivenovice","정해진 수의 컬러 폭탄을 만드세요."
"quests.description.gofish","정해진 수만큼 물고기를 매치하세요."
"quests.description.greatplayer","클리어하지 않은 어려운 레벨을 정해진 수만큼 완료하세요."
"quests.description.likingcyan","정해진 수만큼 하늘색 캔디를 모으세요."
"quests.description.likinggreen","정해진 수만큼 녹색 캔디를 모으세요."
"quests.description.likingorange","정해진 수만큼 주황색 캔디를 모으세요."
"quests.description.matchbombscoloring","정해진 수만큼 컬러링 캔디를 컬러 폭탄과 매치하세요."
"quests.description.matchwrappedstriped","정해진 수만큼 줄무늬 캔디와 포장 캔디를 매치하세요."
"quests.description.mixmatch","컬러 폭탄과 줄무늬 캔디를 되도록 많이 매치하세요."
"quests.description.movingforward","정해진 수의 레벨을 클리어하세요."
"quests.description.newquests","퀘스트가 끝났다고요? 새로운 퀘스트가 곧 업데이트됩니다. 내일 다시 확인해 주세요!"
"quests.description.progress","{0}개 레벨을 클리어하세요"
"quests.description.scorechaser","정해진 횟수만큼 자신의 예전 최고 기록을 깨보세요."
"quests.description.starcollector","정해진 수의 별을 모으세요. 기존에 받았던 별은 포함되지 않는답니다!"
"quests.description.striped","정해진 수만큼 줄무늬 캔디를 만드세요."
"quests.description.welcomeback","정해진 일수만큼 날마다 로그인하세요."
"quests.description.wrapitup","정해진 수의 포장 캔디를 만드세요."
"quests.header","퀘스트"
"quests.intro.button","야호!"
"quests.intro.header","퀘스트!"
"quests.intro.text","퀘스트에 참여해 봐요! 도전 가득한 소다 바다가 기다리고 있답니다!"
"quests.names.candycollector","캔디 수집가"
"quests.names.colorchampions","컬러 챔피언"
"quests.names.colormaster","컬러 달인"
"quests.names.colourcreator","색채의 마술사"
"quests.names.completionist","레벨 종결자"
"quests.names.explosiveexpert","컬러 폭탄 전문가"
"quests.names.explosivenovice","컬러 폭탄 초보"
"quests.names.fishingformore","더 많이 낚시하기"
"quests.names.gofish","낚시하기"
"quests.names.greatplayer","고수 플레이어"
"quests.names.likingcyan","하늘색이 좋아요"
"quests.names.likinggreen","녹색이 좋아요"
"quests.names.likingorange","주황색이 좋아요"
"quests.names.lovingcyan","하늘색을 사랑해요"
"quests.names.lovinggreen","녹색을 사랑해요"
"quests.names.lovingorange","주황색을 사랑해요"
"quests.names.mastermixer","믹서 마스터"
"quests.names.masterwrapper","포장 마스터"
"quests.names.mixmatch","믹스 앤 매치"
"quests.names.movingforward","진행하기"
"quests.names.platinumplayer","플래티넘 플레이어"
"quests.names.proplayer","프로 플레이어"
"quests.names.rainbowstash","무지개 금고"
"quests.names.scorechaser","점수 사냥꾼"
"quests.names.scoremaster","점수 마스터"
"quests.names.sodaregular","소다 단골손님"
"quests.names.splendiddays","환상적인 날!"
"quests.names.starcollector","별 수집가"
"quests.names.starseeker","별 탐구자"
"quests.names.superspecials","슈퍼 스페셜"
"quests.names.welcomeback","돌아온 걸 환영해요!"
"quests.names.wrapitup","포장의 달인"
"quests.progression.progress","{0} / {1}"
"rate_app_description","즐겁게 즐기고 계신가요? 소다를 평가해 주시고 여러분의 애정을 표현해 주세요!"
"rate_app_header","재미있게 즐기고 계시나요?"
"rate_app_no","절대 안 함"
"rate_app_no_not_now","나중에 하기"
"rate_app_text","여러분의 의견을 들려주세요."
"rate_app_title","재미있게 즐기고 계시나요?"
"rate_app_yes","예"
"releasenotes_1.37_Korea","속보! 이제 캔디크러쉬소다를 한국어로 즐길 수 있습니다!"
"releasenotes_1.37_googleplay","새로운 소다 소식! 구글 플레이 스토어의 3주년 생일을 기념해서 줄무늬 롤리팝 부스터 3개를 무료로 드려요! 선물을 받으시려면 미국 동부 표준시 3월 7일 토요일 오후 1시(한국 시간 3월 8일 새벽 3시)까지 게임을 최신 버전으로 업데이트해주세요!"
"releasenotes_1.38","새로운 에피소드, 끈적이는 우리 집에서 트롤을 물리치세요! 준비됐나요?

15개의 새 레벨이 추가되어, 총 315개의 끈끈한 즐거움을 맛볼 수 있습니다! 

새 기능! 새로운 친구, 스프링클셸을 만나보세요! 스프링클셸은 하늘색 캔디를 좋아한답니다. 배가 부른 스프링클셸을 보드에 놓아주면 한 가지 색깔의 캔디를 전부 먹어치울 거예요! 

새 콘텐츠를 사용하려면 게임을 최신 버전으로 업데이트해 주세요."
"releasenotes_1.38_extraline1","톡 쏘는 업데이트가 왔습니다! 캔디 왕국에 중요한 변화가 생겼어요. 새로운 콘텐츠를 즐기시려면 게임을 최신 버전으로 업데이트하는 것 잊지 마세요!"
"releasenotes_1.39","주주베 정글에서 퍼시 블로커톤 3세와 함께 즐거운 시간을 보내세요.
 
15개의 새로운 레벨이 추가되어, 총 330개의 톡쏘는 레벨을 즐길 수 있습니다!
 
새로운 기능: 특별한 캔디 캐논!
 
새로운 콘텐츠를 즐기시려면 게임을 최신 버전으로 업데이트해주세요.
 
재미난 사실: 퍼시 블로커톤 3세랑 버블껌 트롤은 자주 노래방에서 듀엣곡을 부른다네요. 1996년에는 세계 가라오케 대회에서 함께 \"신인상\"도 받았대요."
"releasenotes_1.39_extraline_IOS","이제 캔디크러쉬소다를 중국어로 즐길 수 있습니다!"
"releasenotes_1.40","잠깐만요! 톡 쏘는 스파에 몸을 담가본 적이 없다고요? 그렇다면 당신 마음에 쏙 드는 새로운 에피소드를 소개합니다!

공장 매니저와 함께 15개의 새로운 레벨을 즐겨보세요. 총 345개의 레벨을 플레이할 수 있답니다! 생각만큼 편안하진 않을지도 모르지만요... 

새로운 콘텐츠를 즐기시려면 게임을 최신 버전으로 업데이트해주세요!"
"releasenotes_1.41","사랑스럽군요! 빨간 토끼를 따라 포탈을 지나 새로운 에피소드, 당근 케이크 테이블로 함께 하세요.

온통 뒤죽박죽인 15개의 새로운 레벨과 함께, 총 360개의 레벨을 즐길 수 있습니다!

새 기능! 초록색 소다에서 캔디를 매치하면 매치된 캔디가 모두 물고기 캔디로 변한답니다!

새로운 콘텐츠를 플레이하려면 게임을 최신 버전으로 업데이트해주세요!"
"releasenotes_1.42","새로운 에피소드, 마법의 거울에서 어떤 달콤함이 우리를 기다리고 있는지 알아보세요!

캔디 왕국에 15개의 새로운 레벨이 추가되어, 총 375개의 레벨을 즐길 수 있습니다!

새 기능! 8번째 캔디가 추가되었어요! 더 많은 캔디로 매치를 만들어 새로운 캔디의 강력한 효과를 확인해보세요!

몰랐던 사실! 컬러링 캔디는 사실 천둥 번개가 몰아치던 날 페인트 공장에서 우연히 만들어진 캔디랍니다.

새로운 콘텐츠를 플레이하려면 게임을 최신 버전으로 업데이트해주세요!"
"releasenotes_1.43","새로운 에피소드, 크림 산봉우리에서 배가 터지도록 달콤함을 즐겨보세요. 하지만 너무 즐기진 마세요, 새로운 미션이 우리를 기다리고 있답니다. 티피는 어디에 있지요? 현명한 늙은 마법사, 바닐라 수염에게 물어보세요. 도움을 줄 수 있을지도 몰라요! 

캔디와 소다가 가득한 15개의 새로운 레벨이 추가되어, 총 390개의 레벨을 즐길 수 있습니다!

추가된 콘텐츠를 플레이하려면 게임을 최신 버전으로 업데이트해주세요!"
"releasenotes_1.44","캔디크러쉬소다의 최신 에피소드, 맛있는 사막을 놓치지 마세요! 

15개의 새로운 레벨이 추가되어 총 405개의 레벨이 되었습니다!

새로운 기능: 감초 사탕 묶음! 묶여 있는 감초 사탕 중 하나를 풀어 이 끈적거리는 줄을 없애야 해요. 너무 꽉 묶여버리지 않게 조심하세요!

최신 콘텐츠를 플레이하려면 게임을 업데이트해주세요!"
"releasenotes_1.45","소다처럼 톡 쏘는 업데이트 시간이 왔어요! 새로운 에피소드, 마시멜로 광산에서 완벽한 캔디를 찾기 위해 땅을 깊이 파고 내려가야 해요!

새로 추가된 사랑스러운 캐릭터, 스퀸티 존스와 함께 15개의 새 레벨을 즐겨보세요! 총 420개의 레벨을 플레이할 수 있습니다!
 
새로운 콘텐츠를 플레이하려면 게임을 최신 버전으로 업데이트해주세요!"
"releasenotes_1.46_Android","새로운 에피소드, 열대의 젤리 나라에서 끈끈달콤한 업데이트가 기다립니다! 젤리 핑거를 만나보세요. 덩치가 크고 상냥한 젤리 핑거는 잼을 너무너무 좋아한답니다! 젤리 핑거와 함께 뭘 할지 궁금한가요?

캔디 왕국에 15개의 새로운 레벨이 추가되어, 총 435개의 레벨이 생겼습니다!

버블을 충전하느라 평소보다 며칠 늦어졌어요. 새로운 콘텐츠도 많이 사랑해주세요!"
"releasenotes_1.46_iOS","새로운 에피소드, 열대의 젤리 나라에서 끈끈달콤한 업데이트가 기다립니다! 젤리 핑거를 만나보세요. 덩치가 크고 상냥한 젤리 핑거는 잼을 너무너무 좋아한답니다! 젤리 핑거와 함께 뭘 할지 궁금한가요?

캔디 왕국에 15개의 새로운 레벨이 추가되어, 총 435개의 레벨이 생겼습니다!

새로운 콘텐츠를 플레이하려면 캔디크러쉬소다를 최신 버전으로 업데이트해주세요!"
"releasenotes_1.47","정원 나무를 어떻게 자르는지 알고 있나요? 정원사 졸리가 해결할 수 있대요! 단, 새로운 에피소드, 매력적인 정원에서 여러분이 조금 도와주신다면 말이죠!

• 캔디와 소다로 꽉꽉 채운 15개의 새로운 레벨이 추가되어, 총 450개의 레벨이 생겼습니다!

최신 콘텐츠를 플레이하려면 게임을 최신 버전으로 업데이트해주세요."
"releasenotes_1.48","시원한 것이 필요한가요? 고래 윌리와 함께 새 에피소드, 소다아이스 바다에서 물장구를 치며 즐겨봐요! 

• 새로 추가된 15개의 레벨에서 소다 바닷속 깊이 뛰어들어 달콤한 놀라움을 발견해보세요. 총 465개의 레벨을 플레이할 수 있습니다! 

추가된 콘텐츠를 플레이하려면 게임을 최신 버전으로 업데이트해주세요."
"releasenotes_1.48.5","캔디크러쉬소다 업데이트가 돌아왔습니다!

• 새 에피소드, 버터크림 늪지에서의 나날은 달콤해요. 마시멜로 모와 함께 구운 마시멜로를 즐겨보세요... 

• 새로 15개의 레벨이 추가되었습니다. 도전을 맞이할 준비 되었나요? 달콤한 레벨이 총 480개가 되었습니다! 

추가된 콘텐츠를 플레이하려면 게임을 최신 버전으로 업데이트해주세요."
"releasenotes_1.49","탄산 거품 가득한 업데이트가 돌아왔습니다!

• 신규 에피소드, 초콜릿에 폭 담긴 성에서 배 터지게 놀아보자고요! 15개의 레벨이 추가되어, 총 495개의 레벨을 즐길 수 있습니다!

• 새로운 기능: 탄산 거품! 거품을 맘껏 터트리고 Soda Rush를 만들어봐요! 더 알아보려면 플레이하세요!

새로운 콘텐츠를 플레이하려면 게임을 최신 버전으로 업데이트해야 합니다."
"releasenotes_1.50","새로운 에피소드, 코코넛 크림 신기루에서 정신을 잃지 않도록 조심하세요! 신기루에 가려면 설탕 사막을 건너야 할 거예요. 달콤한 아이템을 비축해놓도록 하세요! 행운을 빌어요!

• 15개의 새로운 레벨이 추가되어 총 510개의 레벨을 플레이할 수 있습니다!

새로운 콘텐츠를 플레이하려면 게임을 최신 버전으로 업데이트해주세요!"
"releasenotes_1.51","너무도 달콤한 에피소드, 젤리과자 나무에서 새로운 친구, 피어를 만나보세요. 캔디 왕국의 모험에 동참하고 싶어 한답니다. 이 친구의 팝콘도 꼭 챙기시고요!

• 15개의 끈적달콤한 새 레벨이 추가되어 총 525개의 레벨을 플레이할 수 있습니다!

새로운 콘텐츠를 플레이하려면 게임을 최신 버전으로 업데이트해주세요!"
"releasenotes_1.52","소다 공장에서 새로 15개의 소다 거품 가득한 레벨을 만들어 내느라 한창 바빴답니다! 이제 총 545개의 톡톡 터지는 레벨을 플레이할 수 있습니다.

• 모두 모두 함께해요! 솜사탕 카니발에선 모두 다 승리자랍니다! 한번 해보세요!

• 새로운 기능! 도전이 필요한가요? 어려운 레벨을 찾아보세요!

새로운 콘텐츠를 플레이하려면 게임을 최신 버전으로 업데이트해주세요!"
"releasenotes_1.53","잠깐만! 유령의 감초사탕에 가본 적이 없다구요? 그렇다면 으스스한 모험 가득한 이번 에피소드가 마음에 쏙 들 거예요!

• 프랑켄파이프와 함께 20개의 소름 돋는 재미를 즐겨보세요. 총 565개의 레벨을 즐길 수 있답니다! 

새로운 콘텐츠를 플레이하려면 게임을 업데이트해주세요!"
"releasenotes_1.54","소다 가득한 업데이트! 캐러멜 회전목마에 올라타보세요! 생각보다 너무 재미있어서 다신 내려오고 싶지 않을 걸요!

• 캔디 왕국에 새로 추가된 20개의 레벨을 플레이해보세요. 총 585개의 레벨을 즐길 수 있답니다!

최신 콘텐츠를 플레이하려면 게임을 업데이트해주세요!"
"releasenotes_1.55","새로운 에피소드! 와플 숲에서 추가된 20개의 새로운 레벨을 먹어치워 보아요! 총 605개의 레벨이 되었습니다!

• 캔디크러쉬소다의 생일을 맞아 여러분을 위한 부스터를 준비했어요! 무료 부스터를 받으려면 게임을 최신 버전으로 업데이트해주세요!

• 스프링클셸이 돌아왔어요! 스프링클셸의 도움을 받아 새로운 에피소드를 즐겨보세요!"
"releasenotes_1.56","새로운 레벨들과 소다 가득한 모험이 찾아옵니다! 연말 시즌을 맞아 특급 스케일의 즐거움이 잔뜩 늘어났답니다. 멋진 캔디 왕국에서 꿈같은 모험을 계속해보세요. 
팡팡 터지는 소다와 함께 지루한 일상을 흔들어보세요!"
"releasenotes_1.57","캔디지팡이 언덕에서 스키 타본 적 있나요? 한번 타보지 않겠어요? 소다 톡 터지는 재미가 있을 거예요!

• 20개의 소다 가득한 레벨이 추가되어 총 686개의 레벨이 되었습니다!

최신 콘텐츠를 플레이하려면 게임을 업데이트해주세요!"
"releasenotes_1.57_Fish_Booster","캔디지팡이 언덕에서 스키 타본 적 있나요? 한번 타보지 않겠어요? 소다 톡 터지는 재미가 있을 거예요!

• 20개의 소다 가득한 레벨이 추가되어 총 686개의 레벨이 되었습니다!

• 신규 부스터! 이 부스터는 레벨에서 만들어진 캔디 물고기를 두 배로 늘려줘요!

최신 콘텐츠를 플레이하려면 게임을 업데이트해주세요!"
"releasenotes_1.58","쉿! 캔디 물고기를 놀라게 하지 말아요! 새로운 에피소드, 사탕 낚시터에서 펭귄 퍼시와 함께 낚시하러 떠나볼까요? 

- 소다 가득한 20개의 레벨에서 낚시하는 즐거움에 빠져보세요! 총 705개의 레벨을 즐길 수 있답니다!

한 가지 기억하세요! 새로 추가된 콘텐츠를 플레이하려면 게임을 최신 버전으로 업데이트해야 한다는 거요!"
"releasenotes_1.59","냠냠... 새로운 에피소드, 봉봉 해변에서 달콤한 인생이 시작됩니다!

- 20개의 즐거운 레벨이 추가되어 총 레벨 수가 725개로 늘어났어요!

소다처럼 톡 쏘는 즐거움을 모두 맛보려면 최신 버전을 다운로드해야 한다는 것 잊지 마세요!"
"releasenotes_1.60","달콤해요! 그야말로 젤리 잔치네요! 새로운 에피소드, 쿵푸 젤리에서 원숭이 왕과 함께 축하해 주세요!

• 쫀득함이 가득한 20개의 레벨이 추가되어 총 레벨 수가 745개로 늘어났어요!

달콤한 콘텐츠를 모두 즐기려면 게임을 꼭 최신 버전으로 업데이트해 주세요!"
"releasenotes_1.61","드래곤도 캔디를 좋아한답니다! 새로운 에피소드, 카라멜 크림 구름에서 폭신한 꿈을 꾸는 것처럼 시간을 보내보세요!

• 20개의 달콤하고 끈끈한 레벨이 추가되어 총 765개의 레벨이 되었습니다!

소다 톡 쏘는 새로운 콘텐츠를 플레이하려면 게임을 최신 버전으로 업데이트해주세요!"
"releasenotes_1.62","우주에서 캔디가 왔어요! 쫄깃한 새 에피소드, 푸른 빛의 버블껌에서 외계인 앨런과 함께 즐겨보세요! 

• 20개의 달콤한 레벨이 추가되어 총 785개의 레벨을 즐길 수 있습니다! 

새로운 콘텐츠를 플레이하려면 게임을 최신 버전으로 업데이트해주세요!"
"releasenotes_1.63_android","Android:
으음... 비스킷! 신규 에피소드, 패스트리 행성에서 도넛강아지 닥스가 비스킷을 모두 찾도록 도와주세요!

- 20개의 톡 쏘는 레벨이 추가되어 총 레벨이 805개로 늘어났어요!

소다 가득한 새로운 콘텐츠를 플레이하려면 게임을 최신 버전으로 업데이트해주세요!"
"releasenotes_1.64","달콤한 케이크가 찾아왔어요! 새로운 에피소드, 빨간 벨벳 빌라에서 발렌틴 플러피번을 만나보세요!

- 새로 20개의 레벨이 추가되어 총 825개의 레벨을 즐길 수 있습니다!

신규 콘텐츠를 플레이하려면 게임을 최신 버전으로 업데이트해주세요!"
"releasenotes_1.65","캔디의 무예는 역사가 무척 오래되었답니다. 새로운 에피소드 '달콤한 명상 정원'에서 호랑이 타이니를 만나보세요!

- 착착 달라붙는 20개의 레벨이 새롭게 추가되어 총 845개의 레벨을 즐길 수 있습니다!

신규 콘텐츠를 플레이하려면 게임을 최신 버전으로 업데이트해주세요!"
"releasenotes_1.66","일어나요! 소다 톡톡 터지는 축제의 시간이 왔습니다! 멋진 멕시코 모자를 쓰고 거품 아저씨와 함께 새로운 에피소드, '피냐타 파티'를 함께 즐겨요!

- 착착 달라붙는 20개의 레벨이 새롭게 추가되어 총 865개의 레벨을 즐길 수 있습니다!

달콤한 신규 콘텐츠를 플레이하려면 게임을 최신 버전으로 업데이트해주세요!"
"releasenotes_1.67","소다 폭풍! 달콤한 소다 가득한 새로운 에피소드, 장미 라즈베리 연못에서 말 스터드를 만나보세요! 모두가 좋아할 만한 친구랍니다.

- 20개의 끈적달콤한 레벨이 추가된, 총 885개의 레벨을 즐겨보세요!

새로운 콘텐츠를 플레이하려면 게임을 최신 버전으로 업데이트해주세요!"
"releasenotes_1.68","아브라카다브라 심살라... 달콤해요! 새로운 에피소드, 소다곰 마을에서 캔디를 좋아하는 착한 마녀를 만나보세요!

- 20개의 레벨이 추가되어, 총 905개의 레벨이 되었습니다!

새로운 콘텐츠를 플레이하려면 게임을 최신 버전으로 업데이트해주세요!"
"releasenotes_1.69","강렬해진 태양과 함께 상큼한 업데이트가 찾아왔어요!
 
 지금 다운로드해서 새로 추가된 끈적달콤한 레벨을 즐겨보세요!
- 톡 쏘는 새 도전을 잠금 해제하세요!
- 군침 도는 신규 에피소드로 떠나보세요!
- 새로운 캐릭터도 만나보세요!
- 멋진 업데이트를 통해 소다 세상이 더 톡톡 터진답니다!

Ps. 소다곰이 안부를 전해 달래요. 소다 바다의 톡 쏘는 해변에서 휴가를 즐기고 있대요!"
"releasenotes_1.71","아브라카다브라 심살라... 아이셔! 히히히... 어두컴컴한 신규 에피소드, 거짓말쟁이 감초사탕에 마녀의 사악한 웃음소리가 온통 울려 퍼지고 있어요! 🍬 

- 20개의 끈적한 레벨이 추가되었어요. 총 985개의 레벨을 즐겨보세요!

추신. 사실 마녀는 생긴 만큼 사악하진 않으니 걱정 말아요! 음... 아냐, 다시 생각해보니 역시 그만큼 사악하네요. 

새로운 콘텐츠를 플레이하려면 게임을 최신 버전으로 업데이트해주세요!"
"releasenotes_1.72","톡 쏘는 업데이트가 찾아왔어요!

- 1,000번째 레벨 출시를 함께 축하해 주세요! 
- 보석으로 가득한 새 에피소드, 에메랄드 저택에서 놀라운 미스터리를 파헤치세요!
- 20개의 레벨이 추가되어 총 1,005개의 레벨을 즐길 수 있답니다!

새로운 콘텐츠를 플레이하려면 게임을 최신 버전으로 업데이트해주세요!"
"releasenotes_1.73","준비하세요, 여러분! 소다 바다에서의 항해가 시작됩니다!

- 선장을 만나보세요! 새로운 에피소드, 맛있는 부두에서 끈적달콤한 퀘스트를 도와줄 거랍니다!   
- 20개의 톡 쏘는 레벨이 추가되어 레벨이 총 1,005개가 되었습니다!

추가된 콘텐츠를 플레이하려면 게임을 업데이트해주세요!"
"releasenotes_1.74","톡 쏘는 업데이트가 왔습니다. 모두 함께해요!

- 신규 에피소드, 달콤 가득 요트에서 달콤하고 톡톡 튀는 세일린 마스토를 만나보세요!
- 20개의 달콤한 레벨이 추가되어 총 1,045개의 레벨이 되었답니다!

추가된 콘텐츠를 플레이하려면 게임을 최신 버전으로 업데이트해주세요!"
"releasenotes_1.75","달콤한 업데이트 시간이 왔어요! 

- 신규 에피소드, '놈 호수'에서 20개의 톡 쏘는 새 레벨을 즐기세요! 
- 놈 호수의 괴물, 냠냠이를 만나보세요! 정말 상냥한 친구랍니다. 
- 이제 짜릿한 레벨 수는 총 1,065개가 되었어요! 전부 클리어할 수 있을까요?

새로운 콘텐츠를 플레이하려면 게임을 최신 버전으로 업데이트해주세요!"
"releasenotes_1.76","소다 톡 쏘는 신나는 업데이트! 

- 끈적달콤한 신규 레벨을 즐겨보세요!
- 탄산 거품이 가득한 신규 에피소드에서 깊은 소다 바닷속을 탐험해 봐요!

게다가! 일각고래 터스커가 파티를 열었어요! 여러분 모두 초대받았답니다! 참석한다고 알릴 것 없이 그냥 찾아가면 돼요! 터스커의 거품 축제는 일품이랍니다."
"releasenotes_1.77","소다처럼 톡 쏘는 맛있는 업데이트! 

- 끈적달콤한 새 레벨들을 즐기세요! 
- 거품 풍성한 새 에피소드에서 소다 세상을 누비세요.
- 달콤한 새 캐릭터들이 여러분을 기다립니다!

새로운 콘텐츠를 모두 즐기려면 게임을 꼭 업데이트하세요!"
"releasenotes_1.78","톡톡 터지는 신규 업데이트! 
-	탄산 거품 가득한 신규 에피소드에서 소다 세상을 탐험해보세요!
-	미스 뚜뚜의 멋진 발레 공연이 펼쳐져요. 솜사탕처럼 빙글빙글 돌며 멋진 발레를 선보인답니다! 
-	스핀과 스펀이 표를 팔 수 있게 도와주세요. 도움이 필요하대요! 
-	새로운 콘텐츠를 모두 플레이하려면 게임을 최신 버전으로 업데이트해주세요!"
"releasenotes_1.79","톡 쏘는 새 업데이트가 옵니다!

-보글보글 거품 가득한 새 에피소드에서 소다 세상을 여행하세요!
-버블껌 트롤이 맛나 극장에서 키미에 관한 노래를 부릅니다. 눈이 휘둥그레질만한 무대 의상도 기대해주세요! 

최신 콘텐츠를 모두 즐기려면 캔디크러쉬소다를 꼭 최신 버전으로 업데이트하세요!"
"releasenotes_1.80","톡 쏘는 업데이트가 찾아옵니다! 

-거품 풍성한 새 에피소드에서 소다 세상으로 풍덩!
-설탕코 부인이 달콤한 차를 끝없이 홀짝거리며 감탄사를 연발하고 있어요!
-차 전문가 팬이 전통적인 다도회를 열었어요. 키미와 함께 달콤한 차와 케이크를 즐겨봐요. 그야말로 찰떡궁합이거든요!

새 콘텐츠들을 즐기려면 반드시 최신 버전을 다운로드하세요!"
"releasenotes_1.81","소다 톡 쏘는 업데이트! 

- 탄산 거품 가득한 최신 에피소드에서 새로운 도전을 즐겨보세요! 
- 달팽이 스피디는 초밥 요리사가 되고 싶어 해요. 정말 의욕이 넘치죠!
- 여왕 벌은 아이스크림 섬의 유능한 지도자랍니다. 공정하면서도 엄격하지요! 

신규 버전을 다운로드해서 새로운 콘텐츠를 즐기세요!"
"releasenotes_1.82","소다 톡 터지는 신규 업데이트!

-보글보글 거품이 이는 신규 에피소드에서 소다 세계를 탐험하세요! 
-마마는 왕국에서 가장 오래된 솜사탕 나무입니다. 숲에서 흘러나오는 소다를 섭취하며 자라죠! 
-넛틀러는 다람쥐입니다! 하지만 너무나도 사슴이 되고 싶어 해요. 그래서 숲의 가장자리에서 보초를 설 때면 사슴뿔을 자랑스럽게 걸친답니다. 

 최신 버전을 다운로드해서 최신 콘텐츠를 즐기세요!"
"remaining_days_left","{days}일 남음"
"request.collaborationhelp.body","안녕하세요! {friend_name} 님이 캔디 왕국에 더욱 깊이 탐험하기 위한 도움이 필요합니다."
"request.collaborationhelp.title","도움 요청"
"request.givelife.body","지금 하트를 보내서 친구를 도와주세요!"
"request.givelife.title","하트 보내기"
"request.invite.body","저와 함께 캔디크러쉬소다를 플레이해봐요!"
"request.invite.title","초대하기!"
"request.life.body","소다를 쭉 빨아 마시는 것이 항상 식은 죽 먹기인 것은 아닙니다. 저에게 하트를 보내주세요."
"request.life.title","하트를 요청하세요!"
"save_percent","{percent}% 할인"
"search_friend","친구 검색"
"send.collaborationhelp.body","{friend_name} 님이 소다 피크닉에 참여했습니다!"
"send.collaborationhelp.title","도움받음"
"shuffle.nomoves","더 이동할 수 없어요."
"shuffle.topic","섞는 중"
"special_offer","특별 할인!"
"special_offer_percentage_text","할인"
"spring_sale_map_icon_title","할인!"
"store_contacting","연결 중"
"stritz.product.amount.description.33000","롤리팝 {amount}개"
"stritz.product.amount.description.33001","줄무늬 롤리팝 {amount}개"
"stritz.product.amount.description.33003","맘대로 바꾸기 {amount}회"
"stritz.product.amount.description.33020","컬러 폭탄 {amount}개"
"stritz.product.amount.description.33021","채색 캔디 {amount}개"
"stritz.product.amount.description.33022","{amount} 더블 캔디 물고기"
"stritz.product.description.33000","게임을 어렵게 만드는 캔디를 부수세요. 복수는 달콤합니다."
"stritz.product.description.33001","캔디를 부수고 십자 모양으로 주변 캔디까지 부수는 효과를 즐기세요."
"stritz.product.description.33003","이동 횟수 차감 없이 두 캔디의 자리를 바꾸세요!"
"stritz.product.description.33020","컬러 폭탄과 함께 레벨을 시작해요!"
"stritz.product.description.33021","컬러링 캔디와 함께 레벨을 시작해요!"
"stritz.product.description.33022","이 레벨에서 젤리 물고기를 만들면 물고기수가 두 배!"
"stritz.product.more.offers","더 많은 딜!"
"stritz.product.shop.title","상점"
"stritz.product.shop.title.33360","달콤한 가격!"
"stritz.product.shop.title.33361","달콤폭탄 캔디!"
"stritz.product.shop.title.33362","달콤한 믹스!"
"stritz.product.shop.title.33363","화려한 컬러!"
"stritz.product.shop.title.33364","풍성한 믹스!"
"stritz.product.shop.title.33365","최고 디저트!"
"stritz.product.title.33000","롤리팝 해머"
"stritz.product.title.33001","줄무늬 롤리팝 해머"
"stritz.product.title.33003","맘대로 바꾸기"
"stritz.product.title.33020","컬러 폭탄 팩"
"stritz.product.title.33021","컬러링 캔디 팩"
"stritz.product.title.33022","더블 캔디 물고기"
"tab.name.candycrush","캔디크러쉬사가"
"tab.name.candycrushjelly","캔디크러쉬젤리"
"tab.name.messages","메시지"
"tab.name.overview","개요"
"tab.name.toplist","최고 득점자"
"tab.newgame.candycrushjelly","새로운 게임!"
"toplist_me","나"
"unlimited_life_duration","{hours}시간"
"unlimited_life_popshop","{hours}시간 무제한 하트"
"unlimited_life_text","무제한 하트"
"update_available_text","새로운 버전이 사용 가능합니다! 지금 업데이트해서 맛있는 소다를 즐기세요!"
"update_available_title","새로운 업데이트"
"update_required_text","이런, 현재 버전에 무슨 문제가 있네요! 계속 플레이하려면 지금 업데이트하세요."
"update_required_title","업데이트 필요"
