"Bubblegum_Blueshift_Episode49_CCSS","快来我们最新篇章“泡泡糖蓝星”里看看有哪些美滋滋的礼物在等着你。有 20 个充满充满甜蜜苏打味道的全新关卡等你畅玩，现在游戏中共有 785 个关卡啦！

请将游戏更新至最新版本，获取全新精彩内容！"
"GreenLanternIOS_WNT","这是一次苏打味儿十足的更新！King、Apple 与世界野生动物基金 (WWF) 正在共同努力，以保护我们这个星球上的生命。
现在起直至 4 月 24 日，我们会将标有世界野生动物基金徽标的销售所得全部捐赠给该基金。

《糖果苏打传奇》全力支持环保！我们已与世界野生动物基金合作，打造了一期特别版环保主题泡泡糖山活动，从而帮助保护全球的可爱大自然与野生动物！

我们同时推出了 20 个黏黏美味的全新关卡！帮助甜甜圈狗达克斯找出全新美味篇章“糕点星球”中的所有饼干！

请将游戏更新至最新版本，获取全新精彩内容！"
"HC100_more_gold_bars","30% 折扣"
"HC200_more_gold_bars","40% 折扣"
"HC25_more_gold_bars","20% 折扣"
"HC500_more_gold_bars","50% 折扣"
"Releasenotes-1.83-memoryhotfix","最近遇到无法在设备上游戏的问题了吗？快点将游戏更新至最新版本，回来畅享苏打乐趣吧！"
"StritzExtraMoves.description","可以为你提供 5 次额外移动次数！"
"StritzExtraMoves.header","5 次额外移动"
"StritzFullLife.description","补充生命值让你以全满的生命值开始游戏！"
"StritzFullLife.header","生命值全满"
"StritzHardCurrencyPackageL.description","大号金条包"
"StritzHardCurrencyPackageL.header","大号金条包"
"StritzHardCurrencyPackageM.description","中号金条包"
"StritzHardCurrencyPackageM.header","中号金条包"
"StritzHardCurrencyPackageS.description","小号金条包"
"StritzHardCurrencyPackageS.header","小号金条包"
"StritzHardCurrencyPackageXL.description","超大号金条包"
"StritzHardCurrencyPackageXL.header","超大号金条包"
"StritzHardCurrencyPackageXS.description","超小号金条包"
"StritzHardCurrencyPackageXS.header","超小号金条包"
"StritzSalePackage0.description","获得一份特别优惠"
"StritzSalePackage0.header","特惠"
"StritzSalePackage1.description","获得一份特别优惠"
"StritzSalePackage1.header","特惠"
"StritzSalePackage2.description","获得一份特别优惠"
"StritzSalePackage2.header","特惠"
"StritzSalePackage3.description","获得一份特别优惠"
"StritzSalePackage3.header","特惠"
"StritzSalePackage4.description","获得一份特别优惠"
"StritzSalePackage4.header","特惠"
"StritzSpecialOffer1.description","甜美大放送"
"StritzSpecialOffer1.header","甜美大放送"
"StritzSpecialOffer2.description","甜美大放送"
"StritzSpecialOffer2.header","甜美大放送"
"WNT_general_new_features","全新功能"
"WNT_general_new_update","全新更新"
"WNT_hotfix_release_bug_fixes","问题修复"
"WNT_hotfix_release_bug_fixes_improvements","问题修复和优化"
"WNT_hotfix_release_bugs_squashed","好消息！ 大部分报告的问题已经解决。 玩得开心！"
"WNT_hotfix_release_fixes_improvements","各种修复和优化"
"WNT_hotfix_release_improved_loading_time","提高加载速度"
"WNT_hotfix_release_message_center","消息中心相关修复"
"WNT_hotfix_release_notifications_amendments","降低频率过高的通知"
"accept_terms_modal_button","接受"
"accept_terms_pp_checkbox","我同意上述条款中涉及的信息采集及使用。"
"accept_terms_pp_text","腾讯游戏许可及服务协议

《腾讯游戏许可及服务协议》（以下简称“本协议”）由您与腾讯游戏服务提供方共同缔结，本协议具有合同效力。请您务必审慎阅读、充分理解各条款内容，特别是免除或者限制责任的条款，以及开通或使用某项服务的单独协议。限制、免责条款可能以黑体加粗形式提示您注意。
除非您已阅读并接受本协议所有条款，否则您无权使用腾讯游戏服务。您使用腾讯游戏服务即视为您已阅读并同意签署本协议。
如果您未满18周岁，请在法定监护人的陪同下阅读本协议，并特别注意未成年人使用条款。
一、【定义】
1.1 本协议：指本协议正文、《腾讯服务协议》、《QQ号码规则》、游戏规则及其修订版本。上述内容一经正式发布，即为本协议不可分割的组成部分。本协议同时还包括文化部根据《网络游戏管理暂行办法》（文化部令第49号）制定的《网络游戏服务格式化协议必备条款》。
1.2 游戏规则：指腾讯游戏服务提供方不时发布并修订的关于腾讯游戏的用户守则、玩家条例、游戏公告及通知等内容。
^1.3 腾讯游戏服务提供方：指向您提供腾讯游戏及其服务的深圳市腾讯计算机系统有限公司，在本协议中简称为“腾讯”。
1.4 腾讯游戏：指由腾讯负责运营的游戏的统称，包括计算机客户端游戏、网页游戏、移动终端游戏等形式的游戏；腾讯游戏可能以软件形式提供，这种情况下，腾讯游戏还包括该相关软件及相关文档。
^1.5 腾讯游戏服务：指腾讯向您提供的与游戏相关的各项在线运营服务。
1.6 您：又称“玩家”或“用户”，指被授权使用腾讯游戏及其服务的自然人。
1.7 游戏数据：指您在使用腾讯游戏过程中产生的被服务器记录的各种数据，包括游戏日志、安全日志等数据。
二、【协议的变更和生效】
2.1 腾讯有权在必要时变更本协议条款，并在相关页面进行通知。您可以在腾讯游戏的相关页面查阅最新版本的协议条款。
2.2 本协议条款变更后，如果您继续使用腾讯游戏服务，即视为您已接受变更后的协议。如果您不接受变更后的协议，应当停止使用腾讯游戏服务。
三、【游戏账号】
3.1	您如果需要使用和享受腾讯游戏，则您需要将您享有使用权的QQ账号或微信账号作为游戏账号，并按照《网络游戏管理暂行规定》及文化部《网络游戏服务格式化协议必备条款》的要求，登录实名注册系统并进行实名注册。您对该QQ号码和微信账号的申请、使用等行为应符合腾讯不时修订并公布的《腾讯服务协议》、《QQ号码规则》和《腾讯微信软件许可及服务协议》的规范。
^3.2 您充分理解并同意：腾讯会按照国家相关要求将您的实名注册信息运用于防沉迷系统之中，即腾讯可能会根据您的实名注册信息判断您是否年满18周岁，从而决定是否对您的游戏账号予以防沉迷限制。
3.3 您应妥善保管您的游戏账号，包括妥善保管您游戏账号所对应的QQ账号及密码，以及微信账号及密码；您应在知晓您的游戏账号被盗用后第一时间通知腾讯。
3.4 您充分理解并同意，为提高腾讯游戏服务的安全水平，腾讯有权将有关技术或软件应用到腾讯游戏中，但腾讯不保证这些安全保障措施可以完全杜绝游戏账号被他人窃取或丢失的风险。
3.5 您充分理解并同意，若腾讯依照相关业务规则限制、冻结或终止您的QQ账号或微信账号的使用，可能会导致您游戏账号下游戏数据及相关信息被删除，以及相关权益的丧失，该损失由您自行承担，对此腾讯不承担任何责任。
3.6 您充分理解并同意，为高效利用服务器资源，如果您长期未使用游戏账号登录腾讯游戏，腾讯有权视需要，在提前通知的情况下，对该账号及其账号下的游戏数据及相关信息采取删除等处置措施，上述处置可能导致您对该游戏账号下相关权益的丧失，对此腾讯不承担任何责任。
四、【用户信息收集、使用及保护】
^4.1 您同意并授权腾讯为履行本协议之目的收集您的用户信息，这些信息包括您在实名注册系统中注册的信息、您游戏账号下的游戏数据以及其他您在使用腾讯游戏服务的过程中向腾讯提供或腾讯基于安全、用户体验优化等考虑而需收集的信息，腾讯对您的用户信息的收集将遵循相关法律的规定。
4.2 您充分理解并同意：为更好地向您提供腾讯游戏服务，腾讯可以将您的用户信息提交给其关联公司，且腾讯有权自行或通过第三方对您的用户信息进行整理、统计、分析及利用。
4.3 您充分理解并同意：腾讯或其合作的第三方可以根据您的用户信息，通过短信、电话、邮件等各种方式向您提供关于腾讯游戏的活动信息、推广信息等各类信息。
4.4 腾讯保证不对外公开或向任何第三方提供您的个人信息，但是存在下列情形之一的除外：
（1）公开或提供相关信息之前获得您许可的；
（2）根据法律或政策的规定而公开或提供的；
（3）只有公开或提供您的个人信息，才能提供您需要的腾讯游戏服务的；
（4）根据国家权力机关要求公开或提供的；
（5）根据本协议其他条款约定而公开或提供的。
^五、【腾讯游戏服务】
5.1 在您遵守本协议及相关法律法规的前提下，腾讯给予您一项个人的、不可转让及非排他性的许可，以使用腾讯游戏服务。您仅可为非商业目的使用腾讯游戏服务，包括：
（1）接收、下载、安装、启动、升级、登录、显示、运行和/或截屏腾讯游戏；
（2）创建游戏角色，设置网名，查阅游戏规则、用户个人资料、游戏对局结果，开设游戏房间、设置游戏参数，在游戏中购买、使用游戏道具、游戏装备、游戏币等，使用聊天功能、社交分享功能；
（3）使用腾讯游戏支持并允许的其他某一项或几项功能。
5.2 您在使用腾讯游戏服务过程中不得未经腾讯许可以任何方式录制并向他人传播腾讯游戏内容，包括不得利用任何第三方软件进行网络传播等。
5.3 在腾讯游戏以软件形式提供的情况下，您在使用腾讯游戏及腾讯游戏服务时还应符合本协议第六条关于软件许可的规定。
5.4 本条及本协议其他条款未明示授权的其他一切权利仍由腾讯保留，您在行使这些权利时须另外取得腾讯的书面许可。
5.5 如果腾讯发现或收到他人举报或投诉用户违反本协议约定的，腾讯有权不经通知随时对相关内容进行删除，并视行为情节对违规游戏账号处以包括但不限于警告、限制或禁止使用全部或部分功能、游戏账号封禁直至注销的处罚，并公告处理结果。
^5.6 您充分理解并同意，腾讯有权依合理判断对违反有关法律法规或本协议规定的行为进行处罚，对违法违规的任何用户采取适当的法律行动，并依据法律法规保存有关信息向有关部门报告等，用户应独自承担由此而产生的一切法律责任。
5.7 您充分理解并同意，因您违反本协议或相关服务条款的规定，导致或产生第三方主张的任何索赔、要求或损失，您应当独立承担责任；腾讯因此遭受损失的，您也应当一并赔偿。
5.8 您充分理解并同意：游戏道具、游戏装备、游戏币等是腾讯游戏服务的一部分，腾讯在此许可您依本协议而获得其使用权。您购买、使用游戏道具、游戏装备、游戏币等应遵循本协议、游戏具体规则的要求；同时，游戏道具、游戏装备、游戏币等可能受到一定有效期限的限制，若您在规定的有效期内未使用，除不可抗力或可归责于腾讯的原因外，一旦有效期届满，将会自动失效。
5.9 您充分理解并同意：为营造公平、健康的游戏环境，在您使用腾讯游戏服务的过程中，腾讯有权通过技术手段了解您终端设备的随机存储内存以及与腾讯游戏同时运行的相关程序。一经发现有任何未经授权的、危害腾讯游戏服务正常运营的相关程序，腾讯将收集所有与此有关的信息并采取合理措施予以打击。
5.10 您充分理解并同意：为了保证您及其他用户的游戏速度，腾讯有权定期转移或者清除腾讯游戏服务器上存储的一些过往的游戏数据。
^5.11 腾讯将按照相关法律法规和本协议的规定，采取切实有效的措施保护未成年人在使用腾讯游戏服务过程中的合法权益，包括可能采取技术措施、禁止未成年人接触不适宜的游戏或者游戏功能、限制未成年人的游戏时间、预防未成年人沉迷网络。作为游戏规则的一部分，腾讯还将在适当位置发布腾讯游戏用户指引和警示说明，包括游戏内容介绍、正确使用游戏的方法以及防止危害发生的方法。所有未成年人用户都应在法定监护人的指导下仔细阅读并遵照执行这些指引和说明；其他玩家在使用腾讯游戏服务的过程中应避免发布、产生任何有损未成年人身心健康的内容，共同营造健康游戏环境。
六、【软件许可】
6.1 使用腾讯游戏服务可能需要下载并安装相关软件，您可以直接从腾讯的相关网站上获取该软件，也可以从得到腾讯授权的第三方获取。如果您从未经腾讯授权的第三方获取腾讯游戏或与腾讯游戏名称相同的游戏，将视为您未获得腾讯授权，腾讯无法保证该游戏能够正常使用，并对因此给您造成的损失不予负责。
6.2 腾讯可能为不同的终端设备或操作系统开发了不同的软件版本，包括但不限于windows、ios、android、windows phone、symbian、blackberry等多个应用版本，您应当根据实际情况选择下载合适的版本进行安装，下载安装程序后，您需要按照该程序提示的步骤正确安装。
^6.3 若腾讯游戏以软件形式提供，腾讯给予您一项个人的、不可转让及非排他性的许可。您仅可为非商业目的在单一台终端设备上下载、安装、登录、使用该腾讯游戏。
6.4 为提供更加优质、安全的服务，在软件安装时腾讯可能推荐您安装其他软件，您可以选择安装或不安装。
6.5 如果您不再需要使用该软件或者需要安装新版，可以自行卸载。如果您愿意帮助腾讯改进产品服务，请告知卸载的原因。
6.6 为了保证腾讯游戏服务的安全性和功能的一致性，腾讯有权不经向您特别通知而对软件进行更新，或者对软件的部分功能效果进行改变或限制。
6.7 软件新版本发布后，旧版本的软件可能无法使用。腾讯不保证旧版本软件继续可用及相应的客户服务，请您随时核对并下载最新版本。
^七、【用户行为规范】
7.1 您充分了解并同意，您必须为自己游戏账号下的一切行为负责，包括您所发表的任何内容以及由此产生的任何后果。您应对腾讯游戏中的内容自行加以判断，并承担因使用腾讯游戏服务而引起的所有风险，包括因对腾讯游戏内容的正确性、完整性或实用性的依赖而产生的风险。腾讯无法且不会对因前述风险而导致的任何损失或损害承担责任。
7.2 您除了可以按照本协议的约定使用腾讯游戏服务之外，不得进行任何侵犯腾讯游戏的知识产权的行为，或者进行其他的有损于腾讯或其他第三方合法权益的行为。
7.3 除非法律允许或腾讯书面许可，您不得从事下列行为：
（1）删除游戏软件及其副本上关于著作权的信息；
（2）对游戏软件进行反向工程、反向汇编、反向编译或者以其他方式尝试发现软件的源代码；
（3）对游戏软件进行扫描、探查、测试，以检测、发现、查找其中可能存在的BUG或弱点；
（4）对游戏软件或者软件运行过程中释放到任何终端内存中的数据、软件运行过程中客户端与服务器端的交互数据，以及软件运行所必需的系统数据，进行复制、修改、增加、删除、挂接运行或创作任何衍生作品，形式包括但不限于使用插件、外挂或非经合法授权的第三方工具/服务接入软件和相关系统；
^（5）修改或伪造软件运行中的指令、数据，增加、删减、变动软件的功能或运行效果，或者将用于上述用途的软件、方法进行运营或向公众传播，无论上述行为是否为商业目的；
（6）通过非腾讯开发、授权的第三方软件、插件、外挂、系统，使用腾讯游戏及腾讯游戏服务，或制作、发布、传播非腾讯开发、授权的第三方软件、插件、外挂、系统；
（7）对游戏中腾讯拥有知识产权的内容进行使用、出租、出借、复制、修改、链接、转载、汇编、发表、出版、建立镜像站点等；
（8）建立有关腾讯游戏的镜像站点，或者进行网页（络）快照，或者利用架设服务器等方式，为他人提供与腾讯游戏服务完全相同或者类似的服务；
（9）将腾讯游戏的任意部分分离出来单独使用，或者进行其他的不符合本协议的使用；
（10）使用腾讯游戏的名称、商标或其它知识产权；
（11）其他未经腾讯明示授权的行为。
7.4 您在使用腾讯游戏服务过程中有如下行为的，腾讯将视情节严重程度，依据本协议及相关游戏规则的规定，对您做出暂时或永久性地禁止登录、删除游戏账号及游戏数据、删除相关信息等处理措施，情节严重的将移交有关行政管理机关给予行政处罚，或者追究您的刑事责任：
^（1）以某种方式暗示或伪称腾讯内部员工或某种特殊身份，企图得到不正当利益或影响其他用户权益的行为；
（2）在腾讯游戏中使用非法或不当词语、字符等，包括用于角色命名；
（3）以任何方式破坏腾讯游戏或影响腾讯游戏服务的正常进行；
（4）各种非法外挂行为；
（5）传播非法言论或不当信息；
（6）盗取他人游戏账号、游戏物品；
（7）私自进行游戏账号交易；
（8）私自进行游戏道具、游戏装备、游戏币等交易；
（9）其他在行业内被广泛认可的不当行为，无论是否已经被本协议或游戏规则明确列明。
八、【免责声明】
8.1 腾讯游戏服务以“现状”提供给您。腾讯不保证：腾讯游戏服务无错误及不会中断、所有缺陷已被更正、或腾讯游戏服务不会受到病毒或任何其它因素的损害。除非有法律明确规定，腾讯在此明确声明不承担任何明示或默示的担保责任，包括但不限于对腾讯游戏服务的性能、适用性或不侵权的担保。
^8.2 在任何情况下，腾讯不对因不可抗力导致的您在使用腾讯游戏服务过程中遭受的损失承担责任。该等不可抗力事件包括但不限于国家法律、法规、政策及国家机关的命令或者其它的诸如地震、水灾、雪灾、火灾、海啸、台风、罢工、战争等不可预测、不可避免且不可克服的事件。
8.3腾讯可独立决定随时变更、终止、中止您对任何腾讯游戏服务的使用，无须向您发出任何提前通知，但根据法律法规规定或您与腾讯的约定需要提前通知的除外。若因您的行为违反法律法规的规定或本协议的规定，腾讯根据相关规定终止、中止您使用任何腾讯游戏服务，则腾讯无须向您承担任何责任，且有权要求您承担相应的责任。
8.4 腾讯游戏可能因游戏软件BUG、版本更新缺陷、第三方病毒攻击或其他任何因素导致您的游戏角色、游戏道具、游戏装备及游戏币等账号数据发生异常。在数据异常的原因未得到查明前，腾讯有权暂时冻结该游戏账号；若查明数据异常为非正常游戏行为，腾讯有权恢复游戏账号数据至异常发生前的原始状态（包括向第三方追回被转移数据），且腾讯无须向您承担任何责任。
8.5 腾讯未授权您从任何第三方通过购买、接受赠与或者其他的方式获得游戏账号、游戏道具、游戏装备、游戏币等，腾讯不对第三方交易的行为负责，并且不受理因任何第三方交易发生纠纷而带来的申诉。
^8.6 您充分理解到：第三方在腾讯游戏中投放的广告、链接或者其它形式的推广内容，均是由其自行提供的，您应当自行判断其真实性，腾讯对其推广内容不作任何明示或者默示的担保。
8.7 您充分理解到：不同操作系统之间存在不互通的客观情况，该客观情况并非腾讯造成，由此可能导致您在某一操作系统中的充值和游戏数据不能顺利转移到另一操作系统中。由于您在不同系统进行切换造成的充值损失和游戏数据丢失风险应由您自行承担，不得要求腾讯承担任何责任。
8.8 您充分理解到：腾讯游戏中可能会设置强制对战区域或玩法，如果您不同意强制对战，请您不要进入该游戏或游戏区域；您的进入，将被视为同意该玩法并接受相应后果。
九、【知识产权】
9.1 腾讯是腾讯游戏的知识产权权利人。腾讯游戏的一切著作权、商标权、专利权、商业秘密等知识产权，以及与腾讯游戏相关的所有信息内容（包括文字、图片、音频、视频、图表、界面设计、版面框架、有关数据或电子文档等）均受中华人民共和国法律法规和相应的国际条约保护，腾讯享有上述知识产权，但相关权利人依照法律规定应享有的权利除外。
9.2 您在使用腾讯游戏服务中产生的游戏数据的所有权和知识产权归腾讯所有，腾讯有权处置该游戏数据。
^9.3 腾讯游戏可能涉及第三方知识产权，而该等第三方对您基于本协议在腾讯游戏中使用该等知识产权有要求的，腾讯将以适当方式向您告知该要求，您应当一并遵守。
^十、【遵守当地法律监管】
10.1 您在使用腾讯游戏服务过程中应当遵守当地相关的法律法规，并尊重当地的道德和风俗习惯。如果您的行为违反了当地法律法规或道德风俗，您应当为此独立承担责任。
10.2 您应避免因使用腾讯游戏服务而使腾讯卷入政治和公共事件，否则腾讯有权暂停或终止对您的服务。
十一、【隐私政策】
保护用户个人信息及隐私是腾讯的一项基本原则。除本协议另有规定外，腾讯游戏服务将遵循腾讯统一公布的相关隐私政策（http://www.qq.com/privacy.htm）。
十二、【管辖与法律适用】
12.1 本协议签订地为中华人民共和国广东省深圳市南山区。
12.2 本协议的成立、生效、履行、解释及纠纷解决，适用中华人民共和国大陆地区法律（不包括冲突法）。
12.3 若您和腾讯之间因本协议发生任何纠纷或争议，首先应友好协商解决；协商不成的，您同意将纠纷或争议提交至本协议签订地有管辖权的人民法院管辖。
12.4 本协议所有条款的标题仅为阅读方便，本身并无实际涵义，不能作为本协议涵义解释的依据。
^12.5 本协议条款无论因何种原因部分无效，其余条款仍有效，对各方具有约束力。
十三、【其他】
13.1 根据国家新闻出版总署关于健康游戏的忠告，腾讯提醒您：抵制不良游戏，拒绝盗版游戏；注意自我保护，谨防受骗上当；适度游戏益脑，沉迷游戏伤身。
13.2 如果您对本协议或腾讯游戏服务有意见或建议，可与腾讯客户服务部门联系，我们会给予您必要的帮助。


腾讯公司"
"accept_terms_pp_title","隐私政策"
"accept_terms_tos_checkbox","我同意上述条款。"
"accept_terms_tos_text","腾讯游戏许可及服务协议

《腾讯游戏许可及服务协议》（以下简称“本协议”）由您与腾讯游戏服务提供方共同缔结，本协议具有合同效力。请您务必审慎阅读、充分理解各条款内容，特别是免除或者限制责任的条款，以及开通或使用某项服务的单独协议。限制、免责条款可能以黑体加粗形式提示您注意。
除非您已阅读并接受本协议所有条款，否则您无权使用腾讯游戏服务。您使用腾讯游戏服务即视为您已阅读并同意签署本协议。
如果您未满18周岁，请在法定监护人的陪同下阅读本协议，并特别注意未成年人使用条款。
一、【定义】
1.1 本协议：指本协议正文、《腾讯服务协议》、《QQ号码规则》、游戏规则及其修订版本。上述内容一经正式发布，即为本协议不可分割的组成部分。本协议同时还包括文化部根据《网络游戏管理暂行办法》（文化部令第49号）制定的《网络游戏服务格式化协议必备条款》。
1.2 游戏规则：指腾讯游戏服务提供方不时发布并修订的关于腾讯游戏的用户守则、玩家条例、游戏公告及通知等内容。
^1.3 腾讯游戏服务提供方：指向您提供腾讯游戏及其服务的深圳市腾讯计算机系统有限公司，在本协议中简称为“腾讯”。
1.4 腾讯游戏：指由腾讯负责运营的游戏的统称，包括计算机客户端游戏、网页游戏、移动终端游戏等形式的游戏；腾讯游戏可能以软件形式提供，这种情况下，腾讯游戏还包括该相关软件及相关文档。
^1.5 腾讯游戏服务：指腾讯向您提供的与游戏相关的各项在线运营服务。
1.6 您：又称“玩家”或“用户”，指被授权使用腾讯游戏及其服务的自然人。
1.7 游戏数据：指您在使用腾讯游戏过程中产生的被服务器记录的各种数据，包括游戏日志、安全日志等数据。
二、【协议的变更和生效】
2.1 腾讯有权在必要时变更本协议条款，并在相关页面进行通知。您可以在腾讯游戏的相关页面查阅最新版本的协议条款。
2.2 本协议条款变更后，如果您继续使用腾讯游戏服务，即视为您已接受变更后的协议。如果您不接受变更后的协议，应当停止使用腾讯游戏服务。
三、【游戏账号】
3.1	您如果需要使用和享受腾讯游戏，则您需要将您享有使用权的QQ账号或微信账号作为游戏账号，并按照《网络游戏管理暂行规定》及文化部《网络游戏服务格式化协议必备条款》的要求，登录实名注册系统并进行实名注册。您对该QQ号码和微信账号的申请、使用等行为应符合腾讯不时修订并公布的《腾讯服务协议》、《QQ号码规则》和《腾讯微信软件许可及服务协议》的规范。
^3.2 您充分理解并同意：腾讯会按照国家相关要求将您的实名注册信息运用于防沉迷系统之中，即腾讯可能会根据您的实名注册信息判断您是否年满18周岁，从而决定是否对您的游戏账号予以防沉迷限制。
3.3 您应妥善保管您的游戏账号，包括妥善保管您游戏账号所对应的QQ账号及密码，以及微信账号及密码；您应在知晓您的游戏账号被盗用后第一时间通知腾讯。
3.4 您充分理解并同意，为提高腾讯游戏服务的安全水平，腾讯有权将有关技术或软件应用到腾讯游戏中，但腾讯不保证这些安全保障措施可以完全杜绝游戏账号被他人窃取或丢失的风险。
3.5 您充分理解并同意，若腾讯依照相关业务规则限制、冻结或终止您的QQ账号或微信账号的使用，可能会导致您游戏账号下游戏数据及相关信息被删除，以及相关权益的丧失，该损失由您自行承担，对此腾讯不承担任何责任。
3.6 您充分理解并同意，为高效利用服务器资源，如果您长期未使用游戏账号登录腾讯游戏，腾讯有权视需要，在提前通知的情况下，对该账号及其账号下的游戏数据及相关信息采取删除等处置措施，上述处置可能导致您对该游戏账号下相关权益的丧失，对此腾讯不承担任何责任。
四、【用户信息收集、使用及保护】
^4.1 您同意并授权腾讯为履行本协议之目的收集您的用户信息，这些信息包括您在实名注册系统中注册的信息、您游戏账号下的游戏数据以及其他您在使用腾讯游戏服务的过程中向腾讯提供或腾讯基于安全、用户体验优化等考虑而需收集的信息，腾讯对您的用户信息的收集将遵循相关法律的规定。
4.2 您充分理解并同意：为更好地向您提供腾讯游戏服务，腾讯可以将您的用户信息提交给其关联公司，且腾讯有权自行或通过第三方对您的用户信息进行整理、统计、分析及利用。
4.3 您充分理解并同意：腾讯或其合作的第三方可以根据您的用户信息，通过短信、电话、邮件等各种方式向您提供关于腾讯游戏的活动信息、推广信息等各类信息。
4.4 腾讯保证不对外公开或向任何第三方提供您的个人信息，但是存在下列情形之一的除外：
（1）公开或提供相关信息之前获得您许可的；
（2）根据法律或政策的规定而公开或提供的；
（3）只有公开或提供您的个人信息，才能提供您需要的腾讯游戏服务的；
（4）根据国家权力机关要求公开或提供的；
（5）根据本协议其他条款约定而公开或提供的。
^五、【腾讯游戏服务】
5.1 在您遵守本协议及相关法律法规的前提下，腾讯给予您一项个人的、不可转让及非排他性的许可，以使用腾讯游戏服务。您仅可为非商业目的使用腾讯游戏服务，包括：
（1）接收、下载、安装、启动、升级、登录、显示、运行和/或截屏腾讯游戏；
（2）创建游戏角色，设置网名，查阅游戏规则、用户个人资料、游戏对局结果，开设游戏房间、设置游戏参数，在游戏中购买、使用游戏道具、游戏装备、游戏币等，使用聊天功能、社交分享功能；
（3）使用腾讯游戏支持并允许的其他某一项或几项功能。
5.2 您在使用腾讯游戏服务过程中不得未经腾讯许可以任何方式录制并向他人传播腾讯游戏内容，包括不得利用任何第三方软件进行网络传播等。
5.3 在腾讯游戏以软件形式提供的情况下，您在使用腾讯游戏及腾讯游戏服务时还应符合本协议第六条关于软件许可的规定。
5.4 本条及本协议其他条款未明示授权的其他一切权利仍由腾讯保留，您在行使这些权利时须另外取得腾讯的书面许可。
5.5 如果腾讯发现或收到他人举报或投诉用户违反本协议约定的，腾讯有权不经通知随时对相关内容进行删除，并视行为情节对违规游戏账号处以包括但不限于警告、限制或禁止使用全部或部分功能、游戏账号封禁直至注销的处罚，并公告处理结果。
^5.6 您充分理解并同意，腾讯有权依合理判断对违反有关法律法规或本协议规定的行为进行处罚，对违法违规的任何用户采取适当的法律行动，并依据法律法规保存有关信息向有关部门报告等，用户应独自承担由此而产生的一切法律责任。
5.7 您充分理解并同意，因您违反本协议或相关服务条款的规定，导致或产生第三方主张的任何索赔、要求或损失，您应当独立承担责任；腾讯因此遭受损失的，您也应当一并赔偿。
5.8 您充分理解并同意：游戏道具、游戏装备、游戏币等是腾讯游戏服务的一部分，腾讯在此许可您依本协议而获得其使用权。您购买、使用游戏道具、游戏装备、游戏币等应遵循本协议、游戏具体规则的要求；同时，游戏道具、游戏装备、游戏币等可能受到一定有效期限的限制，若您在规定的有效期内未使用，除不可抗力或可归责于腾讯的原因外，一旦有效期届满，将会自动失效。
5.9 您充分理解并同意：为营造公平、健康的游戏环境，在您使用腾讯游戏服务的过程中，腾讯有权通过技术手段了解您终端设备的随机存储内存以及与腾讯游戏同时运行的相关程序。一经发现有任何未经授权的、危害腾讯游戏服务正常运营的相关程序，腾讯将收集所有与此有关的信息并采取合理措施予以打击。
5.10 您充分理解并同意：为了保证您及其他用户的游戏速度，腾讯有权定期转移或者清除腾讯游戏服务器上存储的一些过往的游戏数据。
^5.11 腾讯将按照相关法律法规和本协议的规定，采取切实有效的措施保护未成年人在使用腾讯游戏服务过程中的合法权益，包括可能采取技术措施、禁止未成年人接触不适宜的游戏或者游戏功能、限制未成年人的游戏时间、预防未成年人沉迷网络。作为游戏规则的一部分，腾讯还将在适当位置发布腾讯游戏用户指引和警示说明，包括游戏内容介绍、正确使用游戏的方法以及防止危害发生的方法。所有未成年人用户都应在法定监护人的指导下仔细阅读并遵照执行这些指引和说明；其他玩家在使用腾讯游戏服务的过程中应避免发布、产生任何有损未成年人身心健康的内容，共同营造健康游戏环境。
六、【软件许可】
6.1 使用腾讯游戏服务可能需要下载并安装相关软件，您可以直接从腾讯的相关网站上获取该软件，也可以从得到腾讯授权的第三方获取。如果您从未经腾讯授权的第三方获取腾讯游戏或与腾讯游戏名称相同的游戏，将视为您未获得腾讯授权，腾讯无法保证该游戏能够正常使用，并对因此给您造成的损失不予负责。
6.2 腾讯可能为不同的终端设备或操作系统开发了不同的软件版本，包括但不限于windows、ios、android、windows phone、symbian、blackberry等多个应用版本，您应当根据实际情况选择下载合适的版本进行安装，下载安装程序后，您需要按照该程序提示的步骤正确安装。
^6.3 若腾讯游戏以软件形式提供，腾讯给予您一项个人的、不可转让及非排他性的许可。您仅可为非商业目的在单一台终端设备上下载、安装、登录、使用该腾讯游戏。
6.4 为提供更加优质、安全的服务，在软件安装时腾讯可能推荐您安装其他软件，您可以选择安装或不安装。
6.5 如果您不再需要使用该软件或者需要安装新版，可以自行卸载。如果您愿意帮助腾讯改进产品服务，请告知卸载的原因。
6.6 为了保证腾讯游戏服务的安全性和功能的一致性，腾讯有权不经向您特别通知而对软件进行更新，或者对软件的部分功能效果进行改变或限制。
6.7 软件新版本发布后，旧版本的软件可能无法使用。腾讯不保证旧版本软件继续可用及相应的客户服务，请您随时核对并下载最新版本。
^七、【用户行为规范】
7.1 您充分了解并同意，您必须为自己游戏账号下的一切行为负责，包括您所发表的任何内容以及由此产生的任何后果。您应对腾讯游戏中的内容自行加以判断，并承担因使用腾讯游戏服务而引起的所有风险，包括因对腾讯游戏内容的正确性、完整性或实用性的依赖而产生的风险。腾讯无法且不会对因前述风险而导致的任何损失或损害承担责任。
7.2 您除了可以按照本协议的约定使用腾讯游戏服务之外，不得进行任何侵犯腾讯游戏的知识产权的行为，或者进行其他的有损于腾讯或其他第三方合法权益的行为。
7.3 除非法律允许或腾讯书面许可，您不得从事下列行为：
（1）删除游戏软件及其副本上关于著作权的信息；
（2）对游戏软件进行反向工程、反向汇编、反向编译或者以其他方式尝试发现软件的源代码；
（3）对游戏软件进行扫描、探查、测试，以检测、发现、查找其中可能存在的BUG或弱点；
（4）对游戏软件或者软件运行过程中释放到任何终端内存中的数据、软件运行过程中客户端与服务器端的交互数据，以及软件运行所必需的系统数据，进行复制、修改、增加、删除、挂接运行或创作任何衍生作品，形式包括但不限于使用插件、外挂或非经合法授权的第三方工具/服务接入软件和相关系统；
^（5）修改或伪造软件运行中的指令、数据，增加、删减、变动软件的功能或运行效果，或者将用于上述用途的软件、方法进行运营或向公众传播，无论上述行为是否为商业目的；
（6）通过非腾讯开发、授权的第三方软件、插件、外挂、系统，使用腾讯游戏及腾讯游戏服务，或制作、发布、传播非腾讯开发、授权的第三方软件、插件、外挂、系统；
（7）对游戏中腾讯拥有知识产权的内容进行使用、出租、出借、复制、修改、链接、转载、汇编、发表、出版、建立镜像站点等；
（8）建立有关腾讯游戏的镜像站点，或者进行网页（络）快照，或者利用架设服务器等方式，为他人提供与腾讯游戏服务完全相同或者类似的服务；
（9）将腾讯游戏的任意部分分离出来单独使用，或者进行其他的不符合本协议的使用；
（10）使用腾讯游戏的名称、商标或其它知识产权；
（11）其他未经腾讯明示授权的行为。
7.4 您在使用腾讯游戏服务过程中有如下行为的，腾讯将视情节严重程度，依据本协议及相关游戏规则的规定，对您做出暂时或永久性地禁止登录、删除游戏账号及游戏数据、删除相关信息等处理措施，情节严重的将移交有关行政管理机关给予行政处罚，或者追究您的刑事责任：
^（1）以某种方式暗示或伪称腾讯内部员工或某种特殊身份，企图得到不正当利益或影响其他用户权益的行为；
（2）在腾讯游戏中使用非法或不当词语、字符等，包括用于角色命名；
（3）以任何方式破坏腾讯游戏或影响腾讯游戏服务的正常进行；
（4）各种非法外挂行为；
（5）传播非法言论或不当信息；
（6）盗取他人游戏账号、游戏物品；
（7）私自进行游戏账号交易；
（8）私自进行游戏道具、游戏装备、游戏币等交易；
（9）其他在行业内被广泛认可的不当行为，无论是否已经被本协议或游戏规则明确列明。
八、【免责声明】
8.1 腾讯游戏服务以“现状”提供给您。腾讯不保证：腾讯游戏服务无错误及不会中断、所有缺陷已被更正、或腾讯游戏服务不会受到病毒或任何其它因素的损害。除非有法律明确规定，腾讯在此明确声明不承担任何明示或默示的担保责任，包括但不限于对腾讯游戏服务的性能、适用性或不侵权的担保。
^8.2 在任何情况下，腾讯不对因不可抗力导致的您在使用腾讯游戏服务过程中遭受的损失承担责任。该等不可抗力事件包括但不限于国家法律、法规、政策及国家机关的命令或者其它的诸如地震、水灾、雪灾、火灾、海啸、台风、罢工、战争等不可预测、不可避免且不可克服的事件。
8.3腾讯可独立决定随时变更、终止、中止您对任何腾讯游戏服务的使用，无须向您发出任何提前通知，但根据法律法规规定或您与腾讯的约定需要提前通知的除外。若因您的行为违反法律法规的规定或本协议的规定，腾讯根据相关规定终止、中止您使用任何腾讯游戏服务，则腾讯无须向您承担任何责任，且有权要求您承担相应的责任。
8.4 腾讯游戏可能因游戏软件BUG、版本更新缺陷、第三方病毒攻击或其他任何因素导致您的游戏角色、游戏道具、游戏装备及游戏币等账号数据发生异常。在数据异常的原因未得到查明前，腾讯有权暂时冻结该游戏账号；若查明数据异常为非正常游戏行为，腾讯有权恢复游戏账号数据至异常发生前的原始状态（包括向第三方追回被转移数据），且腾讯无须向您承担任何责任。
8.5 腾讯未授权您从任何第三方通过购买、接受赠与或者其他的方式获得游戏账号、游戏道具、游戏装备、游戏币等，腾讯不对第三方交易的行为负责，并且不受理因任何第三方交易发生纠纷而带来的申诉。
^8.6 您充分理解到：第三方在腾讯游戏中投放的广告、链接或者其它形式的推广内容，均是由其自行提供的，您应当自行判断其真实性，腾讯对其推广内容不作任何明示或者默示的担保。
8.7 您充分理解到：不同操作系统之间存在不互通的客观情况，该客观情况并非腾讯造成，由此可能导致您在某一操作系统中的充值和游戏数据不能顺利转移到另一操作系统中。由于您在不同系统进行切换造成的充值损失和游戏数据丢失风险应由您自行承担，不得要求腾讯承担任何责任。
8.8 您充分理解到：腾讯游戏中可能会设置强制对战区域或玩法，如果您不同意强制对战，请您不要进入该游戏或游戏区域；您的进入，将被视为同意该玩法并接受相应后果。
九、【知识产权】
9.1 腾讯是腾讯游戏的知识产权权利人。腾讯游戏的一切著作权、商标权、专利权、商业秘密等知识产权，以及与腾讯游戏相关的所有信息内容（包括文字、图片、音频、视频、图表、界面设计、版面框架、有关数据或电子文档等）均受中华人民共和国法律法规和相应的国际条约保护，腾讯享有上述知识产权，但相关权利人依照法律规定应享有的权利除外。
9.2 您在使用腾讯游戏服务中产生的游戏数据的所有权和知识产权归腾讯所有，腾讯有权处置该游戏数据。
^9.3 腾讯游戏可能涉及第三方知识产权，而该等第三方对您基于本协议在腾讯游戏中使用该等知识产权有要求的，腾讯将以适当方式向您告知该要求，您应当一并遵守。
^十、【遵守当地法律监管】
10.1 您在使用腾讯游戏服务过程中应当遵守当地相关的法律法规，并尊重当地的道德和风俗习惯。如果您的行为违反了当地法律法规或道德风俗，您应当为此独立承担责任。
10.2 您应避免因使用腾讯游戏服务而使腾讯卷入政治和公共事件，否则腾讯有权暂停或终止对您的服务。
十一、【隐私政策】
保护用户个人信息及隐私是腾讯的一项基本原则。除本协议另有规定外，腾讯游戏服务将遵循腾讯统一公布的相关隐私政策（http://www.qq.com/privacy.htm）。
十二、【管辖与法律适用】
12.1 本协议签订地为中华人民共和国广东省深圳市南山区。
12.2 本协议的成立、生效、履行、解释及纠纷解决，适用中华人民共和国大陆地区法律（不包括冲突法）。
12.3 若您和腾讯之间因本协议发生任何纠纷或争议，首先应友好协商解决；协商不成的，您同意将纠纷或争议提交至本协议签订地有管辖权的人民法院管辖。
12.4 本协议所有条款的标题仅为阅读方便，本身并无实际涵义，不能作为本协议涵义解释的依据。
^12.5 本协议条款无论因何种原因部分无效，其余条款仍有效，对各方具有约束力。
十三、【其他】
13.1 根据国家新闻出版总署关于健康游戏的忠告，腾讯提醒您：抵制不良游戏，拒绝盗版游戏；注意自我保护，谨防受骗上当；适度游戏益脑，沉迷游戏伤身。
13.2 如果您对本协议或腾讯游戏服务有意见或建议，可与腾讯客户服务部门联系，我们会给予您必要的帮助。


腾讯公司"
"accept_terms_tos_title","服务条款"
"allow_facebook_friends","与好友一起游戏，苏打甜蜜倍增！"
"best_value","超值"
"birthday.modal_text","我们 1 周岁啦！请你尽情享用甜蜜魔法道具！"
"birthday.modal_title","热烈庆祝！"
"button.allow","一起畅玩！"
"button.connect","连接！"
"button.generic.buy","购买"
"button.logout","登出！"
"button.ok","确定"
"button_crosspromotion_go","前往"
"button_crosspromotion_ok","下载"
"button_download_update","立即更新"
"button_end_game","结束游戏"
"button_invite","邀请好友"
"button_play_now","马上玩！"
"button_play_on","继续"
"button_rate","评价"
"button_restore_purchases","恢复"
"button_utility_logout_description","自 Facebook 登出。"
"button_utility_restore_description","恢复应用内购买"
"button_utility_restore_failed_description","无法恢复购买！"
"button_utility_restore_success_description","购买成功恢复！"
"buy_lives_button","补充生命值"
"candy_crush_synergy.modal.button","开始"
"candy_crush_synergy.modal.text","更多爽快关卡即将推出！先前往糖果传奇享受更多乐趣吧！"
"candy_crush_synergy.modal.title","糖果传奇"
"castle.welcome_peasant","没人能配得上这顶王冠，除了我—泡泡糖巨魔！
你有胆就来试试... 哇哈哈！"
"castle.welcome_pending","欢迎回来！你要先登录才能获得奖励！ 挑战王位宝藏！"
"castle.welcome_regent","登上王位，君临天下！ 
别担心，王座确实是黏黏的，那很正常。"
"ccss_WNT_hotfix_release_bug_fixes","快来充满甜蜜苏打味道的神气王国中畅游吧！多个问题已被修复，以确保更卓越的游戏体验。
在气泡苏打的爆裂声中尽情摇摆吧！"
"ccss_google_flash_deal_product_description","快来获取你的 Google Play 秒杀特惠！- 来商店看看我们的礼包吧！"
"collab_lock_modal_info","请你的好友们帮助你解锁下一篇章！"
"collab_lock_modal_time","篇章解锁倒计时{days}天:{hours}时:{minutes}分。"
"collab_lock_modal_title","解锁篇章！"
"collab_unlocked_modal_info","下一篇章已解锁！我们开始吧！"
"collab_unlocked_modal_title","篇章已解锁！"
"collaboration_ask_button","向好友求助"
"collaboration_text_1","苏打聚餐的时间到了。
邀请 3 位好友加入你
就能继续旅程！"
"collaboration_text_2","赶时间？使用金条获得立即进入的权限。"
"collaboration_title","解锁新的关卡！"
"collaboration_unlock_button","立即解锁"
"collaboration_unlocked_button","我们开始吧！"
"collaboration_unlocked_text","你的好友刚刚帮助了你！继续游玩全新关卡吧！"
"collaboration_unlocked_title","全新关卡已解锁！"
"common.askfriends","求助好友"
"common.connected","已连接"
"common.connected.to.facebook","成功连接Facebook"
"common.connecting","正在连接"
"common.connecting.to.facebook","正在连接 Facebook"
"common.disconnected","已断开连接"
"common.disconnected.from.facebook","从 Facebook 断开连接"
"common.download","下载！"
"common.failed.to.connect","无法连接"
"common.failed.to.connect.facebook","无法连接 Facebook"
"common.getmorelives","获取更多生命值！"
"common.getmorelivesdescription","向好友索取
更多生命值。"
"common.hard","困难"
"common.highscore","高分排行"
"common.leaderboard","排行榜"
"common.levelN","第 {level} 关"
"common.lives.full","全满"
"common.no.internet.available","无法连接互联网"
"common.outoflives","生命值不够了！"
"common.outoflivesdescription","请求你好友赠送额外生命值，
或者立即购买补满生命值。"
"common.play","开始！"
"common.score","分数："
"common.sendtoall","全部发送"
"common.timetonextlife","下一生命值恢复时间："
"common.unlimitedlifetime","无限生命值："
"confirm_exit_app_button","退出游戏"
"confirm_exit_app_header","确认退出"
"confirm_exit_app_text","是否要退出游戏？"
"confirm_exit_level_button","退出关卡"
"confirm_exit_level_text","是否要退出关卡？"
"crosspromo.header","试试另一个游戏吧！"
"discount","折扣"
"download_diorama_failed","无法下载新地图？请稍后重试。"
"download_diorama_failed.title","出问题了"
"download_diorama_offline","建立网络连接，下载新地图！"
"download_diorama_offline.title","您已离线"
"download_diorama_wifi","你确定要在非 WiFi 环境下进行下载吗？"
"download_diorama_wifi.title","下载地图"
"downloading_diorama","正在下载地图..."
"end_game_swipe.close_call.Bottle","你只剩 1 个苏打瓶了！"
"end_game_swipe.close_call.Bottle_pl","你只剩 {amount} 个苏打瓶了！"
"end_game_swipe.close_call.Bubblegum","你只剩 1 块泡泡糖了！"
"end_game_swipe.close_call.Bubblegum_pl","你只剩 {amount} 块泡泡糖了！"
"end_game_swipe.close_call.Chocolate","你只剩 1 块巧克力了！"
"end_game_swipe.close_call.Chocolate_pl","你只剩 {amount} 块巧克力了！"
"end_game_swipe.close_call.Genericbears","你只剩 1 只小熊了！"
"end_game_swipe.close_call.Genericbears_pl","你只剩 {amount}只小熊了！"
"end_game_swipe.close_call.PaintBattle_pl","你只剩 {amount} 格没涂上果酱了！"
"end_game_swipe.close_call.SodaFizz","你只差 1 个瓶盖了！"
"end_game_swipe.close_call.SodaFizz_pl","你只需再收集 {amount} 个瓶盖就成功了！"
"end_game_swipe.close_call.generic","你只剩 {amount} 个就成功了！"
"end_game_swipe.close_call.title","差一点点！"
"episode01.intro","只要你在这儿，
糖果小镇就总是晴天呢！
可惜蒂菲不在，总觉得太安静了！"
"episode01.outro","为什么蒂菲不来信了呢？
她到哪里去了呢？"
"episode02.intro","从没在这儿见过漂流瓶。
我忙着在这树上荡秋千呢！呜伊！"
"episode02.outro","糖果熊掉进苏打水的时候，
我是想帮帮它们的，
但我就是想荡秋千,
根本停不下来。呜伊！"
"episode03.intro","我的苏打水池塘变成了海洋！
当我还是小甜甜圈龙的时候，
池塘对我来说就是海洋！"
"episode03.outro","穿过这道门，你就能找到蒂菲！
当心点，要是那边的陆地不是
由糖果组成的话...嘶...好可怕。"
"episode04.intro","要是我不打开那些冲上岸的漂流瓶的话，我怎么才能知道每个人的小秘密呢？"
"episode04.outro","等你找到你姐姐，记得寄来一个漂流瓶！当它经过这儿时我会读一读的！"
"episode05.intro","嘿，干嘛叫醒我？我正想睡个大觉来消除糖果宿醉呢。"
"episode05.outro","不要在糖果梦工厂开派对。
只要喝醉了一次，
你就会被判终身禁入。"
"episode06.intro","咩，我才不要下来。
下面只有失望，
还会让我的脚变得黏黏的。"
"episode06.outro","我确实在这附近见过蒂菲呀。难不成我见到的只是被龙卷风卷走的拖把吗？"
"episode07.intro","原谅我的蜂蜜胡话！我一直在采集工厂外的野生糖果！"
"episode07.outro","我希望工厂能重新开工！
我可喜欢以前老板给我们
工人订的蛋糕了。"
"episode08.intro","天啊，来了位客人！
好在我的魔法蛋糕机
从没放弃过希望！"
"episode08.outro","自从工厂出事之后订单就很少很少了，你这么喜欢蛋糕真是太好了！"
"episode09.intro","我的糖果熊小朋友
喜欢在泡泡里玩耍。
我也想生活在泡泡里。"
"episode09.outro","重新去工厂工作？
退休才最好！
到处都是苏打和糖果熊！"
"episode10.intro","喂！你在找啥人啊，旱鸭子？"
"episode10.outro","蒂菲？吓我一跳！昨天也有个家伙在找她哇！"
"episode11.intro","这是我担任苏打教授以来
尝过的含糖量最高的苏打汽水了！"
"episode11.outro","糖果梦工厂肯定出了些大问题！"
"episode12.intro","嘿，陌生人！来瞧瞧
新鲜出炉的软糖吧？
我们将迎来一次苏打大丰收！"
"episode12.outro","如果糖果梦工厂继续
向下游输送苏打，
没准我还能创下
糖果的收获纪录呢！"
"episode13.intro","看看你惹的麻烦！噢，等等，你只是找来了制造这场麻烦的女孩。"
"episode13.outro","上一个进入糖果梦工厂的小女孩真是个大麻烦，希望你不是她亲戚。"
"episode14.intro","糖果保佑！你终于来了！
这些甘草绳撑不了太久了！"
"episode14.outro","快让蒂菲赶回来！
甘草糖是用来吃的，
而不是用来捆住
快散架的工厂的。"
"episode15.intro","糖果梦工厂也有过
辉煌的时候，
那时候每一天都很美妙。"
"episode15.outro","喜欢我的新领结吗？
希望你姐姐这一次
不会抓住它不放。"
"episode16.intro","苏打汽水的水平面没上升。
别相信那个苏打教授老青蛙的疯话！"
"episode16.outro","别再叫我认清现实了！
我的冰冻糖果没在融化！"
"episode17.intro","真希望苏打汽水一直这么流下去！
我现在就像在吃自助餐一样幸福！"
"episode17.outro","过来呀，我会告诉你
更多关于苏打的事情，
嗯...你看上去真美味！"
"episode18.intro","还在找你的好姐妹吗？
很久以前我就认识她了。"
"episode18.outro","我当然可以带你去见蒂菲。
我可是个精灵！抓紧扶手！
时间旅行可能会有些颠簸。"
"episode19.intro","这座城堡曾经是我的。
但是，多谢蒂菲，现在它
更适合苏打小马了。"
"episode19.outro","我们会讲到蒂菲的事，
但你要当心工厂经理。
可惜，曾经的她是那么的快乐。"
"episode20.intro","这里曾是糖果王国的中心——
所有糖果都是在这里被制作出来的！"
"episode20.outro","噢，我好怀念她那出神入化的糖果作品。也许有一天，她会变回原来的样子…"
"episode21.intro","你的好姐妹蒂菲在这儿！
她太热情了。瞧啊，
她把机器人的领结都扯下来了。"
"episode21.outro","蒂菲的修复工作太过头了，
所以现在一切都被苏打
淹没了。我们回去吧？"
"episode22.intro","糟了，糟了！工厂经理就在前面等你。她等你很久啦！"
"episode22.outro","最好快一点，
她等着见你都快疯了。 
哎呀，我是想说...哈哈哈！"
"episode23.intro","是泡泡糖巨魔让你来的？
他又在玩什么把戏？"
"episode23.outro","别在意我的挖掘场，
但要当心工厂经理！"
"episode24.intro","我没有疯，
我非常爱苏打！
你姐姐帮过我的忙。
现在每天都能做水疗，
可惬意了。"
"episode24.outro","工厂炸毁了，但是你要穿过那道门，看糖果到底是从哪里来的。"
"episode25.intro","欢迎来到糖果王国中
最甜蜜的地方。
别担心，这里有点糖果的碎屑。"
"episode25.outro","当蒂菲炸毁工厂的时候，
苏打都流了出来。 
但是糖果的生产并没有停下。"
"episode26.intro","现在只有你和我了。
谢谢你与我一起闯过
这个黏乎乎的世界。"
"episode26.outro","糖果王国就是糖果做的！
苏打并不危险！
但是蒂菲到哪里去了呢？"
"episode27.intro","我年轻的朋友，
你已经成长了很多。
但糖果王国里
还有很多秘密
在等待你揭开。"
"episode27.outro","蒂菲的旅程与你的旅程
现在就像两条平行线。
勇敢前进吧，追寻她的足迹。"
"episode28.intro","这帽子和八字胡是你姐姐
送我的礼物，很搞笑吧。"
"episode28.outro","用不了多久蒂菲就会回来，
把我从这里挖出来...
她才只挖到一半呢。"
"episode29.intro","你见过比这更美味更完美的糖果吗？
说真的，没有。因为我看不见。"
"episode29.outro","昨天有颗糖果咬了我一口。又或者那其实是一只獾？"
"episode30.intro","你帮我带果冻来了吗？
我的果冻快吃完了，
可是节目马上要开始了。"
"episode30.outro","总有一天，我的骑士将
身披闪亮的铠甲出现在我面前，
还带着很多很多果冻！"
"episode31.intro","哔哔！ 我没空聊天，
这些灌木可不会
自己把自己剪成艺术品。"
"episode31.outro","嗯，看起来好多了。
而且我只花了一年时间。
现在只要剪完剩下的
3926棵，就完成了。"
"episode32.intro","沉浸在苏打海洋中，每天都有甜蜜惊喜！
就像我刚找到的这冰棍儿。"
"episode32.outro","我还看到一些糖果熊在下面玩泡泡。"
"episode33.intro","休息休息，来根棉花糖烤串。
放松，生活会变得更加甜蜜！"
"episode33.outro","我已经在这里休息很久了，
我现在想要换个地方继续度假。
有什么建议吗？"
"episode34.intro","喂！谁在那边！
需要我效劳吗，亲？"
"episode34.outro","什么？你就是传说中的可米？那我还是去救别人吧！"
"episode35.intro","没有储备丰厚的驼峰，
就敢独自穿越糖果沙漠？"
"episode35.outro","没有足够的糖果，
谁也无法穿越沙漠。 
必须让肚子里塞满糖果才行。"
"episode36.intro","这里永远都是我的家，但现在我准备好迎接新的冒险了！"
"episode36.outro","没有涂料和爆米花的旅程，
哪还算得上是冒险呢？"
"episode37.intro","大家快快来！棉花糖嘉年华，人人都是赢家！"
"episode37.outro","你真是个幸运儿！ 愿甜蜜好运与你常相伴！"
"episode38.intro","门票…请出示你的门票… 
没事，转盘不会让你犯恶心。
我的脸色发绿？因为我天生长这样。"
"episode38.outro","我真想休个假啊，真希望他们别再用门票付我当工钱了。"
"episode39.intro","旋转木马人人爱！根本不想停下来！想试试吗？"
"episode39.outro","抱歉哦，这些人都玩过头了。
他们得休养个一年半载才行..."
"episode40.intro","为什么没有警告标识？
这些树太美味了，
我简直能把它们吃个精光！"
"episode40.outro","我啃了太多树，好像已经过量了！
希望不会惹上麻烦！
小心，树要倒啦！"
"episode41.intro","只需要再来一种原料就可以
做出完美的甜药水了。
我把糖树皮放哪了？"
"episode41.outro","那个讨厌的海狸把糖树皮都啃光了。
要么我多放点果冻来替代吧？"
"episode42.intro","啊，你好啊！你是被我甜美的海妖歌声吸引到这儿来的吗？"
"episode42.outro","早点回来看我哦！一定还有更多的访客会来看我。没人能够抗拒我甜美的嗓音！"
"episode43.intro","今天的天气很适合带我的姜饼猪出来遛一遛！你要知道，我这头姜饼猪可是姜饼与小猪的完美结晶！"
"episode43.outro","呵！呵！呵！我该走啦。我的姜饼猪一直在糖霜里打滚，我都快管不住它了。"
"episode44.intro","这个冬、冬、冬天比冰淇淋还冻人！真希望能点燃拐杖糖来取暖啊！"
"episode44.outro","我应该到、到、到糖果沙漠去过冬。你能帮、帮、帮我想个办法吗？"
"episode45.intro","嘘！ 别把糖果小鱼都吓跑了！ 它们还没咬饵呢！"
"episode45.outro","糖果小鱼根本无法抵抗甜甜圈鱼饵的诱惑！它们上钩是迟早的事。"
"episode46.intro","嘎！我是隐身大师。没人能发现我，嘎嘎！"
"episode46.outro","鱼已经到手啦。现在慢慢往后退，嘎嘎！"
"episode47.intro","来吧，孩子。加入我的宴会！愿我们拥有无穷无尽的糖果和智慧，哈哈！"
"episode47.outro","话说回来，我在东方糖果王国游历了好多年。你还有很多东西没看过呢！"
"episode48.intro","亲爱的，当心脚下。我正在为我可爱的孩子们筑巢呢。"
"episode48.outro","我可爱的孩子们正在孵化。谢谢你帮我把这些云朵拍得又松又软。"
"episode49.intro","啊，是的，我遇到过你的姐姐。天助我也，她帮了我一个大忙。"
"episode49.outro","即使我们在太空中，她也能听到你的呼唤。祝你能早日找到蒂菲！"
"episode50.intro","饼干！我的鼻子告诉我这里有一块骨头饼干，你有没有看到？"
"episode50.outro","嗯，真好吃。这是最好吃的饼干！所有的饼干都是最好吃的饼干！"
"episode51.intro","目标…在….移动的话，很难瞄准！"
"episode51.outro","我的家人都是情人节兔子，所以我必须每天训练才不会落后！"
"episode52.intro","魔法看上去很神奇，但其实都只是手上的功夫，凑近点看，包你大开眼界。"
"episode52.outro","糖果武术的历史非常悠久。继续前进吧，我将为你吟一首离别诗。"
"episode53.intro","你是我的第一位客人！拿一把沙锤摇摆起来，让我们一起彻夜狂欢！"
"episode53.outro","这么早就要走了？欢迎你随时回来哦，我的派对好伙伴。"
"episode54.intro","喂，就是你！你看看，我的鬃毛是不是比这片湖还要耀眼啊？"
"episode54.outro","以我名字命名的玫瑰都会变得更加芳香。"
"episode55.intro","亲爱的，当心脚下。糖果熊最喜欢在步道上玩了。"
"episode55.outro","继续向前走，你就会你找到你要找的人。别灰心！"
"episode56.intro","我不是最聪明的人，但是我尽忠职守。可惜我就是对”赶鸟”的工作很不在行。"
"episode56.outro","鸟儿们都不怕我，所以我们现在成了好朋友！"
"episode57.intro","你够勇敢吗？你能把那些怪…怪物赶走吗？"
"episode57.outro","你没听...听说过蝴...蝴蝶效应吗？"
"episode58.intro","邮递员刚刚过来了，他给你带来了一条消息。"
"episode58.outro","等你碰到邮递员时，告诉他我还在等着我急用的零件呢！"
"episode59.intro","呕，你肯定把我认成我那个装模作样的绿茶妹妹了，我们根本一点都不像好嘛！"
"episode59.outro","你找不到你的姐姐了？我不觉得这有什么好苦恼的。"
"episode60.intro","*…呼噜…呼噜…*"
"episode60.mid","这是第一千次了...是谁在打扰我？"
"episode60.outro","啊，对对对。我知道你在找什么。精灵们现在帮不了你的忙，但是我可以帮你找到一只小船。"
"episode61.intro","去海上航行可别忘了风笛和苏打！"
"episode61.outro","好的小姑娘，你可以借我的船，它就在那边！"
"episode62.intro","你觉得我是艘海盗船？我可是这个王国里最雄伟的船只。"
"episode62.outro","啊，我的甲板需要休息，这么多人在上面不停地走来走去，它可承受不住。"
"episode63.intro","嘿呀！你看上去好像带了很多点心的样子。我猜对了吧？是吧是吧？"
"episode63.outro","邮递员刚刚给我捎来了一大包派，好吃好吃！"
"episode64.intro","苏打海洋里真的满是甜蜜的饰品！"
"episode64.outro","...然后我告诉他，如果你不喜欢我的钱包，那就一边待着去吧！"
"episode65.intro","嘿嘿嘿，甜蜜蛤蜊里的每一天都是狂欢日！"
"episode65.outro","这里不欢迎鲨...呃，我的意思是，这里不欢迎杀气腾腾的客人！"
"episode66.intro","如果邮递鲸对苏打过敏，那日子简直糟透了。"
"episode66.outro","不要再来了！可米，这是你的瓶中信。对不起，非常抱歉！"
"episode67.intro","要做那么多衣服，我就算有八只手也忙不过来啊。不行，我一定要做到！"
"episode67.outro","那个大高个自己带了衣服？但是我给他构思了一个超棒的设计啊！"
"episode68.intro","可米小宝贝！旅行的日子过得怎么样啊？快点给我讲讲！"
"episode68.outro","我最近都没怎么见到蒂菲，我只知道她上次给你寄了一封信。"
"episode69.intro","像软糖一样轻盈地舞动吧！"
"episode69.outro","像苏打一样活泼地跳动，像棉花糖一样轻盈地旋转！"
"episode70.intro","请过来！呃，请进来？还是向前一步？我们要让观众往哪走呀？"
"episode70.outro","祝您观影愉快！呃，赏剧愉快？等等，我们不是在剧院吗？"
"episode71.intro","她东奔西走，四处打探，但粉色的蝴蝶结女孩啊，却依然不见踪迹。"
"episode71.outro","亲人团聚，美好结局！但是要提防，提防那个晃晃悠悠的果冻女王..."
"episode72.intro","太棒了！太妙了！我的这部作品称得上是旷世巨作了！"
"episode72.outro","我天生就是干这行的，可米。现在我要去准备下一个巨作了！"
"episode73.intro","你~真~萌！这些树木也很可爱，所有的一切都很可爱！"
"episode73.outro","来品品我这杯茶，和你一样甘美可口呢！"
"episode74.intro","来尝尝我的茶和蛋糕，绝配喔！"
"episode74.outro","一杯就够啦，喝太多的话会腻喔。"
"episode75.intro","我也可以做寿司喔！只不过...花得时间有点长。"
"episode75.outro","虽然没有手臂，但我像老黄牛一样勤劳呢！"
"episode76.intro","嗡嗡~~欢迎来到我们繁忙的森林，小姑娘！"
"episode76.outro","我对这座森林了若指掌。很遗憾，蒂菲没来过这里。"
"episode77.intro","这些苏打让我的根焕发了无穷活力！"
"episode77.outro","这是给你的棉花糖，这是给你的...人人都有棉花糖！"
"episode78.intro","我在守护这颗橡子呢！我很厉害，对不对？要知道，可不是所有的鹿都会爬树。"
"episode78.outro","种瓜得瓜，种坚果得坚果！坚果有了，春天还会远吗？这是个问题..."
"episode79.intro","慢点，宝贝。游得太快的话鳍会掉下来喔！"
"episode79.outro","我有个笑话，听好了：我们和“鲸”鱼是远亲！懂了没？"
"episode80.intro","哎呀！一个长得像你的金发小姑娘把苏打撒得我马儿身上到处都是！"
"episode80.outro","来认识认识这些小马！这是软糖糖，这是焦糖酱，这是...你有没有在认真听我说呀？"
"episode81.intro","坏了坏了，我把鱼儿给洒出来了！我能给它们浇点水吗？这样做是对的吧？"
"episode81.outro","哈哈哈！没错，真的不用进浑水里去摸鱼了！（...笑点在哪里...？）"
"episode82.intro","哄哄？咚咚？哼哼？对了！是嗡嗡。我想我也可以发出这样的声音，嗡嗡！"
"episode82.outro","哦，亲爱的蜜蜂，我爱你们！让我加入你们吧！"
"episode83.intro","我要成为全世界最优秀的艺术家！"
"episode83.outro","对了，可米！我给王国内所有人都画了像，有没有你认识的？"
"episode84.intro","蒂菲，蒂芙...蒂尔妮妮...对，她是有乘坐一只瓶子漂来这里过。"
"episode84.outro","那是谁的手？哦哦，原来是我的脚...吓我一跳。"
"episode_name_1","糖果小镇"
"episode_name_10","拐杖糖小岛"
"episode_name_11","糖霜森林"
"episode_name_12","甘草糖牧场"
"episode_name_13","糖衣海湾"
"episode_name_14","糖果梦工厂"
"episode_name_15","威化车间"
"episode_name_16","蜜糖冰川"
"episode_name_17","光泽湿地"
"episode_name_18","棕榈糖绿洲"
"episode_name_19","棉花糖城堡"
"episode_name_2","棒棒糖草地"
"episode_name_20","糖果仙境"
"episode_name_21","苏打实验室"
"episode_name_22","家家相黏"
"episode_name_23","枣树丛林"
"episode_name_24","苏打水疗"
"episode_name_25","胡萝卜蛋糕房"
"episode_name_26","魔镜"
"episode_name_27","冰淇淋山顶"
"episode_name_28","美味沙漠"
"episode_name_29","软糖矿井"
"episode_name_3","苏打喷泉"
"episode_name_30","果冻热带地区"
"episode_name_31","糖果花园"
"episode_name_32","冰棍湖"
"episode_name_33","奶油水湾"
"episode_name_34","巧克力城堡"
"episode_name_35","椰林幻象"
"episode_name_36","软糖森林"
"episode_name_37","棉花糖嘉年华"
"episode_name_38","魔力甘草糖转盘"
"episode_name_39","焦糖旋转木马"
"episode_name_4","草莓蛋糕海岸"
"episode_name_40","麦片糕森林"
"episode_name_41","粘糖洞穴"
"episode_name_42","巧克力奶油海"
"episode_name_43","姜饼松林"
"episode_name_44","拐杖糖山坡"
"episode_name_45","糖果小鱼钓鱼点"
"episode_name_46","糖糖海滩"
"episode_name_47","软糖功夫"
"episode_name_48","焦糖奶油云"
"episode_name_49","泡泡糖蓝星"
"episode_name_5","方糖洞穴"
"episode_name_50","糕点星球"
"episode_name_51","红色天鹅绒别墅"
"episode_name_52","糖果禅园"
"episode_name_53","皮纳塔派对"
"episode_name_54","玫瑰树莓湖"
"episode_name_55","糖果熊村庄"
"episode_name_56","开胃原野"
"episode_name_57","薄荷领地"
"episode_name_58","苏打喷泉之源"
"episode_name_59","甘草糖发源地"
"episode_name_6","可可峡谷"
"episode_name_60","翡翠庄园"
"episode_name_61","可口码头"
"episode_name_62","美味游艇"
"episode_name_63","尼木湖"
"episode_name_64","苏打浅滩"
"episode_name_65","甜蜜蛤蜊"
"episode_name_66","棒棒糖湖"
"episode_name_67","摇摆工作坊"
"episode_name_68","甘美休息室"
"episode_name_69","软糖表演会"
"episode_name_7","蜂蜜花园"
"episode_name_70","棉花糖门厅"
"episode_name_71","美味剧院"
"episode_name_72","蜜饯提词角"
"episode_name_73","团子花园"
"episode_name_74","奶油茶道"
"episode_name_75","糖果寿司台"
"episode_name_76","冰淇淋岛"
"episode_name_77","闪耀林地"
"episode_name_78","奶油峭壁"
"episode_name_79","桃仁糖学堂"
"episode_name_8","蛋糕别墅"
"episode_name_80","超萌农场"
"episode_name_81","土耳其软糖道"
"episode_name_82","蜂蜜石楠树"
"episode_name_83","糖漆画廊"
"episode_name_84","冰霜温泉"
"episode_name_9","苏打海岸"
"event.doublefish.text","每次激活一条果冻鱼，会释放两条果冻鱼吞食糖果！"
"event.doublefish.title","双倍美味果冻鱼"
"event.greenlantern.info.button","支持"
"event.greenlantern.info.text","King、Apple 与世界野生动物基金 (WWF) 正在共同努力，保护我们地球上的生命。现在起直至 4 月 24 日，我们会将标有WWF徽标的销售所得全部捐赠给该基金。"
"event.greenlantern.kotc.ended.description","翠竹山(Bamboo hill)现在已关闭。 感谢你对我们游戏的热情支持！"
"event.greenlantern.kotc.info.description","用一个生命值完成 5 个关卡，登顶翠竹山(Bamboo hill)！ 夺得王冠， 赢取皇家宝藏！"
"event.greenlantern.kotc.title","翠竹山(Bamboo hill)"
"event.greenlantern.offer.text","King、Apple 与世界野生动物基金 (WWF) 正在共同努力，保护我们地球上的生命。现在起直至 4 月 24 日，WWF 将会在您购买商品后收到全数购买金额。"
"event.greenlantern.purchaseresult.header","感谢您！"
"event.greenlantern.purchaseresult.text","您的购买将帮助保护地球的森林！"
"event.greenlantern.title","一起来保护地球"
"event.heroquest.kimmy.calculating.label","锦标赛已关闭"
"event.heroquest.kimmy.calculating.text","可米正在计算锦标赛结果。如果你位列前 10，那么你的奖品很快就会颁发了。谢谢你的耐心等候！"
"event.heroquest.kimmy.calculating.title","计算结果中"
"event.heroquest.kimmy.exit.button","继续钓鱼！"
"event.heroquest.kimmy.exit.label","不再显示此消息。"
"event.heroquest.kimmy.exit.text","如果不能通过这个关卡，
你将会失去你钓到的小鱼。"
"event.heroquest.kimmy.exit.title","今天到此结束？"
"event.heroquest.kimmy.gift.button","领取礼物！"
"event.heroquest.kimmy.gift.item","双倍美味果冻鱼"
"event.heroquest.kimmy.gift.text","你钓上了 {qualifying_limit} 条鱼，这是给你的奖励！"
"event.heroquest.kimmy.gift.title","满载而归！"
"event.heroquest.kimmy.info.button","来钓鱼吧！"
"event.heroquest.kimmy.info.disclaimer","提示：任何关卡都可捉鱼，
即使已经玩过的关卡也是！"
"event.heroquest.kimmy.info.text","捉住 {qualifying_limit} 条鱼，即可获得礼物并解锁限时活动！只有成功通过关卡，才能捉住小鱼。"
"event.heroquest.kimmy.info.title","一起来钓鱼吧！"
"event.heroquest.kimmy.mapicon.closed","已关闭"
"event.heroquest.kimmy.mapicon.highscore","钓鱼锦标赛"
"event.heroquest.kimmy.reward.end.text","你已经名列第 {rank}了！可米的钓鱼锦标赛到今天就结束了，但记得定期保养你的钓竿，因为这个活动说不定很快就回来了呢！"
"event.heroquest.kimmy.reward.end.title","收获棒极了！"
"event.heroquest.kimmy.reward.won.button","领取奖励"
"event.heroquest.kimmy.reward.won.text","你已获得以下奖励："
"event.heroquest.kimmy.reward.won.title","恭喜！"
"event.heroquest.kimmy.starman.won.title","恭喜！"
"event.heroquest.kimmy.toplist.text","钓鱼锦标赛！"
"event.heroquest.kimmy.unlock.button","继续"
"event.heroquest.kimmy.unlock.disclaimer","提示：成功通关后即可收集小鱼。"
"event.heroquest.kimmy.unlock.text","你刚刚解锁了一个特别活动。
继续收集小鱼，击败其他玩家，
收获更甜蜜的奖励！"
"event.heroquest.kimmy.unlock.title","钓鱼锦标赛！"
"event.heroquest.manager.calculating.label","比赛结束"
"event.heroquest.manager.calculating.text","糖果工厂经理正在清点结果。如果你在本次比赛中名列前茅，你将会很快获得奖励。谢谢你的耐心等候！"
"event.heroquest.manager.calculating.title","清点糖果"
"event.heroquest.manager.exit.button","继续游戏！"
"event.heroquest.manager.exit.label","不再显示该消息"
"event.heroquest.manager.exit.text","如果未能通过该关卡，你将会失去已经制作好的条纹糖！"
"event.heroquest.manager.exit.title","是否确定？"
"event.heroquest.manager.gift.button","太棒了！"
"event.heroquest.manager.gift.item","条纹棒棒糖锤"
"event.heroquest.manager.gift.text","糖果工厂经理非常感谢你的帮助，享用你的礼物吧！"
"event.heroquest.manager.gift.title","你做到了！"
"event.heroquest.manager.info.button","开始制作！"
"event.heroquest.manager.info.disclaimer","提示：在你最近一次到达的关卡中，有让条纹糖数量翻 10 倍的效果哦！"
"event.heroquest.manager.info.text","经理回到工厂啦！制作 {qualifying_limit} 颗条纹糖就能赢取充满甜蜜苏打味道的礼物、修好坏掉的机器。"
"event.heroquest.manager.info.title","看看是谁回来了！"
"event.heroquest.manager.mapicon.closed","已结束"
"event.heroquest.manager.mapicon.highscore","比赛"
"event.heroquest.manager.reward.end.text","你获得了第 {rank} 名！敬请关注下一次比赛，你将有机会在比赛中名列前茅，从而赢取甜蜜奖励！"
"event.heroquest.manager.reward.end.title","干得漂亮！"
"event.heroquest.manager.reward.won.button","领取奖励！"
"event.heroquest.manager.reward.won.text","你在本次比赛中名列前茅！"
"event.heroquest.manager.reward.won.title","恭喜！"
"event.heroquest.manager.toplist.text","比赛剩余时间："
"event.heroquest.manager.unlock.button","放马过来！"
"event.heroquest.manager.unlock.disclaimer","提示：在你最近一次到达的关卡中，有让条纹糖数量翻 10 倍的效果哦！"
"event.heroquest.manager.unlock.text","糖果工厂经理被你折服了！参与她的比赛，展现你的实力，你将机会赢取超级甜蜜的奖励！"
"event.heroquest.manager.unlock.title","条纹糖比赛"
"event.heroquest.starman.calculating.text","艾伦正在计算星星。如果你在本次比赛中名列前茅，你将会很快获得奖励。谢谢你的耐心等候！"
"event.heroquest.starman.calculating.title","正在计算星星"
"event.heroquest.starman.exit.text","如果你放弃，就会失去在本关中收集到的星星！"
"event.heroquest.starman.exit.title","是否确定？"
"event.heroquest.starman.gift.button","绝佳匹配！"
"event.heroquest.starman.gift.text","艾伦非常感谢你的帮助，享用你的礼物吧！"
"event.heroquest.starman.gift.title","你就是明星！"
"event.heroquest.starman.info.disclaimer","提示：在你最近一次到达的关卡中，有让条纹糖数量翻 10 倍的效果哦！"
"event.heroquest.starman.info.text","艾伦又迷路了！收集 {qualifying_limit} 颗星星就能赢取充满甜蜜苏打味道的礼物，让艾伦在外太空中找到方向！"
"event.heroquest.starman.info.title","我们这是在哪呢？"
"event.heroquest.starman.mapicon.highscore","比赛"
"event.heroquest.starman.reward.end.title","干得漂亮！"
"event.heroquest.starman.reward.won.button","领取奖励"
"event.heroquest.starman.reward.won.text","你就是明星！你在本次比赛中名列前茅！"
"event.heroquest.starman.reward.won.title","恭喜！"
"event.heroquest.starman.unlock.button","开始吧！"
"event.heroquest.starman.unlock.disclaimer","提示：每颗星星的价值都会逐一递增。第二颗星星价值两分，第三颗星星价值三分，以此类推！"
"event.heroquest.starman.unlock.text","艾伦有点迷路了！快点加入追星人比赛来帮他继续驶入外太空，你将有机会赢取超赞的奖励！"
"event.heroquest.starman.unlock.title","追星人"
"event.heroquest.starman.won.reward.button","领取奖励"
"event.leagues.divine.bottom.text1","你的世界排名：{rank}"
"event.leagues.divine.bottom.text2","在神圣联赛中取得这样的排名是很值得骄傲的事情呢！"
"event.leagues.divine.bottom.title","干得漂亮！"
"event.leagues.divine.down.text","你被降级了。快快加入下场比赛，就有机会重回神圣联赛！"
"event.leagues.divine.intro.text","你已进入神圣联赛！在这场比赛中勇夺第一，就能成为全球苏打冠军！"
"event.leagues.divine.top.text1","你现在是苏打冠军，全世界最厉害的玩家！在神圣联赛中夺冠可是项了不起的成就，恭喜你啦！"
"event.leagues.divine.top.text2","你现在是全世界第二强的玩家！这可真了不起，恭喜你呀！"
"event.leagues.divine.top.text3","你现在是全世界第三强的玩家！这可真了不起，恭喜你呀！"
"event.leagues.divine.top.title1","夺冠啦！"
"event.leagues.divine.top.title2","厉害喔！"
"event.leagues.down.text","你被降级了。快快加入下场比赛，就有机会夺回之前的排名！"
"event.leagues.down.title","糟了..."
"event.leagues.info","排名靠前的玩家将晋升下个联赛，但排名靠后的玩家有可能会被降级！"
"event.leagues.intro.button","放马过来！"
"event.leagues.intro.title","比赛！"
"event.leagues.leaguename.0","泡泡"
"event.leagues.leaguename.1","青铜"
"event.leagues.leaguename.2","白银"
"event.leagues.leaguename.3","黄金"
"event.leagues.leaguename.4","绿宝石"
"event.leagues.leaguename.5","蓝宝石"
"event.leagues.leaguename.6","钻石"
"event.leagues.leaguename.7","皇家"
"event.leagues.leaguename.8","神圣"
"event.leagues.leaguename.league0","泡泡联赛"
"event.leagues.leaguename.league1","青铜联赛"
"event.leagues.leaguename.league2","白银联赛"
"event.leagues.leaguename.league3","黄金联赛"
"event.leagues.leaguename.league4","绿宝石联赛"
"event.leagues.leaguename.league5","蓝宝石联赛"
"event.leagues.leaguename.league6","钻石联赛"
"event.leagues.leaguename.league7","皇家联赛"
"event.leagues.leaguename.league8","神圣联赛"
"event.leagues.leaguename.locked","即将推出..."
"event.leagues.royal.down.text","你被降级了。快快加入下场比赛，就有机会重回皇家联赛！"
"event.leagues.royal.intro.text","你已进入皇家联赛！在这场比赛中独领风骚，就能进入最高级别的神圣联赛！"
"event.leagues.royal.up.text","你已进入神圣联赛！现在你将与全世界的顶级玩家一较高下！"
"event.leagues.royal.up.title","恭喜！"
"event.leagues.up.text","干得漂亮，你晋级了！后面的比赛会越来越难喔！"
"event.leagues.up.title","太棒啦！"
"event.treasurehunt.reward.reward_all_unlocked_text","哇，终极奖励！
功夫不负有心人，快点来领取吧。"
"event.treasurehunt.reward.reward_locked_text","解锁第 {level} 关便可收到这份礼物！"
"event.treasurehunt.reward.reward_unlocked_text","你已收到奖励。
恭喜！"
"event.treasurehunt.reward.title","奖励：{reward_current}/{reward_count}"
"facebook_request_collaboration_help_message","请告诉我该怎么做才能继续冒险！"
"facebook_request_collaboration_help_title","请这些好友给你指路！"
"facebook_send_help_accept_message","享受清爽畅快的关卡吧！"
"facebook_send_help_accept_title","你的好友已为你指路"
"facebook_send_life_scorelist_message","用这免费的生命值来完成难关吧！"
"facebook_send_life_scorelist_title","赠送好友一个生命值？"
"facebook_wmode_warning_message","游戏已暂停。请关闭任何开启的聊天窗口以继续游戏。"
"feature.lc.day","天"
"feature.lc.missed.a.day","哎呦，糟了！你错过了一天！"
"feature.lc.msg.consecutive.firstday","明天再来，就能领取下一份奖励！"
"feature.lc.msg.consecutive.otherdays","只要错过一天，你就需要重新开始！"
"feature.lc.msg.nonconsecutive","每天都来，就可领取超棒奖励！"
"feature.lc.stamp.received","奖励已取"
"feature.lc.stamp.tomorrow","明天来拿"
"feature.lc.start.over","重头来过"
"feature.lc.title","每日奖励！"
"friend_selector.all_friends","全部好友"
"friend_selector.soda_friends","苏打好友"
"game_end_reason.BubbleGum.out_of_moves.content","你没能嚼完所有的泡泡糖！"
"game_end_reason.BubbleGum.out_of_moves.title","移动次数用尽！"
"game_end_reason.BubbleGum.win.content","你嚼完了所有的泡泡糖！"
"game_end_reason.BubbleGum.win.title","美妙极了！"
"game_end_reason.ChocolateNemesis.out_of_moves.content","你没能吃完所有巧克力！"
"game_end_reason.ChocolateNemesis.out_of_moves.title","移动次数用尽！"
"game_end_reason.ChocolateNemesis.win.content","你吃掉了所有巧克力！"
"game_end_reason.ChocolateNemesis.win.title","完美巧克力！"
"game_end_reason.FloatingNutsMode.out_of_moves.content","你没能救出小熊！"
"game_end_reason.FloatingNutsMode.out_of_moves.title","移动次数用尽！"
"game_end_reason.FloatingNutsMode.win.content","你拯救了小熊！"
"game_end_reason.FloatingNutsMode.win.title","苏打美滋滋！"
"game_end_reason.GiantBears.out_of_moves.content","你没能找到所有的小熊"
"game_end_reason.GiantBears.out_of_moves.title","移动次数用尽！"
"game_end_reason.GiantBears.win.content","你找到了所有小熊！"
"game_end_reason.GiantBears.win.title","Sodalicious!"
"game_end_reason.Honey.out_of_moves.content","你没能拯救小熊"
"game_end_reason.Honey.out_of_moves.title","移动次数用尽！"
"game_end_reason.Honey.win.content","你拯救了小熊！"
"game_end_reason.PaintBattleMode.out_of_moves.content","果酱不够！"
"game_end_reason.PaintBattleMode.out_of_moves.title","移动次数用尽！"
"game_end_reason.PaintBattleMode.win.content","哈哈，到处都涂满了果酱！"
"game_end_reason.SodaFizz.out_of_moves.content","你没有集齐所有瓶盖！"
"game_end_reason.SodaFizz.out_of_moves.title","移动次数用尽！"
"game_end_reason.SodaFizz.win.content","你集齐了所有瓶盖！"
"game_end_reason.SodaFizz.win.title","泡泡美滋滋！"
"game_end_reason.SodaToTheBrim.out_of_moves.content","你没有打开所有瓶子！"
"game_end_reason.SodaToTheBrim.out_of_moves.title","移动次数用尽！"
"game_end_reason.SodaToTheBrim.win.content","你打开了所有瓶子！"
"game_end_reason.SodaToTheBrim.win.title","苏打天才！"
"game_end_reason.bubble_gum.win.content","你吃掉了所有的泡泡糖！"
"game_end_reason.bubble_gum.win.title","吹个美美的泡泡！"
"game_end_reason.cookie_batter.out_of_moves.content","你失败了"
"game_end_reason.cookie_batter.out_of_moves.title","移动次数用尽！"
"game_end_reason.digger.out_of_moves.content","你失败了"
"game_end_reason.digger.out_of_moves.title","移动次数用尽！"
"game_end_reason.digger.win.content","你已挖掘完毕了！"
"game_end_reason.digger.win.title","干得漂亮！"
"game_end_reason.generic.cheater.content","干得好！"
"game_end_reason.generic.cheater.title","你作弊了"
"game_end_reason.generic.no_possible_moves.content","没有任何可移动的糖果了"
"game_end_reason.generic.no_possible_moves.title","移动次数用尽！"
"game_end_reason.generic.quit.content","你已按下
“退出”按钮！"
"game_end_reason.generic.quit.title","你放弃了！"
"game_end_reason.marching.out_of_moves.content","你没有抓住足够的魔精"
"game_end_reason.marching.out_of_moves.title","移动次数用尽！"
"game_end_reason.marching.reached_target.content","1只魔精到达了它的目的地"
"game_end_reason.marching.reached_target.title","魔精逃走了"
"game_end_reason.marching.win.content","你已阻止了所有的小熊！"
"game_end_reason.marching.win.title","干得漂亮！"
"game_end_reason.out_of_moves.content","你用完了所有移动次数"
"game_end_reason.out_of_moves.title","移动次数用尽！"
"game_end_reason.paint_battle.out_of_moves.content","你没能涂满整张地图"
"game_end_reason.paint_battle.out_of_moves.title","移动次数用尽！"
"game_end_reason.painting_battle.win.content","你涂满了整块版面"
"game_end_reason.painting_battle.win.title","干得漂亮！"
"game_swipe_end_almost_there","就快到啦！"
"game_swipe_end_continue_button_text","继续"
"game_swipe_end_end_button_text","再试一次"
"game_swipe_end_level_complete","Sodalicious!"
"game_swipe_end_lose_header_reason_bear_not_saved","你没能救下小熊！"
"game_swipe_end_lose_header_reason_free_bears","你没能解救小熊！"
"game_swipe_end_no_more_moves","移动次数用尽！"
"game_swipe_end_win_header_better_score","最佳成绩: {0}"
"game_swipe_end_win_header_new_highscore","新高分！"
"gamemode.bubblegum.instructions","嚼完所有的
泡泡糖！"
"gamemode.bubblegum.name.short","泡泡糖"
"gamemode.chocolate.instructions","吃掉所有的
巧克力！"
"gamemode.chocolatenemesis.name.short","巧克力"
"gamemode.floating_bear.instructions","让小熊浮到糖果串上边！"
"gamemode.floating_bear.instructions_pl","让小熊浮到
糖果串上边！"
"gamemode.floating_bear.name.short","泡泡"
"gamemode.floating_bear_no_bottles.instructions","拯救小熊！"
"gamemode.giant_bears.instructions","找出小熊！"
"gamemode.giantbears.name.short","冰冻"
"gamemode.honey.instructions","吃掉蜂蜜然后
拯救小熊！"
"gamemode.honey.name.short","蜂蜜"
"gamemode.jam.instructions","涂开所有的果酱"
"gamemode.paint_battle.instructions","把果酱涂到
每个地方！"
"gamemode.paint_battle.name.short","果酱"
"gamemode.soda_to_the_brim.instructions","释放苏打！"
"gamemode.soda_to_the_brim.name.short","苏打"
"gamemode.sodafizz.instructions","收集瓶盖！"
"gamemode.sodafizz.name.short","气泡"
"generic_button_continue","继续"
"generic_button_next","继续"
"generic_friend_name","一位好友"
"generic_loader_loading","正在加载..."
"generic_popup_button_retry","重试"
"generic_popup_info_contact_failed","嘭嘭苏打商店现在正忙。再试一次！"
"generic_popup_info_loading","嘭嘭苏打商店"
"generic_popup_info_purchase_inprogress1","糖果运输中..."
"generic_popup_info_purchase_inprogress2","等待 App Store 的响应..."
"generic_popup_info_purchase_inprogress2_play_store","等待 Google Play Store 的响应..."
"gift_success_text","好好享用你的礼物吧！"
"gifts_received","你收到了礼物哟！"
"go_to_candy_crush_button","开始"
"go_to_candy_crush_jelly_button","开始"
"go_to_candy_crush_jelly_text","你品尝了糖果，又畅饮了苏打……现在准备好释放果冻了吗？"
"go_to_candy_crush_text","前往糖果传奇享受更多糖果王国的乐趣吧！"
"goldbar_shop_title","购买金条"
"goodies_redeemed","领取的糖果"
"google_birthday","Google的生日到了！"
"hard_loader_caption","困难关卡"
"in_game.buy_booster.info.extra_moves","获得 5 次额外移动！"
"in_game.buy_booster.info.lollypop_hammer","粉碎任意糖果！"
"in_game.buy_booster.title","购买 1 种魔法道具"
"ingame.locked_booster.info.all","再接再厉，解锁这个魔法道具！"
"ingame.tutorial.bottles_soda","打开苏打瓶，
让苏打水面上升！"
"ingame.tutorial.candy_string","帮助小熊浮到糖果串上面！"
"ingame.tutorial.fizz_part_1","消除苏打里的糖果来制造气泡"
"ingame.tutorial.fizz_part_2","配对带有气泡的糖果来扩散气泡"
"ingame.tutorial.fizz_part_3","连续爆破六组气泡即可获得一个瓶盖"
"ingame.tutorial.ice_crush","粉碎冰块来拯救小熊吧！"
"ingame.tutorial.jam_spread_by_match","配对果酱上的
糖果就能涂开果酱"
"ingame.tutorial.lollicross_hammer","使用条纹棒棒糖可以制造十字形糖爆"
"ingame.tutorial.lollipop","棒棒糖锤可以
粉碎任意糖果"
"ingame.tutorial.match_2x2","把4个颜色相同的糖果配成正方形
就会生成1个糖果小鱼"
"ingame.tutorial.match_three","试试配对3个颜色相同的糖果"
"ingame.tutorial.remove_chocolate","试试配对巧克力
周围的糖果"
"ingame.tutorial.rise_bear","试试配对小熊上方的糖果"
"ingame.tutorial.sidekick_cyan_1","消除水蓝糖果来喂食喷水龟"
"ingame.tutorial.sidekick_cyan_2","选择他并选择一个糖果，即可消除这种颜色"
"ingame_ui_sign_score","分数："
"ingame_ui_sign_scr","分数："
"interstitial_invite_text","快来邀请好友们一同畅玩吧！"
"interstitial_invite_title","邀请好友"
"interstitial_sendlife_text","赠送生命值帮助好友。"
"interstitial_sendlife_title","赠送生命值！"
"kingdom_modal_registration_1","你真了不起！你叫什么名字？"
"kingdom_modal_registration_2","你的玩法好高明哦，
我们交个朋友吧！
你叫什么名字？"
"kingdom_modal_registration_no","好吧，如果你改变主意了，
就使用这个符号！"
"kingdom_modal_registration_ok","太棒了，{name}！如果你想更改名字或头像，只要找到这个符号就行了！"
"kingdom_modal_registration_ok_1","太棒了！
如果你想更改名字或头像，
只要找到这个图标就行了！"
"kingdom_modal_registration_your_name","你的名字"
"kingdom_registration_3","你真出色！你叫什么名字？我们想记录你的进度！"
"kingdom_registration_nag","真不想麻烦你呀，
但如果你把名字告诉我，
我们就可以一起玩了！"
"koc.dethroned.claimprize","您已失去王位，去领取奖励吧！"
"korea_legal_bank_link","-"
"kotc.bonus","奖励"
"kotc.bubblegum.troll","泡泡糖巨魔"
"kotc.collectBonus","领取！"
"kotc.collectReward","领取奖励"
"kotc.crownIsYours","你成为了统治者！"
"kotc.didntCaptureCrown","你这次未能登上王位！"
"kotc.ended.description","泡泡糖山现在已关闭。 感谢你对我们游戏的热情支持！"
"kotc.ended.text","已关闭"
"kotc.exit","返回"
"kotc.hours.short","{hours} 小时"
"kotc.info.button","夺取王冠"
"kotc.info.description","一个生命值完成 5 个关卡，
统治泡泡糖山！ 
将以前的统治者赶下王位，
即可获得王位宝藏！"
"kotc.levelLeft","剩余 {levelsLeft} 个关卡！"
"kotc.levelsLeft","剩余 {levelsLeft} 个关卡！"
"kotc.minutes.short","{minutes} 分钟"
"kotc.newKing","新的统治者！"
"kotc.newKing.desc","{name} 偷走了王冠，登上了王位！"
"kotc.offline.button","确定！"
"kotc.offline.description","登录后才能领取王位宝藏！"
"kotc.offline.title","你已离线！"
"kotc.pregame.description","成为统治者，这些全将属于你！ 
统治时间越久，王位奖励越丰厚！"
"kotc.pregame.title","王位宝藏！"
"kotc.previous_king_bar.title","历代统治者"
"kotc.recapture","夺回王位！"
"kotc.title","泡泡糖山"
"kotc.tooBad","真是遗憾！"
"kotc.tryAgain","再试一次！"
"kotc.unlimitedLives","无限生命值"
"kotc.visitKimmy.button","立即前往！"
"kotc.visitKimmy.description","糖果王国等待着你！ 统治期间，
王位奖励将累计增加！"
"kotc.visitKimmy.title","主宰！"
"kotc.yourBonus","你的王位奖励"
"kotc.yourBonus.desc","在你统治期间，金条将累积增加！"
"kotc.yourReward","享用奖励吧，陛下！"
"level","关卡"
"main_menu_push_notifications","推送通知"
"main_menu_settings_link_customer_care","客户服务"
"main_menu_settings_link_faq","常见问题"
"main_menu_settings_link_privacy_policy","隐私政策"
"main_menu_settings_link_terms_of_service","服务条款"
"manual_share_episode_complete_description","我需要一些冒险的同伴，用这个来追上我的进度吧！"
"manual_share_episode_complete_link","哇塞！我刚刚完成了 {0}"
"manual_share_episode_complete_title","我刚刚完成了 {0} 中所有的关卡！"
"manual_share_friend_beaten_description","看来这次是我赢了。加入然后试着超过我吧！"
"manual_share_friend_beaten_link","迎头赶上！"
"manual_share_friend_beaten_title","我击败了你"
"manual_share_friend_passed_description","我领先了！"
"manual_share_friend_passed_link","迎头赶上！"
"manual_share_friend_passed_title","已超越的好友"
"manual_shares_general_link","立即开始糖果苏打传奇"
"memories_attempt_left","次剩余挑战次数"
"memories_attempts","挑战次数"
"memories_attempts_left","次剩余挑战次数"
"memories_attempts_tap","轻按继续"
"memories_button_reveal","显示"
"memories_splash_text_postgame","你获得了一个记忆碎片！"
"memories_splash_text_pregame","完成关卡即可获取记忆碎片！"
"memories_tab_title","记忆"
"memories_title_pic_01","甜蜜的家！"
"memories_title_pic_02","泳池戏水"
"memories_title_pic_03","劲爆喔"
"memories_title_pic_04","歇爪休闲"
"memories_title_pic_05","泡泡和糖"
"memories_title_pic_06","加油喔，雪怪！"
"message_center.button.give_life","接受"
"message_center.button.received_collaboration","确定"
"message_center.button.send_life","发送"
"message_center.life_request.multi.title","{friend_name}和其他{friend_count}位好友需要生命值！"
"message_center.life_request.single.title","{friend_name}请求了帮助。是否赠送生命值？"
"message_center.life_request.two.title","{friend_name}和另一位好友需要生命值！"
"message_center.received_collaboration.multi.title","{friend_name}和另外{friend_count}位好友帮助了你向{episode}前进！"
"message_center.received_collaboration.single.title","{friend_name}帮助了你向{episode}前进！"
"message_center.received_collaboration.two.title","{friend_name}和另一位好友帮助了你向{episode}前进！"
"message_center.received_life.multi.title","{friend_name}和另外{friend_count}位好友为你补充了生命值！"
"message_center.received_life.single.title","{friend_name}为你补充了一个生命值！"
"message_center.received_life.two.title","{friend_name}和另一个好友为你补充了生命值！"
"message_center.request_collaboration.multi.title","{friend_name}和另外{friend_count}位好友需要你帮助解锁 {episode}！"
"message_center.request_collaboration.single.title","{friend_name}需要你帮助解锁{episode}！"
"message_center.request_collaboration.two.title","{friend_name}和另一位好友需要你帮助解锁{episode}！"
"message_center.timed_collab_unlock.title","篇章{episode}已解锁！"
"most_popular","最畅销"
"no_connection_title","无法连接！"
"no_internet_access","没有互联网可连接。
请稍后重试。"
"notification_all_progress_synchronized","所有进度已同步！"
"notification_contacting_store_failure","不寻常的高糖需求。再试一次！"
"notification_contacting_store_success","成功连接商店！"
"notification_facebook_successfully_disconnected","成功断开连接。"
"notification_jailbroken_devices_not_supported","您的设备表现可疑"
"opengraph_story_accomplish_a_combo_message_1","你创下了一个糖果传奇的世界纪录！"
"opengraph_story_accomplish_a_combo_message_2","令人目眩的超凡组合技！"
"opengraph_story_booster_unlocked_extra_moves_description","吃不消了？购买一些 +5 移动次数的魔法道具，和我一起玩吧！"
"opengraph_story_booster_unlocked_extra_moves_title","5 次额外移动"
"opengraph_story_booster_unlocked_lollypop_hammer_description","你是天生的糖果粉碎者吗？棒棒糖锤将满足你所有粉碎的欲望！和我一起玩吧！"
"opengraph_story_booster_unlocked_lollypop_hammer_title","棒棒糖锤"
"opengraph_story_booster_unlocked_message_1","你刚刚解锁了更多苏打能量！哦嚯嚯..."
"opengraph_story_booster_unlocked_message_2","你听到新魔法道具解锁的音乐了吗？唔...好吧我也听到了..."
"opengraph_story_booster_unlocked_message_3","这款魔法道具就是...糖果们的大麻烦！"
"opengraph_story_episode_discovered_description","糖果王国难道永无止境吗？帮我选一下接下来该去哪！"
"opengraph_story_ingame_button_add_message","添加消息"
"opengraph_story_level_mastered_message_1","第 {0} 关根本难不倒我！唔，好吧...其实我也试了好几次才过。"
"opengraph_story_level_mastered_message_2","能在这个关卡拿到三颗星的人都了不得啊！"
"opengraph_story_level_passed_message_1","那一关根本是小菜一碟！"
"opengraph_story_level_passed_message_2","这一关连三岁小孩都能过！"
"opengraph_story_level_passed_message_3","哦嚯嚯！我是世界上最棒的
苏打瓶开瓶手！"
"opengraph_story_level_passed_title","你真是个苏打天才！你成功闯过了第 {number} 关！"
"play_on_ads_egp_desc","获取 {min_moves}-{max_moves} 个额外移动次数！"
"play_on_egp_desc","{moves} 次额外移动"
"play_on_pegp_desc","在本关卡中增加 {moves} 次额外移动，持续 {days} 天"
"play_with_facebook_friends","连接到 Facebook，
与好友一起玩！"
"popular","热卖"
"popup.intro.button","找出真相吧！"
"popup.intro.description","欢迎来到被苏打淹没的糖果王国，
这里是故事开始的地方...

为什么可米不再收到蒂菲的来信？

这些苏打是从哪儿来的？

一切都是怎么回事呢？"
"popup_booster_unlocked_extra_moves_booster_description","可以为你提供 5 次额外移动次数！"
"popup_booster_unlocked_extra_moves_booster_name","额外移动次数"
"popup_booster_unlocked_lollypophammer_booster_description","消除任何挡着你的糖果！"
"popup_booster_unlocked_lollypophammer_booster_name","棒棒糖锤"
"popup_collaboration_lock_description","让好友们来帮助你解锁更多令人兴奋的关卡"
"popup_collaboration_lock_timer_day","天"
"popup_collaboration_lock_timer_days","天"
"popup_collaboration_lock_timer_description","将解锁于:"
"popup_collaboration_lock_timer_hour","小时"
"popup_collaboration_lock_timer_hours","小时"
"popup_collaboration_lock_timer_minute","分钟"
"popup_collaboration_lock_timer_minutes","分钟"
"popup_collaboration_panel_button_buy","解锁"
"popup_collaboration_received_header","你已获得帮助！"
"popup_collaboration_received_message","{friendname}指出了前进的道路！ 继续你的冒险吧！"
"popup_facebook_connect_cancel_description","已取消 Facebook 连接。"
"popup_facebook_connect_cancel_title","已取消"
"popup_facebook_connect_connecting_description","正在连接 Facebook"
"popup_facebook_connect_connecting_title","正在连接"
"popup_facebook_connect_failed_description","请再试一次！"
"popup_facebook_connect_failed_title","无法连接到 Facebook"
"popup_facebook_connect_no_network_description","我们无法连接任何互联网。请再试一次！"
"popup_facebook_connect_no_network_title","无法连接"
"popup_facebook_connect_success_description","所有进度已同步至你的帐户！"
"popup_facebook_connect_success_title","Facebook 已连接"
"popup_facebook_expired_description","再次登录 Facebook 以继续！"
"popup_facebook_failed_access_description","无法访问 Facebook。请确保在 设置/Facebook 中设定允许访问。"
"popup_facebook_reset_description","所有进度将被清除！要继续吗？"
"popup_facebook_reset_title","重置"
"popup_facebook_sendlives_failed_description","你的好友没有收到额外生命值！"
"popup_facebook_sendlives_failed_title","无法赠送生命值"
"popup_facebook_unlockrequest_failed_description","没有响应解除锁定的请求。"
"popup_facebook_unlockrequest_failed_title","无法帮助好友"
"popup_game_over_loss_button_retry","重试"
"popup_game_start_boosters","魔法道具"
"popup_game_start_extra_moves_booster_description","当你需要时，为你提供 5 次额外次数！"
"popup_game_start_extra_moves_booster_name","额外移动次数"
"popup_game_start_level","第 {level} 关"
"popup_game_start_next_target","目标：{target}"
"popup_game_start_select_boosters","选择魔法道具"
"popup_game_start_task_title","目标"
"popup_highscore_connect_facebook_prompt","超过你的好友了吗？连接 Facebook，备份你的进度，确保他们不会超越你！"
"popup_invite_menu_button_select_all","全选"
"popup_invite_menu_description","和朋友们一起探索糖果王国吧！在这里邀请他们："
"popup_invite_menu_title","邀请好友"
"popup_king_failed_access_description","我们现在无法访问糖果王国。请稍后再试！"
"popup_life_received_title","你收到了一份礼物！"
"popup_logout_facebook_message","重新连接到 Facebook，从上次离开的位置继续！"
"popup_logout_facebook_title","登出"
"popup_minishop_purchase_cancelled","购买已取消！"
"popup_minishop_purchase_failed","购买失败"
"popup_minishop_purchase_inprogress","购买中..."
"popup_minishop_purchase_not_done","您的帐户金额将保持不变。"
"popup_minishop_purchase_succeded","购买成功！"
"popup_minishop_purchased_HC","增加 {GoldBars} 根金条！"
"popup_notification_central_header","收件箱"
"popup_notification_central_life_request_message","{friend_name}请求你赠送一个生命值！"
"popup_notification_central_message_count","{num_messages}条新消息"
"popup_notification_central_message_description","查看好友动态！连接 Facebook！"
"popup_notification_central_unlock_request_header","帮助{friend_name}！"
"popup_notification_central_unlock_request_message","帮助{friend_name}解锁下一篇章！"
"popup_sale_text","节日季最甜蜜的优惠来啦！精彩好礼等你来拿！
"
"popup_sale_text_V2","金条特惠！ 购买此特惠将获得至少两小时无限生命值！"
"popup_sale_title","节日特惠！"
"popup_sale_title_V2","特惠"
"popup_settings_title","设置"
"popup_tutorial_howtoplay_FAQ","需要更多信息？请查阅常见问题！或者直接开始玩糖果苏打传奇 吧！"
"popup_tutorial_howtoplay_title","实用小提示"
"popup_unlocked_item_name","你获得了一个魔法道具！"
"postgamemodal.fail","噢，软糖保佑！下次你一定行！"
"postgamemodal.fail.1","下一次你就能成功了！"
"postgamemodal.fail.2","噢亲爱的，这些都是难嚼的硬糖！"
"postgamemodal.fail.3","这些糖果真是太坏了！"
"postgamemodal.fail.4","再试试！就差一点儿了！"
"postgamemodal.fail.5","运气不济，祈祷下次你的运气会更甜一些吧！"
"postgamemodal.win","哟呼！美妙极了！"
"postgamemodal.win.2","你是苏打之星！"
"postgamemodal.win.3","糖球在上，你势如破竹！"
"postgamemodal.win.4","甜豆！你可真棒！"
"postgamemodal.win.5","没有糖能配得上你！"
"pregame_booster_popup_text","游戏开始时，
送你 1 个甜蜜奖励！"
"pregame_booster_popup_title","为你加油！"
"purchase_cancelled_text","您的帐户金额保持不变。"
"purchase_cancelled_title","购买已取消！"
"purchase_deferred_text","购买正在等待审核"
"purchase_deferred_title","等待中"
"purchase_failed_canvas","购买失败！"
"purchase_failed_text","商店无法使用。再试一次！"
"purchase_failed_title","购买失败！"
"purchase_goldbar_success_title","金条已增加"
"purchase_pending","支付正在等待处理..."
"purchase_result_continue","继续"
"purchase_result_fail_title","金条没有增加"
"purchase_stop_wait","继续"
"purchase_success_text","尽情享受您所购买的物品吧!"
"purchase_success_title","甜蜜搞定！"
"purchase_sync_failed_text","请检查您的网络连接，您应当很快就能收到购买的物品。"
"purchase_sync_failed_title","同步发生问题！"
"push_lives_full","你的生命值已全满，快去粉碎更多糖果吧！"
"push_new_update","糖果王国需要你的帮助！
从又甜又黏的苏打水中
救出糖果熊！"
"quest.candybar.timer.complete","完成任务来获得新任务！"
"quest.candybar.timer.until","后将会有新任务到来！"
"quest.confirm.skip.no","否"
"quest.confirm.skip.text","是否确定要跳过该任务？"
"quest.confirm.skip.title","跳过任务"
"quest.confirm.skip.yes","是"
"quest.reward.collected","奖励已领取！"
"quests.candybar.claim.button","领取奖励"
"quests.candybar.skip.button","跳过任务"
"quests.claim.button","领取奖励！"
"quests.claim.header","任务完成"
"quests.claim.text","恭喜！你完成了你的首个任务！"
"quests.description.beatyourself","在任一关卡中打破你自己的记录"
"quests.description.colourcreator","制造出规定数量的着色糖果"
"quests.description.explosivenovice","制造出规定数量的彩糖炸弹"
"quests.description.gofish","将糖果小鱼互相进行匹配并达到规定次数"
"quests.description.greatplayer","完成规定数量的困难关卡"
"quests.description.likingcyan","收集规定数量的水蓝色糖果"
"quests.description.likinggreen","收集规定数量的绿色糖果"
"quests.description.likingorange","收集规定数量的橙色糖果"
"quests.description.matchbombscoloring","将彩糖炸弹与着色糖果进行组合并达到规定次数"
"quests.description.matchwrappedstriped","将包装糖与条纹糖进行组合并达到规定次数"
"quests.description.mixmatch","将彩糖炸弹和条纹糖进行组合并达到规定次数"
"quests.description.movingforward","完成规定数量的关卡"
"quests.description.newquests","如果你已经做完了所有任务，那就明天再来看看吧！"
"quests.description.progress","进展 {0} 关卡"
"quests.description.scorechaser","打破你自己的记录并达到规定的次数"
"quests.description.starcollector","赢取规定数量的星星。只有新赢取的星星才会被计算在内！"
"quests.description.striped","制造出规定数量的条纹糖"
"quests.description.welcomeback","连续登录并达到规定的天数"
"quests.description.wrapitup","制造出规定数量的包装糖"
"quests.header","任务"
"quests.intro.button","好嘞！"
"quests.intro.header","有任务！"
"quests.intro.text","准备做任务喽！苏打海充满了各种挑战，你有胆来应战吗？"
"quests.names.candycollector","糖果收集家"
"quests.names.colorchampions","着色冠军"
"quests.names.colormaster","着色大师"
"quests.names.colourcreator","着色高手"
"quests.names.completionist","完美主义者"
"quests.names.explosiveexpert","爆破专家"
"quests.names.explosivenovice","爆破新手"
"quests.names.fishingformore","越钓越多"
"quests.names.gofish","钓鱼去"
"quests.names.greatplayer","优秀玩家"
"quests.names.likingcyan","水蓝最流行"
"quests.names.likinggreen","绿色最流行"
"quests.names.likingorange","橙色最流行"
"quests.names.lovingcyan","水蓝才是真爱"
"quests.names.lovinggreen","绿色才是真爱"
"quests.names.lovingorange","橙色才是真爱"
"quests.names.mastermixer","混合大师"
"quests.names.masterwrapper","包装大师"
"quests.names.mixmatch","混搭高手"
"quests.names.movingforward","向前进发"
"quests.names.platinumplayer","白金玩家"
"quests.names.proplayer","专业玩家"
"quests.names.rainbowstash","彩虹储藏室"
"quests.names.scorechaser","得分高手"
"quests.names.scoremaster","得分大师"
"quests.names.sodaregular","苏打常客"
"quests.names.splendiddays","精彩的日子！"
"quests.names.starcollector","星星收集家"
"quests.names.starseeker","追星星的人"
"quests.names.superspecials","超级特别美味"
"quests.names.welcomeback","欢迎回来！"
"quests.names.wrapitup","包装高手"
"quests.progression.progress","{0} / {1}"
"rate_app_description","清爽畅快的苏打关卡让你根本停不下来？
快来点评，大声说出你对我们的爱！"
"rate_app_header","很开心吧？"
"rate_app_no","不再提醒"
"rate_app_no_not_now","稍后再说"
"rate_app_text","请告诉我们你的想法。"
"rate_app_title","很开心吧？"
"rate_app_yes","好！"
"releasenotes_1.40","等等！你从未享受过苏打水疗？既然如此，我们为你准备了一份甜蜜体验，你一定会爱上这个全新篇章！

工厂经理将带着你畅玩充满甜蜜苏打味道的 15 个全新关卡，不过它们或许不是你想象的那么轻松哦...

现在就更新，马上获取全新非凡内容！"
"releasenotes_1.41","萌萌滴！ 跟随红兔子来到我们的全新篇章 - 胡萝卜蛋糕房。

在七颠八倒的世界中畅玩 15 个全新关卡，现在共有 360 个甜蜜关卡啦！

全新功能！ 消除绿色苏打同时会使消除的糖果变成瑞典鱼软糖！

更新至最新版本的游戏才能获取全新非凡内容！"
"releasenotes_1.42","畅玩糖果王国的 15 个全新关卡，现在共有 375 个关卡。

你知道吗？油漆工厂受到雷暴袭击，意外产生了着色糖果哦！
同时新增第八种糖果，快来感受它的强大效果！

看看商店为你准备了什么甜蜜礼物吧，一切尽在我们的全新篇章 - 魔镜！

更新至最新版本的游戏才能获取全新非凡内容！"
"releasenotes_1.43","畅享美味的全新篇章 - 冰淇淋山顶。 但不要太过激动哦，因为还需要完成一个任务；Tiffi 去哪儿了？ 快向博学老巫师 Vanilla Beard 寻求帮助吧！

畅玩糖果和苏打王国的 15 个全新关卡，现在共有 390 个甜蜜关卡啦！

更新至最新版本的游戏才能获取全新非凡内容！"
"releasenotes_1.44","在我们的全新篇章 - 美味沙漠 - 获取极大帮助！ 

畅玩 15 个充满甜蜜苏打味道的全新关卡，现在共有 405 个关卡啦！

全新功能： 甘草糖链！ 消除其中一个甘草糖，即可击碎整个黏黏美味的甘草糖链。 当心不要被缠得太紧哦！

更新至最新版本的游戏才能获取充满苏打味儿的全新内容！"
"releasenotes_1.45","是时候来个充满甜蜜苏打味道的更新了！ 在我们的全新篇章“软糖矿井”中，你需要深入挖掘寻找完美糖果！

和我们可爱的新角色眯眯眼 Jones 一起畅玩充满气泡乐趣的 15 个全新关卡，现在共有 420 个关卡啦！
 
更新至最新版本的游戏才能获取全新非凡内容！"
"releasenotes_1.46_Android","在我们的全新篇章“果冻热带地区”中，黏黏美味的更新等待着你！ 邂逅果冻贪食者，她是位友好且喜欢果酱的大块头！ 猜猜她会对什么感兴趣呢？

畅玩糖果王国的 15 个全新关卡，现在共有 435 个关卡啦！

泡泡正忙着重新补充，稍后几日就会带来全新关卡。 希望你会喜欢新内容！"
"releasenotes_1.46_iOS","在我们的全新篇章“果冻热带地区”中，黏黏美味的更新等待着你！ 邂逅果冻贪食者，她是位友好且喜欢果酱的大块头！ 猜猜她会对什么感兴趣呢？

畅玩糖果王国的 15 个全新关卡，现在共有 435 个关卡啦！

别忘了下载最新版本《糖果苏打传奇》才能获取所有最新内容！"
"releasenotes_1.47","你知道修剪树篱是怎么回事吗？ 在我们的最新篇章“糖果花园”中，花匠 Jolly 似乎能帮你忙！

• 畅玩 15 个充满甜蜜苏打味道的全新糖果关卡，现在共有 450 个关卡啦！

一定要下载最新版本才能获取充满苏打味儿的全新内容。"
"releasenotes_1.48","需要放松一下吗？ 在我们充满甜蜜苏打味道的全新篇章“冰棍湖”中，和鲸鱼 Willy 一起嬉水欢闹吧！ 

• 准备好沉浸于苏打海洋，在我们为你准备的 15 个全新关卡中畅享甜蜜惊喜。 现在共有 465 个超酷关卡啦！ 

一定要更新至最新版本的游戏，才能获取全部最新非凡内容！"
"releasenotes_1.48.5","《糖果苏打传奇》又有更新啦！

• 在我们的全新篇章“奶油水湾”中，畅享甜蜜生活。 Mellow Mo 正在享受惬意和串烧软糖，快加入他吧… 

• 我们为你准备了 15 个全新关卡，你能接受挑战吗？ 现在共有 480 个甜蜜关卡啦！

一定要下载最新版本才能获取充满甜蜜苏打味道的全新内容。"
"releasenotes_1.49","这是一次充满甜蜜苏打味道的更新哦！

• 在我们美味的全新篇章“巧克力城堡”中，有一场盛宴正等着你！ 本次更新增加 15 个新关卡，现在共有 495 个无限神奇的关卡了！

• 全新功能： 苏打气泡！ 粉碎气泡，创造苏打奇迹！ 去游戏中体验更多惊喜吧！

请下载最新版本，获取精彩全新内容。"
"releasenotes_1.50","千万不要在炫目篇章“椰林幻象”中迷路了！你要穿越糖果沙漠才能抵达，一定要备足甜点哦！ 祝你好运！

• 有15个充满乐趣的全新关卡等你畅玩，现在游戏中共有 510 个关卡啦！

 请将游戏更新至最新版本，获取全新精彩内容！"
"releasenotes_1.51","在我们最甜蜜的篇章“软糖森林”里，那儿下起了软糖雨！ 快来认识一下我们可爱的新角色—阿梨，他正期待着加入你的糖果王国冒险之旅呢。别忘了也要为他准备爆米花哟！

• 畅玩 15 个软软甜甜的全新关卡，游戏中现在共有 525 个关卡啦！

请将游戏更新至最新版本，才能尽情享受所有精彩新内容！"
"releasenotes_1.52","我们在苏打工厂打造了 15 个充满气泡乐趣的全新关卡！ 我们现在共有 545 个精彩得冒泡的关卡啦。

• 大家快来吧！ 在棉花糖嘉年华，人人都是赢家！ 想要试一试吗？

• 全新功能！ 想来次挑战吗？ 注意困难关卡哟！

请将游戏更新至最新版本，获取所有神奇新内容！"
"releasenotes_1.53","等等！你从来没玩过我们的魔力甘草糖转盘？既然如此，我们有种甜蜜的预感，你一定会爱上这个充满万圣节气息的全新篇章！

• 和弗兰肯斯坦一起玩转令人毛骨悚然的 20 个全新关卡，游戏中现在共有 565 个关卡了哦！ 

请将游戏更新至最新版本，获取充满甜蜜苏打味道的最新内容！"
"releasenotes_1.54","精彩冒泡的更新！跳上焦糖旋转木马，乐趣无限！

• 畅玩糖果王国的 20 个全新关卡，现在共有 585 个关卡啦！

请将游戏更新至最新版本，获取欢乐的最新内容！"
"releasenotes_1.55","木林森！快来“华夫饼森林”啃树吧，新增 20 个全新关卡，现在共有 605 个关卡啦！

• 祝我们生日快乐！送你一些魔法道具！下载最新版本游戏，领取免费魔法道具！

• 喷水龟回来啦！让我们的乌龟伙伴帮助你横扫全新篇章！"
"releasenotes_1.56","全新关卡和苏打冒险之旅即将拉开帷幕！我们已为整个节日季增添了大量泡泡和超爽乐趣，快来神奇的糖果王国继续你的探险。
在气泡苏打的爆裂声中尽情摇摆吧！"
"releasenotes_1.57","你曾滑下拐杖糖山坡吗？好吧，你的机会来了！这将是满满的苏打味儿！

• 畅玩充满气泡乐趣的 20 个全新关卡，现在共有 686 个关卡啦！

请将游戏更新至最新版本，获取全部神奇的最新内容！"
"releasenotes_1.57_Fish_Booster","你曾滑下拐杖糖山坡吗？好吧，你的机会来了！这将是满满的苏打味儿！

• 畅玩充满气泡乐趣的 20 个全新关卡，现在共有 686 个关卡啦！

• 全新魔法道具！它可以使关卡中的全部糖果小鱼翻倍！

请将游戏更新至最新版本，获取全部神奇的最新内容！"
"releasenotes_1.58","嘘！别把糖果小鱼吓跑了！快来我们的新篇章“糖果小鱼钓鱼点”，与小企鹅铂西一起钓鱼吧！

- 新增 20 个关卡，让你尽享钓鱼之乐；游戏总共将有 705 个关卡任你遨游！

别忘了！你需要下载最新版本，才能获取精彩全新内容。"
"releasenotes_1.59","好吃，真好吃。我们的新篇章“糖糖海滩”里的生活真甜蜜呀！

- 新增 20 个充满气泡乐趣的关卡；游戏总共将有 725 个关卡任你遨游！

别忘了！你需要下载最新版本，才能获取精彩全新内容。"
"releasenotes_1.60","真好吃！这是一场软糖的盛宴！快和齐天大圣一起在新篇章 “软糖功夫” 中欢庆吧！

• 畅玩明胶王国的 20 个全新关卡，现在共有 745 个关卡任你遨游啦！

请将游戏更新至最新版本，获取甜蜜的最新内容！"
"releasenotes_1.61","甜甜圈龙也超爱糖果的！快来我们甜美、梦幻的新篇章“焦糖奶油云”中享受一段美味好时光吧！

• 畅玩 20 个黏黏美味的全新关卡，现在共有 765 个关卡任你遨游啦！

请将游戏更新至最新版本，获取充满甜蜜苏打味道的最新内容！"
"releasenotes_1.62","太空糖果！在我们黏黏美味的新篇章《泡泡糖蓝星》中与外星人艾伦一起畅玩！

• 畅玩充满太空甜蜜乐趣的 20 个全新关卡，现在共有 785 个关卡啦！

请将游戏更新至最新版本，获取全部充满甜蜜苏打味道的最新内容！"
"releasenotes_1.63_android","Android：
嗯...香香的饼干！在我们美味的全新篇章-糕点星球中，帮助甜甜圈狗达克斯找到所有的饼干！

-畅玩 20 个欢快得滋滋作响的全新关卡，现在共有 805 个关卡任你遨游啦！

请将游戏更新至最新版本，尽情享受充满甜蜜苏打味道的新内容！！"
"releasenotes_1.64","哇，蛋糕！在我们的新篇章“红色天鹅绒别墅”与绵绵情人兔相约！

畅玩 20 个甜蜜的全新关卡，现在共有 825 个关卡任你遨游啦！

请将游戏更新至最新版本，获取充满甜蜜苏打味道的最新内容！"
"releasenotes_1.65","糖果武术有着悠久的历史...在我们的新篇章\"糖果禅园\"中和小小虎打个招呼！

-畅玩 20 个甜蜜的全新关卡，现在共有 845 个关卡任你遨游啦！

请将游戏更新至最新版本，获取充满甜蜜苏打味道的最新内容！"
"releasenotes_1.66","耶！该来场充满甜蜜苏打味的假日派对了！戴上超酷的宽边帽，和我们的气泡先生菲兹在我们的新篇章“皮纳塔派对”中一起狂欢！

-畅玩 20 个甜蜜的全新关卡，现在游戏中共有 865 个关卡任你遨游啦！

不要忘了将游戏更新至最新版本，获取美味的最新内容！"
"releasenotes_1.67","来瓶美味苏打吧！跳入我们的美味新篇章“玫瑰树莓湖”来游个甜蜜的泳吧！还有，跟我们的骏马斯戴林问个好！你肯定会一眼就喜欢上他的飒爽英姿！

-  本次更新增加 20 个美味新关卡，现在共有 885 个关卡任你遨游啦！

记得将游戏更新到最新版本以便获取全部新内容！"
"releasenotes_1.68","我变我变我变变变！来我们的甜蜜新篇章“糖果熊村庄”和痴迷于糖果的善心女巫打声招呼吧！

畅玩 20 个满是气泡的全新关卡，现在共有 905 个关卡任你遨游啦！

请将游戏更新至最新版本，获取所有美味的最新内容！"
"releasenotes_1.69","甜蜜新更新，阳光好心情！

下载这个美味的版本，准备迎接...

-甜蜜的新关卡！
-解锁沁爽新挑战！
-探索让人流口水的新篇章...
-见见甜蜜的新角色！
-获取超棒的新关卡，让苏打世界再次畅爽升级！

还有，糖果熊向你问好。他们现在正在阳光苏打海边的沙滩上度假呢！"
"releasenotes_1.71","嘛哩嘛哩哄... 让你变得酸溜溜！嘿嘿嘿...酸咸坏女巫的邪恶笑声在我们的黑暗新篇章\"甘草糖发源地\"不停地回响着！🍬

畅玩 20 个黏黏的全新关卡，现在共有 985 个关卡任你遨游啦！

教训：曾经我以为她只是面恶心善...没想到我还是太天真...

请将游戏更新至最新版本，获取所有美味的最新内容！"
"releasenotes_1.72","该来个充满甜蜜苏打味的更新了！

- 非同寻常的第 1000 关卡发布啦，快来和我们一起庆祝这一甜蜜时刻！
- 在我们满是宝石的全新篇章“翡翠庄园”中探索闪亮亮的奥秘！
- 畅玩 20 个可口舒爽的全新关卡，现在游戏中共有 1005 个关卡任你遨游！

不要忘了将游戏更新至最新版本，获取美味的最新内容！"
"releasenotes_1.73","嗨，伙计！准备好在苏打海洋上一路航行吧！

- 和船长打个招呼吧！他会在全新篇章\"可口码头\"中协助你一起执行甜蜜任务！    
- 畅玩 20 个满是气泡的全新关卡，现在共有 1005 个关卡任你遨游啦！

记得将游戏更新至最新版本，获取所有美味的最新内容！"
"releasenotes_1.74","上船啦！载着苏打风味新更新的大船要起航啦！

 - 在我们的新篇章\"美味游艇\"中见见时髦的帆帆！
- 畅玩 20 个美味的全新关卡，现在共有 1045 个关卡任你遨游啦！

记得将游戏更新至最新版本，获取所有美味的最新内容！"
"releasenotes_1.75","美味可口的更新来啦！

- 在全新篇章\"尼木湖\"中畅玩 20 个气泡满溢的全新关卡吧！
- 来和尼木湖水怪诺米打个招呼吧！他可讨人喜欢了呢。
- 现在游戏共有 1065 个充满甜蜜苏打味道的关卡供你畅玩啦！你能通过全部关卡吗？

记得将游戏更新至最新版本以获取美味的全新内容！"
"releasenotes_1.76","甜蜜新更新，酷爽乐不停！

- 畅玩甜美新关卡！
- 在气泡满溢的全新篇章中前往苏打海洋的最深处！

对了，魅力四射的独角鲸塔斯克正在举办派对，你也收到邀请函了喔！没必要回他啦，你只要直接拜访就好！他最擅长举办气泡满满的派对了。"
"releasenotes_1.77","甜蜜苏打更新来啦！

- 畅玩黏黏美味的全新关卡！
- 在冒着泡泡的全新篇章中探索苏打世界！
- 与甜蜜新角色见面！

别忘了将游戏升至最新版本，解锁美味新内容！"
"releasenotes_1.78","充满甜蜜苏打味道的更新来啦！
-	在冒着气泡的全新篇章中探索苏打世界！
-	和图图小姐一起来场绚丽的芭蕾舞。她翩翩起舞的样子就像棉花糖一样轻盈呢！
-	帮转转和圈圈兜售一场大型演出的门票；你只要给他们出个好点子就可以啦！
-	别忘了，只有下载最新版本《糖果苏打传奇》才能获取所有最新内容哦！"
"releasenotes_1.79","充满甜蜜苏打味道的更新来啦！

-在冒着泡泡的全新篇章中探索苏打世界！
-泡泡糖巨魔要在美味剧院中用歌声赞颂可米，准备见证他那身炫到爆的舞台服装吧！

别忘了，只有下载最新版本的《糖果苏打传奇》才能获取所有最新内容哦！"
"releasenotes_1.80","来个充满甜蜜苏打味的更新吧！

-在冒着气泡的全新篇章中探索苏打世界！
-糖鼻子小姐喝了太多甜茶，一直在说：真是太甜蜜了！
-茶道大师潘正在举办传统茶道。快来和可米一起品尝甜茶和蛋糕吧，这可是绝配喔！

别忘了下载最新版本来获取新内容哦！"
"releasenotes_1.81","充满甜蜜苏打味道的更新来啦！

-在全新篇章中畅享气泡满满的新挑战！
- 蜗牛闪电想成为一名寿司大厨。这对他有点难，因为他没有手臂，不过他可不会轻言放弃！
- 蜜蜂女王是冰淇淋岛的强力统治者，她处事公平，手腕强硬！

别忘了下载最新版本来获取新内容哦！"
"releasenotes_1.82","充满甜蜜苏打味道的更新来啦！

-在冒着泡泡的全新篇章中探索苏打世界！
- 麻麻是王国中最古老的棉花糖树。枝繁叶茂的她靠着流经森林的苏打水来保持活力！
- 果果是一只松鼠，但是他非常想变成一头鹿。他带着鹿角帽，骄傲地在森林边缘守卫着。

下载最新版本的《糖果苏打传奇》，获取所有最新内容！"
"remaining_days_left","剩余 {days} 天"
"request.collaborationhelp.body","嗨！{friend_name} 需要你的帮助来进一步探索糖果王国。"
"request.collaborationhelp.title","请求帮助"
"request.givelife.body","立即赠送生命值帮助好友！"
"request.givelife.title","赠送生命值"
"request.invite.body","快来和我一起玩糖果苏打传奇！"
"request.invite.title","发送邀请！"
"request.life.body","苏打水也不是那么容易喝的。送我一点额外生命值吧？"
"request.life.title","索要生命值！"
"save_percent","优惠 {percent}%"
"search_friend","搜索好友"
"send.collaborationhelp.body","{friend_name} 加入了你的苏打聚餐！"
"send.collaborationhelp.title","收到帮助"
"shuffle.nomoves","没有可以移动的糖果了"
"shuffle.topic","重新排列"
"special_offer","特别优惠！"
"special_offer_percentage_text","折扣"
"spring_sale_map_icon_title","特惠！"
"store_contacting","正在连接"
"stritz.product.amount.description.33000","{amount} 根棒棒糖"
"stritz.product.amount.description.33001","{amount} 根条纹棒棒糖"
"stritz.product.amount.description.33003","{amount}自由移动"
"stritz.product.amount.description.33020","{amount} 个彩糖炸弹"
"stritz.product.amount.description.33021","{amount} 个着色糖果"
"stritz.product.amount.description.33022","{amount} 条双倍美味果冻鱼"
"stritz.product.description.33000","粉碎惹麻烦的糖果，来一场甜蜜复仇吧！"
"stritz.product.description.33001","不仅可以粉碎糖果，还能获得额外的十字形糖爆哦。"
"stritz.product.description.33003","任意调换两个糖果，不会损耗移动次数！"
"stritz.product.description.33020","开始任意关卡，彩糖炸弹在等你！"
"stritz.product.description.33021","开始任意关卡，着色糖果在等你！"
"stritz.product.description.33022","在此关卡中让果冻鱼的数量翻倍！"
"stritz.product.more.offers","更多优惠！"
"stritz.product.shop.title","商店"
"stritz.product.shop.title.33360","甜美大放送！"
"stritz.product.shop.title.33361","美味炸弹棒棒糖！"
"stritz.product.shop.title.33362","美味大混搭！"
"stritz.product.shop.title.33363","粉碎色彩！"
"stritz.product.shop.title.33364","奢华大混搭！"
"stritz.product.shop.title.33365","极品甜点！"
"stritz.product.title.33000","棒棒糖锤"
"stritz.product.title.33001","条纹棒棒糖锤"
"stritz.product.title.33003","自由移动"
"stritz.product.title.33020","彩糖炸弹包"
"stritz.product.title.33021","着色糖果包"
"stritz.product.title.33022","双倍美味果冻鱼包"
"tab.name.candycrush","糖果传奇"
"tab.name.candycrushjelly","糖果果冻传奇"
"tab.name.messages","消息"
"tab.name.overview","概览"
"tab.name.toplist","排行榜"
"tab.newgame.candycrushjelly","新游戏！"
"toplist_me","我"
"unlimited_life_duration","{hours} 小时"
"unlimited_life_popshop","{hours} 小时无限生命值"
"unlimited_life_text","无限生命值"
"update_available_text","有新版本可用哦！立即更新，享受清爽关卡！"
"update_available_title","有更新"
"update_required_text","亲爱的，你的游戏版本有问题！立即更新以继续游戏。"
"update_required_title","需要更新"
