"Bubblegum_Blueshift_Episode49_CCSS","Find out what sweet treats lie in store for you in our new episode, Bubblegum Blueshift. Play 20 NEW LEVELS of whipped delights, bringing it to a grand total of 785 levels! 

Make sure you update the game to the latest version to access all the sodalicious new content!"
"GreenLanternIOS_WNT","Sodalicious update! King, Apple, and WWF are working together to protect life on our planet.
From now until April 24, WWF will receive 100% of the proceeds from your purchases designated with the WWF logo.

Candy Crush Soda Saga has gone GREEN! We have partnered up with WWF to help protect the world's sweet nature and wildlife, by creating a new SPECIAL EDITION Green themed Bubblegum hill event!

We also have 20 stickylicious NEW LEVELS! Help Dachs the Doughnut Dog find all the biscuits in our NEW tasty Episode, the Pastry Planet!

Make sure you update the game to the latest version to access all the Sodalicious new content!"
"HC100_more_gold_bars","30% Off"
"HC200_more_gold_bars","40% Off"
"HC25_more_gold_bars","20% Off"
"HC500_more_gold_bars","50% Off"
"Releasenotes-1.83-memoryhotfix","Had trouble playing on your device lately? Try updating to the latest sweet version and get back to popping that Soda!"
"StritzExtraMoves.description","Gives 5 extra moves when you are in a soda squeeze!"
"StritzExtraMoves.header","5 Extra Moves"
"StritzFullLife.description","Refills your lives so you start with maximum lives!"
"StritzFullLife.header","Full Life"
"StritzHardCurrencyPackageL.description","Large Gold Bar Package"
"StritzHardCurrencyPackageL.header","Large Gold Bar Package"
"StritzHardCurrencyPackageM.description","Medium Gold Bar Package"
"StritzHardCurrencyPackageM.header","Medium Gold Bar Package"
"StritzHardCurrencyPackageS.description","Small Gold Bar Package"
"StritzHardCurrencyPackageS.header","Small Gold Bar Package"
"StritzHardCurrencyPackageXL.description","Extra Large Gold Bar Package"
"StritzHardCurrencyPackageXL.header","Extra Large Gold Bar Package"
"StritzHardCurrencyPackageXS.description","Extra Small Gold Bar Package"
"StritzHardCurrencyPackageXS.header","Extra Small Gold Bar Package"
"StritzSalePackage0.description","Get a special offer"
"StritzSalePackage0.header","Sale"
"StritzSalePackage1.description","Get a special offer"
"StritzSalePackage1.header","Sale"
"StritzSalePackage2.description","Get a special offer"
"StritzSalePackage2.header","Sale"
"StritzSalePackage3.description","Get a special offer"
"StritzSalePackage3.header","Sale"
"StritzSalePackage4.description","Get a special offer"
"StritzSalePackage4.header","Sale"
"StritzSpecialOffer1.description","Super Sweet Deal"
"StritzSpecialOffer1.header","Super Sweet Deal"
"StritzSpecialOffer2.description","Super Sweet Deal"
"StritzSpecialOffer2.header","Super Sweet Deal"
"WNT_general_new_features","New Features"
"WNT_general_new_update","A new update is here"
"WNT_hotfix_release_bug_fixes","Bug Fixes"
"WNT_hotfix_release_bug_fixes_improvements","Includes bug fixes and improvements."
"WNT_hotfix_release_bugs_squashed","Good news! Most of the bugs that you've reported have been squashed. Enjoy!"
"WNT_hotfix_release_fixes_improvements","Various fixes and improvements"
"WNT_hotfix_release_improved_loading_time","Includes a fix to speed up loading time."
"WNT_hotfix_release_message_center","Includes a fix to our message center."
"WNT_hotfix_release_notifications_amendments","Includes an amendment to stop notifications appearing too often."
"accept_terms_modal_button","Accept"
"accept_terms_pp_checkbox","Checkbox"
"accept_terms_pp_text","Text"
"accept_terms_pp_title","Title"
"accept_terms_tos_checkbox","Checkbox"
"accept_terms_tos_text","Text"
"accept_terms_tos_title","Title"
"allow_facebook_friends","Soda is sweeter with friends!"
"best_value","Best value"
"birthday.modal_text","We're 1 year old! Enjoy these sweet boosts!"
"birthday.modal_title","Celebration!"
"button.allow","Play together!"
"button.connect","Connect!"
"button.generic.buy","Buy"
"button.logout","Log out!"
"button.ok","Ok"
"button_crosspromotion_go","Go"
"button_crosspromotion_ok","Download"
"button_download_update","Update now"
"button_end_game","End game"
"button_invite","Invite friends"
"button_play_now","Play now!"
"button_play_on","Play on"
"button_rate","Rate"
"button_restore_purchases","Restore"
"button_utility_logout_description","Log out of Facebook."
"button_utility_restore_description","Restore in-app purchases."
"button_utility_restore_failed_description","Couldn't restore purchases!"
"button_utility_restore_success_description","Purchases have been restored!"
"buy_lives_button","Refill lives"
"candy_crush_synergy.modal.button","Play"
"candy_crush_synergy.modal.text","More soda coming soon! In the meantime, pop over to Candy Crush Saga!"
"candy_crush_synergy.modal.title","Candy Crush Saga"
"castle.welcome_peasant","No one looks as good as Bubblegum in the crown. But you can try it anyway... Mwa ha ha!"
"castle.welcome_pending","Welcome back! I can only reward you if you're online! Play for the royal treasures!"
"castle.welcome_regent","Sit back on your throne and enjoy your reign! Don't worry, it's supposed to be sticky."
"ccss_WNT_hotfix_release_bug_fixes","It’s sodalicious that we just can’t stop perfecting the soda recipe! Multiple bugs have been fixed to ensure sublime gaming, so that you can continue to soda crush your way through our magical kingdom.
Shake up your day with some fizzy soda popping!"
"ccss_google_flash_deal_product_description","Get your Google Play Flash Deal Offer now! - Check out our bundles in the shop!"
"collab_lock_modal_info","Ask your friends to help you unlock the next episode!"
"collab_lock_modal_time","Episode unlocks in {days}d:{hours}h:{minutes}m."
"collab_lock_modal_title","Unlock Episode!"
"collab_unlocked_modal_info","The next episode is unlocked! Let's go!"
"collab_unlocked_modal_title","Episode Unlocked!"
"collaboration_ask_button","Ask friends"
"collaboration_text_1","Time for a soda picnic. Invite friends and have 3 friends join to continue with your journey!"
"collaboration_text_2","In a hurry? Use gold bars to get instant access."
"collaboration_title","Unlock new levels"
"collaboration_unlock_button","Unlock now"
"collaboration_unlocked_button","Let's go!"
"collaboration_unlocked_text","Your friends have helped you! Continue playing with fresh new levels."
"collaboration_unlocked_title","New levels unlocked!"
"common.askfriends","Ask friends"
"common.connected","Connected"
"common.connected.to.facebook","Connected to Facebook"
"common.connecting","Connecting"
"common.connecting.to.facebook","Connecting to Facebook"
"common.disconnected","Disconnected"
"common.disconnected.from.facebook","Disconnected from Facebook"
"common.download","Download!"
"common.failed.to.connect","Failed to connect"
"common.failed.to.connect.facebook","Failed to connect to Facebook"
"common.getmorelives","Get more lives!"
"common.getmorelivesdescription","Ask your friends for more lives."
"common.hard","Hard"
"common.highscore","Highscore"
"common.leaderboard","Leaderboard"
"common.levelN","Level {level}"
"common.lives.full","Full"
"common.no.internet.available","No internet available"
"common.outoflives","No more lives!"
"common.outoflivesdescription","Ask your friends for extra lives or buy full lives now!"
"common.play","Play!"
"common.score","Score:"
"common.sendtoall","Send All"
"common.timetonextlife","Time to next life:"
"common.unlimitedlifetime","Unlimited lives for:"
"confirm_exit_app_button","Quit Game"
"confirm_exit_app_header","Confirm Exit"
"confirm_exit_app_text","Do you want to quit the game?"
"confirm_exit_level_button","Quit Level"
"confirm_exit_level_text","Do you want to quit the level?"
"crosspromo.header","Try another game!"
"discount","off"
"download_diorama_failed","Couldn't connect to download the new map? Please try later."
"download_diorama_failed.title","Something went wrong"
"download_diorama_offline","Find an internet connection to download the new map!"
"download_diorama_offline.title","You're offline"
"download_diorama_wifi","Are you sure you want to download without Wi-Fi?"
"download_diorama_wifi.title","Download map"
"downloading_diorama","Downloading map..."
"end_game_swipe.close_call.Bottle","You only have 1 Bottle left!"
"end_game_swipe.close_call.Bottle_pl","You only have {amount} Bottles left!"
"end_game_swipe.close_call.Bubblegum","You only have 1 Bubble Gum left!"
"end_game_swipe.close_call.Bubblegum_pl","You only have {amount} Bubble Gums left!"
"end_game_swipe.close_call.Chocolate","You only have 1 Chocolate left!"
"end_game_swipe.close_call.Chocolate_pl","You only have {amount} Chocolates left!"
"end_game_swipe.close_call.Genericbears","You only have 1 Bear left!"
"end_game_swipe.close_call.Genericbears_pl","You only have {amount} Bears left!"
"end_game_swipe.close_call.PaintBattle_pl","You have to spread {amount} more Jams!"
"end_game_swipe.close_call.SodaFizz","You only have 1 bottle cap left!"
"end_game_swipe.close_call.SodaFizz_pl","You only have {amount} more bottle caps to collect!"
"end_game_swipe.close_call.generic","You only have {amount} left!"
"end_game_swipe.close_call.title","So close!"
"episode01.intro","Always sunny in Candy Town when you're here! But quiet without Tiffi!"
"episode01.outro","Why have Tiffi's letters suddenly stopped coming? Where is she?"
"episode02.intro","Haven't seen any messages-in-a-bottle go by. Too busy swinging in this tree... wheee!"
"episode02.outro","I want to help the Candy Bears when they fall into soda, but I just can't stop swinging. Whee!"
"episode03.intro","My soda pond turned into a sea! Reminds me of when I was a small Donut Dragon!"
"episode03.outro","This portal leads to Tiffi! Careful, once it led to a land not made of candy. Creepy."
"episode04.intro","How would I know everyone's secrets if I didn't read the messages-in-a-bottle that wash ashore?"
"episode04.outro","Send a message-in-a-bottle when you find your sister! I'll read it on its way past!"
"episode05.intro","Dude, why'd you wake me? I'm trying to sleep off a candy hangover here."
"episode05.outro","Don't party at the Candy Factory. Fall into the punchbowl once and you're banned for life."
"episode06.intro","Oh, I'm not coming down. There is only disappointment and sticky feet waiting for me."
"episode06.outro","I did see Tiffi running around. Or, was it a mop caught in a tornado?"
"episode07.intro","Excuse my honey drool! I've been sampling all the wild candies outside of the factory!"
"episode07.outro","I hope the factory re-opens! I prefer the cakes our boss always ordered for us workers."
"episode08.intro","Oh my, a visitor! Good thing my magical sweet cake maker never gave up hope!"
"episode08.outro","I've had so few orders since the factory incident, good thing you really like cake!"
"episode09.intro","My Candy Bear friends love playing in their bubbles. I wish I could live in a bubble."
"episode09.outro","Work at the factory again? Retirement is sweet! Soda and Candy Bears everywhere!"
"episode10.intro","Ahoy! R ye lookin for someone, landlubber?"
"episode10.outro","Tiffi? Shiver me timbers! Another scallywag was lookin fer her just yesterday!"
"episode11.intro","In all my years as a Soda Professor, I've never tasted such high levels of sugar!"
"episode11.outro","Something must have gone deliciously wrong at the Candy Factory!"
"episode12.intro","Howdy stranger! Reckon yer after some fresh gumdrops? Soda's made for a bountiful harvest!"
"episode12.outro","Gonna win a candy-growing record if the Candy Factory keeps pumping soda downstream!"
"episode13.intro","What a ruckus you've caused! Wait, you only resemble the girl who got us into this mess."
"episode13.outro","The last little girl to go in the Candy Factory was trouble. Hope you aren't related. "
"episode14.intro","Thank sweetness you’re here. These licorice strings won’t hold much longer!"
"episode14.outro","Tell Tiffi to hurry back! Licorice is meant to be eaten, not keep a Factory together."
"episode15.intro","If only you could have seen this Candy Factory in its glory days. Every day was Divine."
"episode15.outro","Do you like my new tie? Hopefully your sister doesn’t get a hold of this one."
"episode16.intro","The Soda levels aren’t rising. Don’t listen to that crazy Frog the Soda Professor!"
"episode16.outro","Don’t tell me to open my eyes! My iced candies aren’t melting!"
"episode17.intro","Hope the Soda never stops flowing! It’s causing an all-you-can-eat buffet!"
"episode17.outro","Come a little closer so I can tell you more about the soda, you look scrumptious!"
"episode18.intro","Still searching for that sister of yours? I made her acquaintance a long time ago."
"episode18.outro","Of course I can take you to Tiffi. I’m a Genie! Hold on! Time travel can be bumpy."
"episode19.intro","This castle was once mine. But now, thanks to Tiffi, it’s suitable for a soda-horse."
"episode19.outro","We’ll get to Tiffi, but first behold the Factory Manager. She once looked so happy."
"episode20.intro","This was the center of the Candy Kingdom – where all the candies were made!"
"episode20.outro","Oh, how I miss her amazing candy creations. But maybe she’ll return one day…"
"episode21.intro","And here’s your sister, Tiffi! So eager. Look, she’s already broken the robot’s tie off!"
"episode21.outro","Tiffi’s fixes were too much. That’s why the present is so soda-soaked. Shall we return?"
"episode22.intro","My, my! The Factory Manager is waiting for you just ahead. She's been expecting you!"
"episode22.outro","Better hurry now, she'll be so mad to see you. Oops I mean... Mwa ha ha ha!"
"episode23.intro","The Bubblegum Troll sent you this way? What's he got up his sticky sleeves?"
"episode23.outro","Don't mind my dig site, but watch your step with the Factory Manager!"
"episode24.intro","I'm not mad, I love the Soda! Your sister did me a favor. Spa life is sweet."
"episode24.outro","The factory burst but follow the portal to see where the candies really come from."
"episode25.intro","Welcome to the sweeter side of the Candy Kingdom. Don't mind the candy cracks."
"episode25.outro","When Tiffi burst the Factory, it spilled the Soda. But the candies can’t be stopped."
"episode26.intro","It's just you and me now. Thanks for sticking with me through the sticky stuff."
"episode26.outro","The Candy Kingdom’s made of candies! The Soda wasn’t dangerous! But then where’s Tiffi?"
"episode27.intro","You've come far and learned much my young friend. But secrets linger in the Candy Kingdom."
"episode27.outro","Tiffi's journey parallels yours now. You must venture on to find her trail."
"episode28.intro","This hat and mustache were rather amusing gifts from your sister."
"episode28.outro","Not much longer until Tiffi's back to finish excavating me... I'm sure."
"episode29.intro","Have you ever seen a more perfectly delicious candy? No, really. I can’t see it."
"episode29.outro","Yesterday one of the candies took a bite at me. Or was it a badger?"
"episode30.intro","Did you bring me more jelly? Almost out and my show is about to start."
"episode30.outro","One day my knight in shining armor will come. And he’ll have oodles of jelly!"
"episode31.intro","Meep meep! No time to chat, these bushes won’t trim themselves into works of art."
"episode31.outro","That’s better. And it only took a year. Now, only 3926 more bushes to go."
"episode32.intro","Under the soda sea I find sweet surprises every day! Like this ice pop."
"episode32.outro","I even saw some Candy Bears playing in bubbles down there."
"episode33.intro","Put your feet up and grab a marshmallow skewer. Relax. Life’s sweeter!"
"episode33.outro","I’ve been relaxing here for so long I’ll need to take a vacation soon. Any suggestions?"
"episode34.intro","Whoa! Who goes there? Will thou be in need of any rescuing today, Milady?"
"episode34.outro","Thou art the legendary Kimmy? Why, then I must find someone else to rescue!"
"episode35.intro","Cross the sugar desert by yourself? You don’t even have whipped humps to sustain you!"
"episode35.outro","No one’s ever crossed without extra sweets. You must be all sweetness inside."
"episode36.intro","This will always be my home, but right now, I’m ready for a new adventure!"
"episode36.outro","Can’t leave without my paints and popcorn! What kind of adventure would that be?"
"episode37.intro","Step right up folks! Everyone’s a winner at the Spun Sugar Carnival!"
"episode37.outro","Well aren’t you just the luckiest! Hope that sweet luck follows you everywhere!"
"episode38.intro","Tickets… tickets please… No, ride won’t make you sick, this is how I always look."
"episode38.outro","I could really use a vacation. If only they would stop paying me in ride tickets."
"episode39.intro","Everyone loves the merry-go-round! No one ever wants to get off! Care to ride?"
"episode39.outro","Sorry, these riders are having too much fun. Better come back in a year or so…"
"episode40.intro","Why aren’t there warnings? These trees are so delicious you can chew right through 'em!"
"episode40.outro","I chomped through more trees than we needed! Hope I don’t get in trouble! Timber!"
"episode41.intro","Just one more ingredient for the perfect sweetness potion. Where’d I put my sugar bark?"
"episode41.outro","That pesky lumber beaver ate all the sugar bark. Think I can substitute in more Jelly?"
"episode42.intro","Why hello there! Were you lured here by my sweet sweet siren song?"
"episode42.outro","Come back soon! I’m expecting lots more guests. No one can resist my sweet voice!"
"episode43.intro","Splendid day for a stroll with the old Ginger Pig. Bread from the finest, you know!"
"episode43.outro","Ho ho ho! Better be off– can’t keep a Ginger Pig from frolicking in powder sugar snow!"
"episode44.intro","This w-w-winter is colder than ice cream! If only burning candy canes gave off more heat!"
"episode44.outro","I should really w-w-winter over in the Powder Sugar Desert. Can you p-p-p-oint the way?"
"episode45.intro","Shhhh! Don’t want to scare off all the Candy Fish! Haven’t got a bite yet!"
"episode45.outro","Candy Fish can’t resist sprinkle donuts as bait! It is really just a matter of time now."
"episode46.intro","Kraa! I’m a master of stealth. Impossible to notice I am, kraaa!"
"episode46.outro","Grab fish; check. Now slooowly back away, krakraa!"
"episode47.intro","Come in, child. Join my feast! May we never run out of wisdom and candy, haha!"
"episode47.outro","Continue now; I journeyed the Eastern Candy Kingdom for years. You’ve lots to see still!"
"episode48.intro","Watch your step, dear. I’m creating the perfect nest for my beautiful eggs."
"episode48.outro","They’re hatching, my lovely babies. Thank you for helping me fluff the clouds."
"episode49.intro","Ah, yes I've met your sister. Her help was truly out of this world."
"episode49.outro","Even though we’re in space, she will hear you call. Good luck finding Tiffi!"
"episode50.intro","Biscuits! My nose tells me there’s a bone biscuit here, have you seen it?"
"episode50.outro","Nomnomnom, this is the best biscuit! All biscuits are best biscuits!"
"episode51.intro","It’s hard to aim when the target… is…. moving!"
"episode51.outro","I come from a family of valentine bunnies. I have to train every day to keep up!"
"episode52.intro","What looks like magic is actually skill. Watch me closely, you’re in for a thrill."
"episode52.outro","The martial art of Candy is as old as time. Carry on now, hear my farewell rhyme."
"episode53.intro","My first guest! Grab a maraca, let’s party!"
"episode53.outro","Leaving so soon? Come back any time, fiesta friend."
"episode54.intro","You there! Tell me, is my mane more sparkly than this lake?"
"episode54.outro","A rose named after me would definitely smell sweeter."
"episode55.intro","Mind your step, sweetheart. The bears like to play on the bricks."
"episode55.outro","Follow the road and you’ll meet the one you need. Keep your sparkle up!"
"episode56.intro","I’m not the smartest, but I’m good at what I do. Except the ‘scaring’ part."
"episode56.outro","I could never scare birds away, so we became friends instead!"
"episode57.intro","Are you brave? Can you scare these m-monsters away?"
"episode57.outro","Haven’t you h-heard of the b-b-butterfly effect?"
"episode58.intro","The postman was just here, he has a message for you."
"episode58.outro","When you find the postman, tell him I’m still waiting for my missing parts!"
"episode59.intro","Eww, you must have met my goody two-shoes sister, we’re nothing alike!"
"episode59.outro","You can’t find your sister? I don’t see why you’d be upset."
"episode60.intro","*…zzz…zzz…*"
"episode60.mid","By a thousand beards... Who disturbs me?"
"episode60.outro","Ah yesyesyes, I know about your quest. Faeries can’t help you now, but a ferry might."
"episode61.intro","Never go to sea without yer bagpipes and a bottle of soda!"
"episode61.outro","Aye lassie, you can borrow my boat. It’s right over there!"
"episode62.intro","You think I’m a pirate ship? Me, the most majestic ship in the Kingdom?"
"episode62.outro","Oh my deck needs to rest, it can’t take being walked on for too long."
"episode63.intro","Hiyah! You look like someone who carries extra snacks. Do you do you do you?"
"episode63.outro","The mailman was just here with my package of pies, nomnom!"
"episode64.intro","The Soda Sea is literally overflowing with sweet accessories!"
"episode64.outro","...so then I told him, if you don’t like my purse you can talk to the fin!"
"episode65.intro","Heyheyhey, every day is party day at the Candied Clam!"
"episode65.outro","No room for sharky… Eh, I mean, SNARKY guests!"
"episode66.intro","Life is tough for a mailwhale when you’re allergic to soda…"
"episode66.outro","Not again! That bottle was for you, Kimmy. Sorry, I’m so sorry!"
"episode67.intro","So many outfits to create but only one me. Gotta make it work!"
"episode67.outro","The tall one brought his own costume? But I had a perfect design planned for him!"
"episode68.intro","Kimmy, sweetheart! How’s the travelling life? Tell me everything!"
"episode68.outro","I haven’t seen Tiffi around, last I heard she sent you a letter."
"episode69.intro","Move softly, like the marshmallow!"
"episode69.outro"," Be bubbly like soda, swirl like cotton candy!"
"episode70.intro","Step right up! Or, in? Step in? Where do we ask them to step again?"
"episode70.outro","Enjoy the show! Or, the opera? Wait, aren’t we in a theatre?"
"episode71.intro","She searched high, she searched low – yet no sign of the girl with the pink bow."
"episode71.outro","Reunited at last, a wonderful scene! But beware, beware, of the jiggly queen…"
"episode72.intro","Splendid! Marvelous! That’s what I call a show!"
"episode72.outro","This is my calling, Kimmy. I’m off to work on my next masterpiece!"
"episode73.intro","You. Are. ADORABLE! And the trees are adorable, everything is ADORABLE!"
"episode73.outro","Don’t forget to try the tea, it’s almost as sweet as you!"
"episode74.intro","Have some sweet tea and cake. It’s a matcha made in heaven!"
"episode74.outro","Oh one cup is enough, too much will give you a sugar rush."
"episode75.intro","I can totally cook! It just… Takes me a while."
"episode75.outro","I may not have arms, but I’m tough as snails! "
"episode76.intro","Welcome to our bzzzy forest, girl!"
"episode76.outro","I know everything that goes on in the woods. Tiffi hasn’t been here, sorry."
"episode77.intro","All this soda has really done wonders for my roots!"
"episode77.outro","You get cotton candy, and you get cotton candy… Cotton candy for everyone!"
"episode78.intro","I'm guarding this acorn! Pretty cool, huh? Not all deer can climb trees you know."
"episode78.outro","If a nut you catch, a nut you get! But is a nut always a nut? That's the question..."
"episode79.intro","Easy, kid. If you swim too fast, your fins will fall off!"
"episode79.outro","I guess you could say that we’re… Bowling! Get it!?"
"episode80.intro","Ooh snap! A girl who looks like a blonde you spilled soda all over my horses!"
"episode80.outro","Meet the ponies! That’s Gumdrop, that’s Caramel Sauce, and that’s… Are you listening!?"
"episode81.intro","Oh nonono I spilled the fish! Can I water them? Is that how this works?"
"episode81.outro","You’re right, something DOES smell fishy… Hahaha! What?"
"episode82.intro","Brrruu? Burr? Buzzzz? Yes! Buzzzzz. I think I can do this, bzzz!"
"episode82.outro","Oh honey bees, I love you! Just let me live with you! "
"episode83.intro","I will become the best artist in the world!"
"episode83.outro","Oui, Kimmy! I’ve painted everyone in the Kingdom, recognize someone? "
"episode84.intro","Tiffi… The Tiff… Tifferino... Yep, she sailed past in a bottle. "
"episode84.outro","Whose hands is that!? Oh, it’s my feet… Niiice. "
"episode_name_1","Candy Town"
"episode_name_10","Candycane Isle"
"episode_name_11","Frosting Forest"
"episode_name_12","Licorice Pastures"
"episode_name_13","Sugarshell Cove"
"episode_name_14","The Candy Factory"
"episode_name_15","Wafer Workshop"
"episode_name_16","Gooey Glacier"
"episode_name_17","Glazed Everglade"
"episode_name_18","Palm Sugar Oasis"
"episode_name_19","Cotton Candy Castle"
"episode_name_2","Lollipop Meadow"
"episode_name_20","Sweetopia"
"episode_name_21","Soda Splash"
"episode_name_22","Home Sticky Home"
"episode_name_23","Jujube Jungle"
"episode_name_24","Sodalicious Spa"
"episode_name_25","Carrot Cake Cubby"
"episode_name_26","Magic Mirror"
"episode_name_27","Whipped Mountaintops"
"episode_name_28","Delicious Desert"
"episode_name_29","Marshmallow Mine"
"episode_name_3","Soda Springs"
"episode_name_30","Jelly Tropics"
"episode_name_31","Goody Gardens"
"episode_name_32","Ice Pop Pools"
"episode_name_33","Buttercream Bayou"
"episode_name_34","Chocolate Dipped Castle"
"episode_name_35","Coconut Cream Mirage"
"episode_name_36","Gumdrop Acres"
"episode_name_37","Spun Sugar Carnival"
"episode_name_38","Haunted Liquorice Twirl"
"episode_name_39","Caramel Carousel"
"episode_name_4","Shortcake Shores"
"episode_name_40","Flapjack Forrest"
"episode_name_41","Sticky Sweet Cave"
"episode_name_42","Coco Cream Sea"
"episode_name_43","Gingerbread Pines"
"episode_name_44","Candycane Slopes"
"episode_name_45","Candy Fishin' Hole"
"episode_name_46","BonBon Beach"
"episode_name_47","Gumdrop Gongfu"
"episode_name_48","Caramel Cream Clouds"
"episode_name_49","Bubblegum Blueshift"
"episode_name_5","Sugarcube Cave"
"episode_name_50","Pastry Planet"
"episode_name_51","Red Velvet Villa"
"episode_name_52","Sugary Zen Garden"
"episode_name_53","Piñata Party"
"episode_name_54","Rosy Raspberry Lake"
"episode_name_55","Candy Bear Village"
"episode_name_56","Appetizing Acres"
"episode_name_57","Peppermint Province"
"episode_name_58","Soda Springs Source"
"episode_name_59","Liquorice Lair"
"episode_name_6","Choco Canyon"
"episode_name_60","Emerald Estate"
"episode_name_61","Delicious Docks"
"episode_name_62","Yummy Yacht"
"episode_name_63","Loch Nom"
"episode_name_64","Sodalicious Shoal"
"episode_name_65","The Candied Clam"
"episode_name_66","Lolly Lagoon"
"episode_name_67","Wonky Workroom"
"episode_name_68","Luscious Lounge"
"episode_name_69","Marshmallow Matinée"
"episode_name_7","Honey Garden"
"episode_name_70","Flossy Foyer"
"episode_name_71","Tasty Theatre"
"episode_name_72","Confection Corner"
"episode_name_73","Dango Garden"
"episode_name_74","Cream Ceremony"
"episode_name_75","Candy Sushi Stand"
"episode_name_76","Ice Cream Island"
"episode_name_77","Glitter Glade"
"episode_name_78","Creamy Cliffs"
"episode_name_79","Persipan Playground"
"episode_name_8","Cupcake Cottage"
"episode_name_80","Fabulous Farm"
"episode_name_81","Loukoumi Lane"
"episode_name_82","Honey Heath"
"episode_name_83","Gallery Glaze"
"episode_name_84","Frosting Springs"
"episode_name_9","Soda Coast"
"event.doublefish.text","Each time you trigger a fish, two will be released to gobble up candies!"
"event.doublefish.title","Double Delish Fish"
"event.greenlantern.info.button","Support"
"event.greenlantern.info.text","King, Apple, and WWF are working together to protect life on our planet. From now until April 24, WWF will receive 100% of the proceeds from your purchases designated with the WWF logo."
"event.greenlantern.kotc.ended.description","Bamboo hill is now closed. Thanks for playing!"
"event.greenlantern.kotc.info.description","Beat these 5 levels with a single life to rule Bamboo hill! Knock the past ruler off the throne to claim the royal treasures!"
"event.greenlantern.kotc.title","Bamboo hill"
"event.greenlantern.offer.text","King, Apple, and WWF are working together to protect life on our planet. From now until April 24, WWF will receive 100% of the proceeds from your purchase."
"event.greenlantern.purchaseresult.header","Thank you!"
"event.greenlantern.purchaseresult.text","Your purchase helps preserve forests all around the world!"
"event.greenlantern.title","Apps for Earth"
"event.heroquest.kimmy.calculating.label","Tournament closed"
"event.heroquest.kimmy.calculating.text","Kimmy is currently calculating tournament results. If you're in the top 10, your prize will be awarded soon. Thank you for your patience!"
"event.heroquest.kimmy.calculating.title","Calculating results"
"event.heroquest.kimmy.exit.button","Keep fishing!"
"event.heroquest.kimmy.exit.label","Don't show me this again."
"event.heroquest.kimmy.exit.text","If you don't pass this level, you'll lose the fish you've caught."
"event.heroquest.kimmy.exit.title","Done for the day?"
"event.heroquest.kimmy.gift.button","Get your gift!"
"event.heroquest.kimmy.gift.item","Double Delish Fish"
"event.heroquest.kimmy.gift.text","Here's your gift for reeling in {qualifying_limit} fish!"
"event.heroquest.kimmy.gift.title","What a catch!"
"event.heroquest.kimmy.info.button","Go Fish!"
"event.heroquest.kimmy.info.disclaimer","Tip: Catch fish on any level, even those you’ve already played!"
"event.heroquest.kimmy.info.text","Get a gift and unlock a limited time event when you catch {qualifying_limit} fish! Fish will only be caught if you pass the level."
"event.heroquest.kimmy.info.title","It's fishing time!"
"event.heroquest.kimmy.mapicon.closed","Closed"
"event.heroquest.kimmy.mapicon.highscore","Tournament"
"event.heroquest.kimmy.reward.end.text","You've made it to place {rank}! Kimmy's Fishing Tournament is done for today, but keep your fishing rod ready, you'll never know when it's back!"
"event.heroquest.kimmy.reward.end.title","Awesome catch!"
"event.heroquest.kimmy.reward.won.button","Collect reward"
"event.heroquest.kimmy.reward.won.text","You've reeled in these rewards:"
"event.heroquest.kimmy.reward.won.title","Congratulations!"
"event.heroquest.kimmy.starman.won.title","Congratulations!"
"event.heroquest.kimmy.toplist.text","Fishing tournament!"
"event.heroquest.kimmy.unlock.button","Continue"
"event.heroquest.kimmy.unlock.disclaimer","Tip: fish are collected if you pass the level."
"event.heroquest.kimmy.unlock.text","You've unlocked a special event. Compete with other players and continue collecting fish to reel in sweeter rewards!"
"event.heroquest.kimmy.unlock.title","Fishing Tournament!"
"event.heroquest.manager.calculating.label","Contest closed"
"event.heroquest.manager.calculating.text","The Factory Manager is counting candy. If you're in the top, your prize will be awarded soon. Thank you for your patience!"
"event.heroquest.manager.calculating.title","Counting Candy"
"event.heroquest.manager.exit.button","Keep playing!"
"event.heroquest.manager.exit.label","Don't show this message again"
"event.heroquest.manager.exit.text","If you don't pass this level, you'll lose the Striped Candy you've created!"
"event.heroquest.manager.exit.title","Are you sure?"
"event.heroquest.manager.gift.button","Sweet!"
"event.heroquest.manager.gift.item","Striped Lollipop Hammer"
"event.heroquest.manager.gift.text","The Factory Manager is very pleased with your help, enjoy your gift!"
"event.heroquest.manager.gift.title","You managed!"
"event.heroquest.manager.info.button","Start creating!"
"event.heroquest.manager.info.disclaimer","Tip: There's a x10 multiplier on the most recent level you reached!"
"event.heroquest.manager.info.text","The manager is back in the factory! Create {qualifying_limit} Striped Candy to get a Sodalicious gift and fix the broken machine."
"event.heroquest.manager.info.title","Look who's back!"
"event.heroquest.manager.mapicon.closed","Closed"
"event.heroquest.manager.mapicon.highscore","Contest"
"event.heroquest.manager.reward.end.text","You made it to place {rank}! Keep an eye out for the next contest, with a new chance to make it to the top and win sweet prizes!"
"event.heroquest.manager.reward.end.title","Well done!"
"event.heroquest.manager.reward.won.button","Claim prize!"
"event.heroquest.manager.reward.won.text","You made it to the top!"
"event.heroquest.manager.reward.won.title","Congratulations!"
"event.heroquest.manager.toplist.text","Contest ends in:"
"event.heroquest.manager.unlock.button","It's on!"
"event.heroquest.manager.unlock.disclaimer","Tip: There's a x10 multiplier on the most recent level you reached!"
"event.heroquest.manager.unlock.text","The Factory Manager is impressed! Enter her contest to really show your skill, and get a chance to win super sweet rewards!"
"event.heroquest.manager.unlock.title","Striped Candy Contest"
"event.heroquest.starman.calculating.text","Allen is counting stars. If you're in the top, your prize will be awarded soon. Thanks for your patience!"
"event.heroquest.starman.calculating.title","Counting Stars"
"event.heroquest.starman.exit.text","If you give up, you'll lose the Stars you've collected on this level!"
"event.heroquest.starman.exit.title","Are you sure?"
"event.heroquest.starman.gift.button","Switchalicious!"
"event.heroquest.starman.gift.text","Allen is very thankful for your help, enjoy your gift!"
"event.heroquest.starman.gift.title","Stellar performance!"
"event.heroquest.starman.info.disclaimer","Tip: There's a x10 multiplier on the most recent level you reached!"
"event.heroquest.starman.info.text","Allen is lost again! Collect {qualifying_limit} Stars to get a Sodalicious gift and help Allen find his way in space!"
"event.heroquest.starman.info.title","Where are we?"
"event.heroquest.starman.mapicon.highscore","Contest"
"event.heroquest.starman.reward.end.title","Well done!"
"event.heroquest.starman.reward.won.button","Collect reward"
"event.heroquest.starman.reward.won.text","Stellar performance, you made it to the top!"
"event.heroquest.starman.reward.won.title","Congratulations!"
"event.heroquest.starman.unlock.button","Get going!"
"event.heroquest.starman.unlock.disclaimer","Tip: Each star increases in value. The second star is worth two points, and the third star three points!"
"event.heroquest.starman.unlock.text","Allen is a bit less lost! Enter the Star Chaser contest to help him navigate further into space, and get a chance to win stellar rewards!"
"event.heroquest.starman.unlock.title","Star Chaser"
"event.heroquest.starman.won.reward.button","Collect reward"
"event.leagues.divine.bottom.text1","Your world ranking is: {rank}"
"event.leagues.divine.bottom.text2","Making it this far in the Divine League is something to be proud of!"
"event.leagues.divine.bottom.title","Well done!"
"event.leagues.divine.down.text","You moved down a league. Enter the next contest and get the chance to reclaim your position as a Divine Player!"
"event.leagues.divine.intro.text","You’re a Divine Player! Rank 1st in this contest to become the Soda Champion of the world!"
"event.leagues.divine.top.text1","You are the Soda Champion, the best in the world! Placing 1st in the Divine League is an unbelievable achievement, congratulations!"
"event.leagues.divine.top.text2","You are the 2nd best in the world! That is absolutely amazing, congratulations!"
"event.leagues.divine.top.text3","You are the 3rd best in the world! That is absolutely amazing, congratulations!"
"event.leagues.divine.top.title1","Champion!"
"event.leagues.divine.top.title2","Outstanding!"
"event.leagues.down.text","You moved down a league. Enter the next contest and get the chance to reclaim your previous position! "
"event.leagues.down.title","Oops..."
"event.leagues.info","Top Players will move up a league, but players ranking low will risk moving down!"
"event.leagues.intro.button","It's on!"
"event.leagues.intro.title","Contest!"
"event.leagues.leaguename.0","Bubble"
"event.leagues.leaguename.1","Bronze"
"event.leagues.leaguename.2","Silver"
"event.leagues.leaguename.3","Gold"
"event.leagues.leaguename.4","Emerald"
"event.leagues.leaguename.5","Sapphire"
"event.leagues.leaguename.6","Diamond"
"event.leagues.leaguename.7","Royal"
"event.leagues.leaguename.8","Divine"
"event.leagues.leaguename.league0","Bubble League"
"event.leagues.leaguename.league1","Bronze League"
"event.leagues.leaguename.league2","Silver League"
"event.leagues.leaguename.league3","Gold League"
"event.leagues.leaguename.league4","Emerald League"
"event.leagues.leaguename.league5","Sapphire League"
"event.leagues.leaguename.league6","Diamond League"
"event.leagues.leaguename.league7","Royal League"
"event.leagues.leaguename.league8","Divine League"
"event.leagues.leaguename.locked","Coming Soon..."
"event.leagues.royal.down.text","You moved down a league. Enter the next contest and get the chance to reclaim your position as a Royal Player!"
"event.leagues.royal.intro.text","You’re a Royal Player! Rank high in this contest to enter the top league: Divine!"
"event.leagues.royal.up.text","You’re a Divine Player! Now you’ll be competing with the best players in the world!"
"event.leagues.royal.up.title","Congratulations!"
"event.leagues.up.text","Well done, you moved up a league! Enter the next contest with tougher competition!"
"event.leagues.up.title","Sodalicious!"
"event.treasurehunt.reward.reward_all_unlocked_text","Wow, the final reward!
Claim it, you've earned it."
"event.treasurehunt.reward.reward_locked_text","Unlock level {level} to receive this gift!"
"event.treasurehunt.reward.reward_unlocked_text","You received your reward.
Congratulations!"
"event.treasurehunt.reward.title","Reward {reward_current} of {reward_count}"
"facebook_request_collaboration_help_message","Please show me which direction to go so I can continue my adventure!"
"facebook_request_collaboration_help_title","Ask these friends to show you the way!"
"facebook_send_help_accept_message","Enjoy your soda spilling! "
"facebook_send_help_accept_title","Your Friends Have Shown The Way"
"facebook_send_life_scorelist_message","Use this free life to clear that tricky level!"
"facebook_send_life_scorelist_title","Send a life to your friend!"
"facebook_wmode_warning_message","Game paused. Please close any open chat windows to continue playing. "
"feature.lc.day","DAY"
"feature.lc.missed.a.day","Oh no! You missed a day!"
"feature.lc.msg.consecutive.firstday","Return tomorrow for the next reward!"
"feature.lc.msg.consecutive.otherdays","Miss a day and you’ll have to start over!"
"feature.lc.msg.nonconsecutive","Return every day and get amazing rewards!"
"feature.lc.stamp.received","Reward received"
"feature.lc.stamp.tomorrow","Get it tomorrow"
"feature.lc.start.over","Start over"
"feature.lc.title","Daily Bonus!"
"friend_selector.all_friends","All friends"
"friend_selector.soda_friends","Soda friends"
"game_end_reason.BubbleGum.out_of_moves.content","You didn't chew all the Bubble Gum!"
"game_end_reason.BubbleGum.out_of_moves.title","Out of moves!"
"game_end_reason.BubbleGum.win.content","You chewed through all the Bubble Gum!"
"game_end_reason.BubbleGum.win.title","Gumtastic!"
"game_end_reason.ChocolateNemesis.out_of_moves.content","You didn't eat all the chocolate!"
"game_end_reason.ChocolateNemesis.out_of_moves.title","Out of moves!"
"game_end_reason.ChocolateNemesis.win.content","You ate all the chocolate!"
"game_end_reason.ChocolateNemesis.win.title","Chocotastic!"
"game_end_reason.FloatingNutsMode.out_of_moves.content","You didn't save the bears"
"game_end_reason.FloatingNutsMode.out_of_moves.title","Out of moves"
"game_end_reason.FloatingNutsMode.win.content","You saved the bears!"
"game_end_reason.FloatingNutsMode.win.title","Soda pop!"
"game_end_reason.GiantBears.out_of_moves.content","You didn't find all the bears"
"game_end_reason.GiantBears.out_of_moves.title","Out of moves"
"game_end_reason.GiantBears.win.content","You found all the bears"
"game_end_reason.GiantBears.win.title","Sodalicious!"
"game_end_reason.Honey.out_of_moves.content","You didn't save the bears"
"game_end_reason.Honey.out_of_moves.title","Out of moves"
"game_end_reason.Honey.win.content","You saved the bears!"
"game_end_reason.PaintBattleMode.out_of_moves.content","Not enough jam!"
"game_end_reason.PaintBattleMode.out_of_moves.title","Out of moves!"
"game_end_reason.PaintBattleMode.win.content","You spread the Jam!"
"game_end_reason.SodaFizz.out_of_moves.content","You didn't collect all the bottle caps!"
"game_end_reason.SodaFizz.out_of_moves.title","Out of moves!"
"game_end_reason.SodaFizz.win.content","You got all the bottle caps!"
"game_end_reason.SodaFizz.win.title","Fizzy pop!"
"game_end_reason.SodaToTheBrim.out_of_moves.content","You didn't pop all the bottles!"
"game_end_reason.SodaToTheBrim.out_of_moves.title","Out of moves"
"game_end_reason.SodaToTheBrim.win.content","You popped the bottles!"
"game_end_reason.SodaToTheBrim.win.title","Soda splash!"
"game_end_reason.bubble_gum.win.content","You ate all the Bubble Gum!"
"game_end_reason.bubble_gum.win.title","Stickylicious!"
"game_end_reason.cookie_batter.out_of_moves.content","You failed in some way"
"game_end_reason.cookie_batter.out_of_moves.title","Out of moves"
"game_end_reason.digger.out_of_moves.content","You failed in some way"
"game_end_reason.digger.out_of_moves.title","Out of moves"
"game_end_reason.digger.win.content","You digged all the way"
"game_end_reason.digger.win.title","Well done!"
"game_end_reason.generic.cheater.content","Great job!"
"game_end_reason.generic.cheater.title","You cheated"
"game_end_reason.generic.no_possible_moves.content","There are no more possible moves"
"game_end_reason.generic.no_possible_moves.title","Out of moves"
"game_end_reason.generic.quit.content","You pressed the quit button"
"game_end_reason.generic.quit.title","You gave up!"
"game_end_reason.marching.out_of_moves.content","You did not catch enough critters"
"game_end_reason.marching.out_of_moves.title","Out of moves"
"game_end_reason.marching.reached_target.content","A critter reached its target"
"game_end_reason.marching.reached_target.title","The critters escaped"
"game_end_reason.marching.win.content","You stopped all the bears"
"game_end_reason.marching.win.title","Well done!"
"game_end_reason.out_of_moves.content","You ran out of moves"
"game_end_reason.out_of_moves.title","Out of moves"
"game_end_reason.paint_battle.out_of_moves.content","You have not painted enough of the map"
"game_end_reason.paint_battle.out_of_moves.title","Out of moves"
"game_end_reason.painting_battle.win.content","You painted the entire board"
"game_end_reason.painting_battle.win.title","Well done!"
"game_swipe_end_almost_there","Almost there!"
"game_swipe_end_continue_button_text","Play On"
"game_swipe_end_end_button_text","Try again"
"game_swipe_end_level_complete","Sodalicious!"
"game_swipe_end_lose_header_reason_bear_not_saved","You didn't save the bears!"
"game_swipe_end_lose_header_reason_free_bears","You didn't free the bears!"
"game_swipe_end_no_more_moves","Out of moves!"
"game_swipe_end_win_header_better_score","Best score:{0}"
"game_swipe_end_win_header_new_highscore","New highscore!"
"gamemode.bubblegum.instructions","Chew all the Bubble Gum!"
"gamemode.bubblegum.name.short","Bubble Gum"
"gamemode.chocolate.instructions","Eat all the chocolate!"
"gamemode.chocolatenemesis.name.short","Chocolate"
"gamemode.floating_bear.instructions","Get the bear above the candy string!"
"gamemode.floating_bear.instructions_pl","Get the bears above the candy string!"
"gamemode.floating_bear.name.short","Bubble"
"gamemode.floating_bear_no_bottles.instructions","Save the bear!"
"gamemode.giant_bears.instructions","Find the bears!"
"gamemode.giantbears.name.short","Frosting"
"gamemode.honey.instructions","Eat the honey and save the bears!"
"gamemode.honey.name.short","Honey"
"gamemode.jam.instructions","Spread all the Jam"
"gamemode.paint_battle.instructions","Spread the jam everywhere!"
"gamemode.paint_battle.name.short","Jam"
"gamemode.soda_to_the_brim.instructions","Pop the bottles!"
"gamemode.soda_to_the_brim.name.short","Soda"
"gamemode.sodafizz.instructions","Collect the bottle caps!"
"gamemode.sodafizz.name.short","Fizz"
"generic_button_continue","Continue"
"generic_button_next","Next"
"generic_friend_name","A friend"
"generic_loader_loading","Loading..."
"generic_popup_button_retry","Retry"
"generic_popup_info_contact_failed","Sodapop Shop too busy. Try again!"
"generic_popup_info_loading","Sodapop Shop"
"generic_popup_info_purchase_inprogress1","Delivering candy..."
"generic_popup_info_purchase_inprogress2","Waiting for the App Store..."
"generic_popup_info_purchase_inprogress2_play_store","Waiting for the Google Play Store..."
"gift_success_text","Have fun with your items!"
"gifts_received","Items received!"
"go_to_candy_crush_button","Play"
"go_to_candy_crush_jelly_button","Play"
"go_to_candy_crush_jelly_text","You've matched Candy, popped Soda... Are you ready to spread some Jelly?"
"go_to_candy_crush_text","Switch over to Candy Crush Saga for more fun in the Candy Kingdom!"
"goldbar_shop_title","Buy Gold Bars"
"goodies_redeemed","Goodies redeemed"
"google_birthday","It's Google's Birthday!"
"hard_loader_caption","Hard Level"
"in_game.buy_booster.info.extra_moves","Get 5 extra moves!"
"in_game.buy_booster.info.lollypop_hammer","Smash any candy!"
"in_game.buy_booster.title","Buy a booster"
"ingame.locked_booster.info.all","Keep spilling soda to unlock this booster!"
"ingame.tutorial.bottles_soda","Pop bottles to raise the soda level"
"ingame.tutorial.candy_string","Get the bear above the candy string"
"ingame.tutorial.fizz_part_1","Match candies in the soda to make fizz"
"ingame.tutorial.fizz_part_2","Match a candy with fizz to spread it"
"ingame.tutorial.fizz_part_3","Make a x6 fizz burst chain to get a bottle cap"
"ingame.tutorial.ice_crush","Crush the ice to save the bear"
"ingame.tutorial.jam_spread_by_match","Match over the jam to spread it"
"ingame.tutorial.lollicross_hammer","Striped Lollipops cause blasts from any candy."
"ingame.tutorial.lollipop","Activate the Lollipop Hammer to crush any candy!"
"ingame.tutorial.match_2x2","Match 4 candies in a square to make a fish"
"ingame.tutorial.match_three","Match 3 candies with the same color in a row"
"ingame.tutorial.remove_chocolate","Match candies beside the chocolate"
"ingame.tutorial.rise_bear","Match the candies above the bear"
"ingame.tutorial.sidekick_cyan_1","Match cyan candies to feed Sprinkleshell"
"ingame.tutorial.sidekick_cyan_2","Select him and select a candy to remove that color"
"ingame_ui_sign_score","Score:"
"ingame_ui_sign_scr","Scr:"
"interstitial_invite_text","Play with your friends! Invite them now!"
"interstitial_invite_title","Invite friends!"
"interstitial_sendlife_text","Help your friends by sending them lives."
"interstitial_sendlife_title","Send lives!"
"kingdom_modal_registration_1","I'm impressed! What's your name?"
"kingdom_modal_registration_2","You've got some sweet moves. Let's be friends! What's your name?"
"kingdom_modal_registration_no","OK, but look for this symbol if you change your mind!"
"kingdom_modal_registration_ok","Awesome {name}! If you want to change your name or avatar, just look for this symbol!"
"kingdom_modal_registration_ok_1","Awesome! If you want to change your name or avatar, just look for this symbol!"
"kingdom_modal_registration_your_name","Your name"
"kingdom_registration_3","I'm impressed! What's your name? We need to keep track of your progress!"
"kingdom_registration_nag","Not to nag, but if you tell me your name, we can play together!"
"koc.dethroned.claimprize","You have been dethroned, claim your prize!"
"korea_legal_bank_link","Refund possible within 7 days of purchase (with limitations)"
"kotc.bonus","Bonus"
"kotc.bubblegum.troll","Bubblegum Troll"
"kotc.collectBonus","Collect!"
"kotc.collectReward","Collect reward"
"kotc.crownIsYours","You Rule!"
"kotc.didntCaptureCrown","You didn't earn the crown this time!"
"kotc.ended.description","Bubblegum Hill is now closed. Thanks for playing!"
"kotc.ended.text","Closed"
"kotc.exit","Go Back"
"kotc.hours.short","{hours}h"
"kotc.info.button","Earn Crown"
"kotc.info.description","Beat these 5 levels with a single life to rule Bubblegum hill! Knock the past ruler off the throne to claim the royal treasures!"
"kotc.levelLeft","{levelsLeft} level left!"
"kotc.levelsLeft","{levelsLeft} levels left!"
"kotc.minutes.short","{minutes}m"
"kotc.newKing","New Ruler!"
"kotc.newKing.desc","{name} stole the crown and now sits on the throne!"
"kotc.offline.button","Ok!"
"kotc.offline.description","Go online to collect your royal treasures!"
"kotc.offline.title","You're offline!"
"kotc.pregame.description","As ruler, this will all be yours! The longer you reign the bigger your royal bonus!"
"kotc.pregame.title","Royal Treasures!"
"kotc.previous_king_bar.title","Past Rulers"
"kotc.recapture","Retake Throne!"
"kotc.title","Bubblegum hill"
"kotc.tooBad","Too bad!"
"kotc.tryAgain","Try again!"
"kotc.unlimitedLives","Unlimited lives"
"kotc.visitKimmy.button","Go there now!"
"kotc.visitKimmy.description","The Candy Kingdom waits on you! Play while your Royal Bonus piles up!"
"kotc.visitKimmy.title","Reign On!"
"kotc.yourBonus","Your Royal Bonus"
"kotc.yourBonus.desc","These Gold Bars piled up during your reign!"
"kotc.yourReward","Enjoy your rewards, Sire!"
"level","Level"
"main_menu_push_notifications","Push Notifications"
"main_menu_settings_link_customer_care","Customer Care"
"main_menu_settings_link_faq","Frequently Asked Questions"
"main_menu_settings_link_privacy_policy","Privacy Policy"
"main_menu_settings_link_terms_of_service","Terms Of Service"
"manual_share_episode_complete_description","I need some company on my adventure, use this to catch up!"
"manual_share_episode_complete_link","Yay! I just finished {0}"
"manual_share_episode_complete_title","I just completed all the soda levels in {0}!"
"manual_share_friend_beaten_description","Looks like I'm beating you. Join me and try to catch up!"
"manual_share_friend_beaten_link","Catch up!"
"manual_share_friend_beaten_title","I Beat You"
"manual_share_friend_passed_description","I raced ahead!"
"manual_share_friend_passed_link","Catch up!"
"manual_share_friend_passed_title","Friend Passed"
"manual_shares_general_link","PLAY CANDY CRUSH SODA NOW"
"memories_attempt_left","Attempt left"
"memories_attempts","Attempts"
"memories_attempts_left","Attempts left"
"memories_attempts_tap","Tap to continue"
"memories_button_reveal","Reveal"
"memories_splash_text_postgame","You got a Memory Piece!"
"memories_splash_text_pregame","Complete level to earn a Memory Piece!"
"memories_tab_title","Memories"
"memories_title_pic_01","No place like home!"
"memories_title_pic_02","Cool in the pool"
"memories_title_pic_03","Smashin’"
"memories_title_pic_04","Paws & Relax"
"memories_title_pic_05","Of Bubble and Gum"
"memories_title_pic_06","Sweat it, Yeti! "
"message_center.button.give_life","Accept"
"message_center.button.received_collaboration","OK"
"message_center.button.send_life","Send"
"message_center.life_request.multi.title","{friend_name} & {friend_count} other friends need lives!"
"message_center.life_request.single.title","{friend_name} asked for help. Send life?"
"message_center.life_request.two.title","{friend_name} & one other friend need lives!"
"message_center.received_collaboration.multi.title","{friend_name} & {friend_count} friends helped you progress towards {episode}!"
"message_center.received_collaboration.single.title","{friend_name} helped you progress towards {episode}!"
"message_center.received_collaboration.two.title","{friend_name} & one other friend helped you progress towards {episode}!"
"message_center.received_life.multi.title","{friend_name} & {friend_count} other friends gave you lives!"
"message_center.received_life.single.title","{friend_name} gave you a life!"
"message_center.received_life.two.title","{friend_name} & one other friend gave you lives!"
"message_center.request_collaboration.multi.title","{friend_name} & {friend_count} friends need your help unlocking {episode}!"
"message_center.request_collaboration.single.title","{friend_name} needs your help unlocking {episode}!"
"message_center.request_collaboration.two.title","{friend_name} & one other friend needs your help unlocking {episode}!"
"message_center.timed_collab_unlock.title","The episode {episode} just unlocked!"
"most_popular","Most popular"
"no_connection_title","Couldn't connect!"
"no_internet_access","No internet access. Try again later."
"notification_all_progress_synchronized","All progress synced!"
"notification_contacting_store_failure","Unusually high candy demand. Try again!"
"notification_contacting_store_success","Successfully contacted store!"
"notification_facebook_successfully_disconnected","Successfully disconnected."
"notification_jailbroken_devices_not_supported","Your device acted suspiciously"
"opengraph_story_accomplish_a_combo_message_1","That must be a Candy Crush world record!"
"opengraph_story_accomplish_a_combo_message_2","Sugar hangover after that epic combo!"
"opengraph_story_booster_unlocked_extra_moves_description","Mouth full of candy? Buy some time with the +5 Move Booster. Come play with me!"
"opengraph_story_booster_unlocked_extra_moves_title","5 Extra Moves"
"opengraph_story_booster_unlocked_lollypop_hammer_description","Live to smash? The Lollipop Hammer will satisfy all of your smashing needs! Come play with me!"
"opengraph_story_booster_unlocked_lollypop_hammer_title","Lollipop Hammer"
"opengraph_story_booster_unlocked_message_1","Just unlocked more Soda Power! Wha ha ha..."
"opengraph_story_booster_unlocked_message_2","Can you hear the new booster victory music? Ahem... me either..."
"opengraph_story_booster_unlocked_message_3","This booster just spells trouble... for the candies!"
"opengraph_story_episode_discovered_description","Does the Candy Kingdom never end? Help me choose where to go next!"
"opengraph_story_ingame_button_add_message","Add Message"
"opengraph_story_level_mastered_message_1","Level {0} was no match for me... ahem... after a few tries."
"opengraph_story_level_mastered_message_2","Three stars on this level is epic people!"
"opengraph_story_level_passed_message_1","I rocked that level!"
"opengraph_story_level_passed_message_2","This level is no match for a little girl!"
"opengraph_story_level_passed_message_3","Whoo hoo! World's Best Soda Bottle Burster!"
"opengraph_story_level_passed_title","Soda Smarts! You outwitted level {number}!"
"play_on_ads_egp_desc","Get {min_moves}-{max_moves} extra moves!"
"play_on_egp_desc","{moves} extra moves"
"play_on_pegp_desc","Add {moves} extra moves on this level for {days} days"
"play_with_facebook_friends","Connect to Facebook to play with friends!"
"popular","Popular"
"popup.intro.button","Find out!"
"popup.intro.description","Welcome to the soda-soaked Candy Kingdom, 
where our story begins…

Why has Kimmy not received a letter from Tiffi?

Where does the Soda come from?

What’s going on?"
"popup_booster_unlocked_extra_moves_booster_description","Gives 5 extra moves when you are in a soda squeeze!"
"popup_booster_unlocked_extra_moves_booster_name","Extra Moves"
"popup_booster_unlocked_lollypophammer_booster_description","Smashes any candy that gets in your way!"
"popup_booster_unlocked_lollypophammer_booster_name","Lollypop Hammer"
"popup_collaboration_lock_description","Ask friends to help you unlock new exciting levels"
"popup_collaboration_lock_timer_day","day"
"popup_collaboration_lock_timer_days","days"
"popup_collaboration_lock_timer_description","Unlocks in:"
"popup_collaboration_lock_timer_hour","hour"
"popup_collaboration_lock_timer_hours","hours"
"popup_collaboration_lock_timer_minute","minute"
"popup_collaboration_lock_timer_minutes","minutes"
"popup_collaboration_panel_button_buy","Unlock"
"popup_collaboration_received_header","You got help!"
"popup_collaboration_received_message","{friendname} pointed the way! Continue your adventure!"
"popup_facebook_connect_cancel_description","Cancelled Facebook Connection."
"popup_facebook_connect_cancel_title","Cancelled"
"popup_facebook_connect_connecting_description","Connecting to Facebook."
"popup_facebook_connect_connecting_title","Connecting"
"popup_facebook_connect_failed_description","Please try again!"
"popup_facebook_connect_failed_title","Couldn't Connect To Facebook"
"popup_facebook_connect_no_network_description","We can't find an internet connection. Please try again!"
"popup_facebook_connect_no_network_title","Unable to connect"
"popup_facebook_connect_success_description","All progress is now synced to your account!"
"popup_facebook_connect_success_title","Facebook Connected"
"popup_facebook_expired_description","Login to Facebook again to continue!"
"popup_facebook_failed_access_description","We can't access Facebook. Make sure you've allowed access under Settings/Facebook."
"popup_facebook_reset_description","All progress will be erased! Continue?"
"popup_facebook_reset_title","Reset"
"popup_facebook_sendlives_failed_description","Your friends didn't get any extra lives!"
"popup_facebook_sendlives_failed_title","Couldn't Send Lives"
"popup_facebook_unlockrequest_failed_description","Didn't respond to the unlock request."
"popup_facebook_unlockrequest_failed_title","Couldn't Help Friend"
"popup_game_over_loss_button_retry","Retry"
"popup_game_start_boosters","Booster"
"popup_game_start_extra_moves_booster_description","Gives 5 extra moves when you're in a soda squeeze!"
"popup_game_start_extra_moves_booster_name","Extra Moves"
"popup_game_start_level","Level {level}"
"popup_game_start_next_target","Target: {target}"
"popup_game_start_select_boosters","Select boosters"
"popup_game_start_task_title","Goal"
"popup_highscore_connect_facebook_prompt","Ahead of your friends? Connect to Facebook to make sure they don't pass you and backup your progess!"
"popup_invite_menu_button_select_all","Select All"
"popup_invite_menu_description","Exploring the Candy Kingdom is better with friends! Invite them here:"
"popup_invite_menu_title","Invite friends"
"popup_king_failed_access_description","We can't access the Kingdom currently. Please try again later!"
"popup_life_received_title","You got a gift!"
"popup_logout_facebook_message","Reconnect to Facebook to continue where you left off!"
"popup_logout_facebook_title","Log out"
"popup_minishop_purchase_cancelled","Purchase cancelled!"
"popup_minishop_purchase_failed","Purchase unsuccessful"
"popup_minishop_purchase_inprogress","Purchasing..."
"popup_minishop_purchase_not_done","No money was taken from your account."
"popup_minishop_purchase_succeded","Purchase successful!"
"popup_minishop_purchased_HC","{GoldBars} Gold Bars more!"
"popup_notification_central_header","Your messages"
"popup_notification_central_life_request_message","{friend_name} asks you to send a life!"
"popup_notification_central_message_count","{num_messages} Messages"
"popup_notification_central_message_description","See how your friends are doing!"
"popup_notification_central_unlock_request_header","Help {friend_name}!"
"popup_notification_central_unlock_request_message","Help {friend_name} to unlock the next episode!"
"popup_sale_text","The sweetest sale of the season is on! What are you waiting for?
"
"popup_sale_text_V2","Special deal on Gold Bars! Get at least 2 hours of Unlimited Lives when purchasing this offer!"
"popup_sale_title","Holiday Sale!"
"popup_sale_title_V2","Sale"
"popup_settings_title","Settings"
"popup_tutorial_howtoplay_FAQ","Need more? Check our FAQ! Or just try Candy Crush Soda Saga!"
"popup_tutorial_howtoplay_title","Helpful hints"
"popup_unlocked_item_name","You earned a booster!"
"postgamemodal.fail","Oh gumdrops! You'll get it next time!"
"postgamemodal.fail.1","You'll get it next time!"
"postgamemodal.fail.2","Oh sugar! Those are hard candies!"
"postgamemodal.fail.3","Those candies are being mean!"
"postgamemodal.fail.4","Keep trying! You're so close!"
"postgamemodal.fail.5","Sour luck! Hope for sweeter!"
"postgamemodal.win","Woo-hoo! Sweet moves!"
"postgamemodal.win.2","You're a Soda Star!"
"postgamemodal.win.3","Great gumballs, you're on a roll!"
"postgamemodal.win.4","Sugarsnap! You rock!"
"postgamemodal.win.5","No candy matches you!"
"pregame_booster_popup_text","Start a level with a sweet treat!"
"pregame_booster_popup_title","Boost up!"
"purchase_cancelled_text","No money was taken from your account."
"purchase_cancelled_title","Purchase cancelled!"
"purchase_deferred_text","Purchase is awaiting approval"
"purchase_deferred_title","Waiting"
"purchase_failed_canvas","Purchase failed!"
"purchase_failed_text","Store unavailable. Try again!"
"purchase_failed_title","Purchase failed!"
"purchase_goldbar_success_title","Gold Bars added"
"purchase_pending","Payment pending..."
"purchase_result_continue","Continue"
"purchase_result_fail_title","No Gold Bars added"
"purchase_stop_wait","Play on"
"purchase_success_text","Have fun with your purchase!"
"purchase_success_title","Sweet success!"
"purchase_sync_failed_text","Please check your connection, you should receive your purchase shortly."
"purchase_sync_failed_title","Sync problems!"
"push_lives_full","Prepare to crush more Soda! You've got a full set of lives!"
"push_new_update","The Candy Kingdom needs your help! Save the Candy Bear from the Sticky Soda Stream!"
"quest.candybar.timer.complete","Complete quests to get new ones!"
"quest.candybar.timer.until","until new quests arrive!"
"quest.confirm.skip.no","No"
"quest.confirm.skip.text","Are you sure you want to skip this quest?"
"quest.confirm.skip.title","Skip Quest"
"quest.confirm.skip.yes","Yes"
"quest.reward.collected","Reward Collected!"
"quests.candybar.claim.button","Claim Reward"
"quests.candybar.skip.button","Skip Quest"
"quests.claim.button","Claim Reward!"
"quests.claim.header","Quest Complete"
"quests.claim.text","Congratulations! You completed your first quest!"
"quests.description.beatyourself","Beat your own score on a level"
"quests.description.colourcreator","Create the required amount of coloring candies"
"quests.description.explosivenovice","Create the required amount of color bombs"
"quests.description.gofish","Match the required amount of fish with other fish"
"quests.description.greatplayer","Finish the required amount of unpassed Hard Levels"
"quests.description.likingcyan","Collect the required amount of cyan candies"
"quests.description.likinggreen","Collect the required amount of green candies"
"quests.description.likingorange","Collect the required amount of orange candies"
"quests.description.matchbombscoloring","Match the required amount of color bombs with coloring candies"
"quests.description.matchwrappedstriped","Match the required amount of wrapped candies with striped candies"
"quests.description.mixmatch","Match enough color bombs with striped candies"
"quests.description.movingforward","Progress the required amount of levels"
"quests.description.newquests","If you run out of quests, check back tomorrow for more!"
"quests.description.progress","Progress {0} levels"
"quests.description.scorechaser","Beat any of your old scores the required amount of times"
"quests.description.starcollector","Earn the required amount of stars. Only newly earned stars will count!"
"quests.description.striped","Create the required amount of striped candies"
"quests.description.welcomeback","Log in the required amount of days in a row"
"quests.description.wrapitup","Create the required amount of wrapped candies"
"quests.header","Quests"
"quests.intro.button","Ahoy!"
"quests.intro.header","Quests!"
"quests.intro.text","Embark on a quest! The soda seas are full of challenges, do you have what it takes?"
"quests.names.candycollector","Candy Collector"
"quests.names.colorchampions","Color Champion"
"quests.names.colormaster","Color Master"
"quests.names.colourcreator","Color creator"
"quests.names.completionist","Completionist"
"quests.names.explosiveexpert","Explosive Expert"
"quests.names.explosivenovice","Explosive Novice"
"quests.names.fishingformore","Fishing for More"
"quests.names.gofish","Go Fish"
"quests.names.greatplayer","Great Player"
"quests.names.likingcyan","Liking Cyan"
"quests.names.likinggreen","Liking Green"
"quests.names.likingorange","Liking Orange"
"quests.names.lovingcyan","Loving Cyan"
"quests.names.lovinggreen","Loving Green"
"quests.names.lovingorange","Loving Orange"
"quests.names.mastermixer","Master Mixer"
"quests.names.masterwrapper","Master Wrapper"
"quests.names.mixmatch","Mix & Match"
"quests.names.movingforward","Moving Forward"
"quests.names.platinumplayer","Platinum Player"
"quests.names.proplayer","Pro Player"
"quests.names.rainbowstash","Rainbow Stash"
"quests.names.scorechaser","Score Chaser"
"quests.names.scoremaster","Score Master"
"quests.names.sodaregular","Soda Regular"
"quests.names.splendiddays","Splendid Days!"
"quests.names.starcollector","Star Collector"
"quests.names.starseeker","Star Seeker"
"quests.names.superspecials","Super Specials"
"quests.names.welcomeback","Welcome back!"
"quests.names.wrapitup","Wrap It Up"
"quests.progression.progress","{0} / {1}"
"rate_app_description","Can't get enough sodalicious levels? Show us the love and rate us!"
"rate_app_header","Having fun?"
"rate_app_no","Never"
"rate_app_no_not_now","Later"
"rate_app_text","Please let us know what you think."
"rate_app_title","Having fun?"
"rate_app_yes","Yes"
"releasenotes_1.34_jan20","Wakey, wakey Genie Jellybeanie! We need your help to find Tiffi! Join the Sodalicious adventure in the new episode Palm Sugar Oasis!

• Play 15 NEW LEVELS, making it 255 of fizzy fun to experience in total!

• Not Facebook connected? Get help from other likeminded players in the brand new Candy Crush Soda Saga Kingdom. Sweet! 

• You can now play Candy Crush Soda Saga in Japanese! 

Update the game to the latest version to have access to all the divine new content!"
"releasenotes_1.34_jan20_JA","Breaking news! Candy Crush Soda Saga has been launched in Japanese! 

Plus! The Genie Jellybeanie needs your help to find Tiffi! Join the Sodalicious adventure in the new episode, Palm Sugar Oasis!

• Play 15 NEW LEVELS, making it 255 of fizzy fun to experience in total!

• Not Facebook connected? Get help from other likeminded players in the brand new Candy Crush Soda Saga Kingdom. Sweet!

Update the game to the latest version to have access to all the divine new content!"
"releasenotes_1.35_feb3","Travel back in time to our new episode, Cotton Candy Castle, before it got flooded by soda! But the question is, who did it?

• Play 15 NEW LEVELS, making it 270 levels of fizzy fun to complete! 

• A Stickylicious new feature! Spread Purple Jam across the board to win the level! Can you handle the challenge?

Update the game to the latest version to have access to all the divine new content."
"releasenotes_1.36","Welcome to a brand new update! What sweet treats will you find in our latest episode, Sweetopia?

•	Play 15 NEW LEVELS, making it 285 levels of Sodalicious fun to complete! 
•	New Jelly Cake! Remove all the pieces of the cake to make an epic, Stickylicious explosion!

The Candy Bears love to crunch on Color Bombs as they pop and light up when eaten – quite the effect!

Update the game to the latest version to have access to all the divine new content."
"releasenotes_1.37","Get ready for another Sodalicious update! Ever wondered how the Candy Kingdom became so soda-soaked? Find out in the latest episode, Soda Splash!

Play 15 NEW LEVELS, making it 300 levels of fun to complete. Tasty!

Fact! Candy Bears can be a little mischievous at times. Yesterday the Yeti caught them raiding the Candy Factory supplies as they just love eating jam! Have you tried it yet?

Update the game to the latest version to have access to all the divine new content!"
"releasenotes_1.37_Korea","Breaking news! Candy Crush Soda Saga has launched in Korean!"
"releasenotes_1.37_googleplay","Sodalicious news! To celebrate Google Play Store’s 3rd birthday we’re giving away 3 FREE Striped Lollipop boosters! Make sure you update the game to the latest version to get yours before Saturday March 7, 1PM EST."
"releasenotes_1.38","Don’t let the Bubblegum Troll defeat you in our new episode, Home Sticky Home! Are you up to the challenge?

Play 15 NEW LEVELS, making it 315 levels of stickylicious fun to complete!

NEW FEATURE! Meet your new friend, Sprinkleshell! He loves to eat Cyan Candies. When he’s full, unleash him and he’ll clear one type of candy from the entire board! Sweet!

Update the game to the latest version to have access to all the divine new content."
"releasenotes_1.38_extraline1","Sodalicious update! We’re making some important changes to the Candy Kingdom. Make sure you update the game to the latest version to access all the divine new content!"
"releasenotes_1.39","Enter the Jujube Jungle and enjoy some time in the company of the exquisite Percy Blockerton III.
 
Now with 15 more NEW LEVELS, bringing the total to a sodalicious 330!
 
New Feature: The Special Candy Cannon!
 
Update the game to the latest version to have access to all the divine new content.
 
Fun Fact: Percy Blockerton III and the Bubblegum Troll regularly sing karaoke duets, and were voted “Best Newcomers” at the ‘96 International Karaoke-off."
"releasenotes_1.39_extraline_IOS","You can now play Candy Crush Soda Saga in Chinese!"
"releasenotes_1.40","Wait! You’ve never indulged in a Sodalicious Spa before? In that case, we have a sweet feeling you’re going to love this brand new episode!

Join the Factory Manager for 15 NEW LEVELS of fizzy fun, making it a grand total of 345 levels to complete! We have a sneaky suspicion they might not be as relaxing as you think…

Update the game to the latest version to have access to all the divine new content!"
"releasenotes_1.41","Adorable! Follow the Red Rabbit through the portal to our new episode, Carrot Cake Cubby.

Play 15 NEW LEVELS in this topsy-turvy world, bringing it to a sweet total of 360 levels to complete!

NEW FEATURE! All matches made in green Soda will turn the matched Candies into Swedish Fish!

Update the game to the latest version to have access to all the divine new content!"
"releasenotes_1.42","Find out what sweet treats lie in store for you in our new episode, Magic Mirror!

Play 15 NEW LEVELS in the Candy Kingdom, bringing it to a total of 375 levels!

NEW! Behold, the 8th Candy! Experience its powerful effects when matched in larger patterns!

Fact! The Coloring Candies were created by accident, in a paint factory that was hit by an electrical storm.

Update the game to the latest version to have access to all the divine new content!"
"releasenotes_1.43","Feast on the delicious new episode, Whipped Mountaintops. But don’t get too carried away, there’s a mission to accomplish. Where’s Tiffi? Ask the wise old wizard, Vanilla Beard, and he may just help!

Play 15 NEW LEVELS full of Candy and Soda, bringing it to a sweet total of 390 levels!

Update the game to the latest version to have access to all the divine new content!"
"releasenotes_1.44","Make sure you indulge in an extra-large helping of our brand new episode, Delicious Desert! 

Play 15 NEW LEVELS of sodalicious fun, bringing it to a total of 405 levels!

NEW feature: Liquorice Links! Break the stickylicious chain by removing just one of the Liquorice pieces. Be careful you don’t get too tangled up though!

Update the game to the latest version to have access to all the fizzy new content!"
"releasenotes_1.45","It’s time for another sodalicious update! You’ll need to delve deep underground for the perfect Candies in our new episode, Marshmallow Mine!

Join our loveable new character, Squinty Jones, for 15 NEW LEVELS of fizzy fun, making it a grand total of 420 levels to complete!
 
Update the game to the latest version to have access to all the divine new content!"
"releasenotes_1.46_Android","We have a stickylicious update waiting for you in our new episode, Jelly Tropics! Meet Jelly Fingers, she's big, friendly and loves jam! Any guesses as to what she could be?

Play 15 NEW LEVELS in the Candy Kingdom, bringing it to a total of 435 levels!

The bubbles have been busy recharging, with new levels out just a few days later than usual. We hope you enjoy the new content!"
"releasenotes_1.46_iOS","We have a stickylicious update waiting for you in our new episode, Jelly Tropics! Meet Jelly Fingers, she's big, friendly and loves jam! Any guesses as to what she could be?

Play 15 NEW LEVELS in the Candy Kingdom, bringing it to a total of 435 levels!

Don't forget to download the latest version of Candy Crush Soda Saga for all the new content!"
"releasenotes_1.47","Do you know anything about cutting hedges? It looks like the Jolly Gardener could do with your help in our new episode, Goody Gardens!

• Play 15 NEW LEVELS of Candy and soda-filled fun, making it a grand total of 450 levels!

Remember to download the latest version to access all the sodalicious new content."
"releasenotes_1.48","Need to cool down? Then splash around with Willy the Whale in our sodalicious new episode, Ice Pop Pools! 

• Be prepared to dive under the soda sea to find all the sweet surprises in the 15 NEW LEVELS we have for you to play. That brings the total to a cool 465 levels! 

Make sure you update the game to the latest version to access all the divine new content!"
"releasenotes_1.48.5","It’s time for a Candy Crush Soda Saga update!

• Life is sweet in our new episode, Buttercream Bayou. Join Mellow Mo as he takes it easy and roasts marshmallows… 

• We have 15 NEW LEVELS for you to play, can you handle the challenge? That brings it to a sweet total of 480 levels!

Remember to download the latest version to access all the sodalicious new content."
"releasenotes_1.49","Get ready for an extra fizzy update!

• Eat your way through our tasty new episode, Chocolate Dipped Castle! With 15 NEW LEVELS, that’ll make it a chocotastic total of 495 levels!

• New feature: Soda Fizz! Burst the bubbles to create a Soda Rush! Simply play to find out more!

Remember to download the latest version to access all the sodalicious new content."
"releasenotes_1.50","Don’t lose yourselves in our dazzling new episode, Coconut Cream Mirage. You’ll have to cross the sugar desert to get there, so be sure to stock up on plenty of sweet treats! Good luck!

• Play 15 NEW LEVELS of whipped delights, bringing it to a grand total of 510 levels!

Make sure you update the game to the latest version to access all the sodalicious new content!"
"releasenotes_1.51","It’s raining gumdrops in our sweetest episode yet, Gumdrop Acres! Swing by and meet Peär, our loveable new character, he’s waiting to join you in your adventure through the Candy Kingdom. Don’t forget his popcorn!

• Play 15 stickylicious NEW LEVELS, bringing it to a grand total of 525 levels!

Make sure you update the game to the latest version to access all the sodalicious new content!"
"releasenotes_1.52","We’ve been busy at the soda factory creating 15 brand new fizzy levels! We now have a sodalicious total of 545 levels for you to play.

• Step right up folks! Everyone’s a winner at the Spun Sugar Carnival! Care to try?

• NEW FEATURE! Need a challenge? Look out for the hard levels!

Make sure you update the game to the latest version to access all the divine new content!"
"releasenotes_1.53","Wait! You’ve never been on our Haunted Licorice Twirl ride before? In that case, we have a sweet feeling you’re going to love this spooktacular new episode!

• Join Frankenpipes for 20 NEW LEVELS of ghoulish fun, making it a grand total of 565 levels to complete! 

Update the game to the latest version to have access to all the Sodalicious new content!"
"releasenotes_1.54","Sodalicious update! Hop on the Caramel Carousel, it’s so much fun that you won’t want to get off!

• Play 20 NEW LEVELS in the Candy Kingdom, bringing it to a total of 585 levels!

Make sure you update the game to the latest version to access all the divine new content!"
"releasenotes_1.55","Timber! Chomp your way through 20 NEW LEVELS in Flapjack Forest, bringing it to a grand total of 605 levels!

• Happy Birthday to us, here are some boosters for you! Download the latest version to collect your FREE BOOSTERS, enjoy!

• Sprinkleshell is back! Let our sidekick turtle help you smash your way through the new episode!"
"releasenotes_1.56","New levels and sodalicious adventures are coming your way! We’ve added more bubbles and an extra-large splash of fun over the festive season, so that you can continue to journey through our magical Candy Kingdom. 
Shake up your day with some fizzy soda popping!"
"releasenotes_1.57","Have you ever skied down a Candycane Slope before? Well, now’s your chance! It’s going to be Sodalicious!

• Play 20 NEW LEVELS of fizzy fun, bringing it to a total of 686 levels!

Update the game to the latest version to have access to all the divine new content!"
"releasenotes_1.57_Fish_Booster","Have you ever skied down a Candycane Slope before? Well, now’s your chance! It’s going to be Sodalicious!

• Play 20 NEW LEVELS of fizzy fun, bringing it to a total of 686 levels!

• NEW booster! It will double all Candy Fish created during the level!

Update the game to the latest version to have access to all the divine new content!"
"releasenotes_1.58","Shh! Don’t scare away the Candy Fish! Go fishing with Percy the Penguin in our new episode, the Candy Fishin' Hole! 

- Enjoy 20 NEW LEVELS of fizzy fishing fun, bringing it to a total of 705 levels!

And remember! You need to download the latest version to access all the sodalicious new content."
"releasenotes_1.59","Nom nom. Life is sweet in our new episode, BonBon Beach!

- Enjoy 20 NEW LEVELS of fizzy fun, bringing it to a total of 725 levels!

And remember! You need to download the latest version to access all the sodalicious new content."
"releasenotes_1.60","Yummy! It's a gumdrop feast! Celebrate with the Monkey King in our new Episode, Gumdrop Gongfu!

• Play 20 NEW LEVELS of gelatine galore bringing it to a grand total of 745 levels!

Make sure you update the game to the latest version to access all the sweet new content!"
"releasenotes_1.61","Dragons love candy too! Have a tasty terrific time in our creamy, dreamy new Episode: Caramel Cream Clouds!

• Play 20 stickylicious NEW LEVELS making it a total of 765 levels!

Make sure you update the game to the latest version to access all the Sodalicious new content!"
"releasenotes_1.62","Candy in SPACE! Have fun with Allen the alien in our new stickylicious Episode, Bubblegum Blueshift! 

• Play 20 NEW LEVELS of universal sweetness, bringing it to a grand total of 785 levels!

Update the game to the latest version to have access to all the Sodalicious new content!"
"releasenotes_1.63_android","Android:
Mmm… Biscuits! Help Dachs the Doughnut Dog find all the biscuits in our NEW tasty Episode, the Pastry Planet!

- Enjoy 20 NEW LEVELS fizzy fun making it a total of 805 levels!

Make sure you update the game to the latest version to access all the Sodalicious new content!"
"releasenotes_1.64","Oh my, CAKE! Meet Valentin Fluffybun in our lovely new Episode, Red Velvet Villa!

- Play 20 sweet NEW LEVELS making it a total of 825 levels!

Make sure you update the game to the latest version to access all the Sodalicious new content!"
"releasenotes_1.65","The martial art of Candy is as old as time... Meet Tiny the Tiger in our new Episode, Sugary Zen Garden!

- Play 20 stickylicious NEW LEVELS making it a total of 845 levels!

Make sure you update the game to the latest version to access all the Sodalicious new content!"
"releasenotes_1.66","Arribaah! It's time for a sodalicious fiesta! Put on a sweet sombrero and join Señor Fizz in our NEW Episode, Piñata Party! 

- Play 20 stickylicious NEW LEVELS making it a total of 865 levels!

Don't forget to update to the latest version to access all the tasty new content!"
"releasenotes_1.67","SODA SPLASH! Go for a sweet swim in our delicious NEW Episode, Rosy Raspberry Lake! And say hi to Stud the Stallion! We think you'll really like him, he's got serious swag.

-  Play 20 stickylicious NEW LEVELS making it a total of 885 levels!

Make sure you update the game to the latest version to access all the tasty new content!"
"releasenotes_1.68","Abracadabra simsala... SWEET! Say hello to the candy-crazed Good Witch in our sweet new Episode, Candy Bear village!

-  Play 20 fizzy NEW LEVELS making it a total of 905 levels!

Make sure you update the game to the latest version to access all the delicious new content!"
"releasenotes_1.69","Fun in the sun! It's time for a juicy new update! 

Download this tasty version and be ready to...
 
- Play Stickylicious NEW LEVELS!
- Unlock new fizzy challenges!
- Explore mouth-watering new Episodes...
- Meet sweet new characters!
- Get nifty updates making the world of soda even more Sodalicious!

Ps. The Candy Bears send their love. They're currently on holiday, having fun at the beach by the sunny soda sea!"
"releasenotes_1.71","Abracadabra simsala... SOUR! Hiihiihiiii... The evil laugh of the sour n' salty Bad Witch echoes loudly in our dark new Episode, Liquorice Lair! 🍬 

-  Play 20 sticky NEW LEVELS making it a total of 985 levels!

PS. And don't worry, she's not as bad as she looks! Or, well... actually, she is. 

Make sure you update the game to the latest version to access all the delicious new content!"
"releasenotes_1.72","It's time for a Sodalicious update!

- Join in on the sweet celebrations as we release the divine LEVEL 1000! 
- Discover the sparkling mysteries of our gem-filled new Episode, Emerald Estate!
- Play 20 juicy new levels making it a total of 1005 levels!

Don't forget to update the game to the latest version to access all this delicious new content!"
"releasenotes_1.73","Aye, mateys! Get ready to sail the Soda sea!

- Meet the captain! He'll help you on your stickylicious quest in our new Episode, Delicious Docks!    
- Play 20 fizzy new levels making it a total of 1005 levels!

Don't forget to update the game to the latest version to access all this delicious new content!"
"releasenotes_1.74","All aboard! We have a Sodalicious update!

- Meet the sweet and sassy Sailyn Mastoe in our new Episode, Yummy Yacht!
-  Play 20 tasty new levels making it a total of 1045 levels!

Don't forget to update the game to the latest version to access all this delicious new content!"
"releasenotes_1.75","Time for a new tasty update! 

- Play 20 fizzy new levels in our new Episode, Loch nom!  
- Meet Nommy the Loch nom monster! He's a real sweetie. 
- There's now a total of 1065 Sodalicios levels! Can you pass them all?

Don't forget to update the game to the latest version to access all this delicious new content!"
"releasenotes_1.76","Sodalicious! We have a new juicy update! 

- Play stickylicious NEW LEVELS!
- Explore the depths of the soda sea in our fizzy new Episodes!

Plus! Tusker the tasty narwal is having a party! And you're invited! No need to RSVP, just swing by! He's the best at throwing fizzy festivities. "
"releasenotes_1.77","Sodalicious! We have a tasty update! 

- Play stickylicious NEW LEVELS!
- Explore the world of Soda in our fizzy new Episodes
- Meet our sweet new characters! 

Don't forget to update the app to access all this delicious new content!"
"releasenotes_1.78","It’s time for a Sodalicious new update! 
-	Explore the world of Soda in our fizzy new episodes!
-	Join Miss Tutu for a wonderful ballet performance. She swirls like cotton candy! 
-	Help Spin & Spun sell tickets to the big show; they just need a bit of inspiration! 
-	Don't forget to download the latest version of Candy Crush Soda Saga for all the newest content!"
"releasenotes_1.79","Sodalicious! It’s time for a new update!

-Explore the world of Soda in our bubbly new episodes!
-The Bubblegum Troll sings about Kimmy in Tasty Theatre, prepare to be astonished by his epic stage outfit! 

Don't forget to download the latest version of Candy Crush Soda Saga for all the newest content!
"
"releasenotes_1.80","Get ready for a Sodalicious update! 

-Dive into the world of Soda in our fizzy new episodes!
-Ms. Sugar Snout has had a bit too much sweet tea and can’t stop saying: ADORABLE!
-Brewmaster Pan is holding a traditional tea ceremony. Join Kimmy for some sweet tea and cake. It’s a matcha made in heaven!

Remember to download the latest version to access the new content! 
"
"releasenotes_1.81","It’s time for a Sodalicious update!

-Enjoy fizzy new challenges in our latest episodes! 
- Speedy the snail wants to be a sushi chef. It’s really hard for him because he has no arms, but he’s tough as snails!
- Queen Bee is a strong leader for the critters on Ice Cream Island; she is equal parts fair and fierce!

Remember to download the latest version to access the new content! 
"
"releasenotes_1.82","Sodalicious! It’s time for a new update!

-Explore the world of Soda in our bubbly new episodes!
-Mama is the oldest cotton candy tree in the Kingdom. She thrives on the Soda that streams through the forest! 
-Nutler is a squirrel but he really wants to be a deer. He wears his antlers proudly as he guards the edges of the forest. 

Download the latest version of Candy Crush Soda Saga for all the newest content!"
"releasenotes_ZH_CN","Candy Crush Soda Saga, brimming with purple soda, has been launched in China!"
"remaining_days_left","{days} days left"
"request.collaborationhelp.body","Hi! {friend_name} needs your help to venture further into the Candy Kingdom."
"request.collaborationhelp.title","Help requested"
"request.givelife.body","Help your friend by sending a life now!"
"request.givelife.title","Send lives"
"request.invite.body","Come play Candy Crush Soda Saga with me!"
"request.invite.title","Send Invite!"
"request.life.body","Soda slurping isn't always easy. Send me an extra life?"
"request.life.title","Ask For Lives!"
"save_percent","Save {percent}%"
"search_friend","Search friend"
"send.collaborationhelp.body","{friend_name} joined your soda picnic!"
"send.collaborationhelp.title","Help received"
"shuffle.nomoves","No more possible moves"
"shuffle.topic","Shuffling"
"special_offer","Special offer!"
"special_offer_percentage_text","OFF"
"spring_sale_map_icon_title","Sale!"
"store_contacting","Contacting"
"stritz.product.amount.description.33000","{amount} Lollipops"
"stritz.product.amount.description.33001","{amount} Striped Lollipops"
"stritz.product.amount.description.33003","{amount} Free switches"
"stritz.product.amount.description.33020","{amount} Colorbombs"
"stritz.product.amount.description.33021","{amount} Coloring Candies"
"stritz.product.amount.description.33022","{amount} Double Delish Fish"
"stritz.product.description.33000","Smash any candy that is giving you a hard time. Revenge is sweet."
"stritz.product.description.33001","Smash any candy and get a bonus cross blast. Delicious destruction. "
"stritz.product.description.33003","Switch any two candies without losing moves!"
"stritz.product.description.33020","Start any level with a Color Bomb already on the board!"
"stritz.product.description.33021","Start any level with a Coloring Candy already on the board!"
"stritz.product.description.33022","Double all of the fish created during this level!"
"stritz.product.more.offers","More Offers!"
"stritz.product.shop.title","Shop"
"stritz.product.shop.title.33360","Super Sweet Deal!"
"stritz.product.shop.title.33361","Bombalicious Lollies!"
"stritz.product.shop.title.33362","Yummy Mix!"
"stritz.product.shop.title.33363","Smashing Colors!"
"stritz.product.shop.title.33364","Lavish Mix!"
"stritz.product.shop.title.33365","Divine Dessert!"
"stritz.product.title.33000","Lollipop Hammer"
"stritz.product.title.33001","Striped Lollipop Hammer"
"stritz.product.title.33003","Free Switch"
"stritz.product.title.33020","Colorbomb Pack"
"stritz.product.title.33021","Coloring Candy Pack"
"stritz.product.title.33022","Double Delish Fish package"
"tab.name.candycrush","Candy Crush Saga"
"tab.name.candycrushjelly","Candy Crush Jelly Saga"
"tab.name.messages","Messages"
"tab.name.overview","Overview"
"tab.name.toplist","Toplist"
"tab.newgame.candycrushjelly","New Game!"
"toplist_me","Me"
"unlimited_life_duration","{hours} hours"
"unlimited_life_popshop","{hours}h unlimited lives"
"unlimited_life_text","unlimited lives"
"update_available_text","A new version is available! Update now to enjoy the delicious soda!"
"update_available_title","New update"
"update_required_text","Oh sugar, there's an issue with your version! Update now to continue playing."
"update_required_title","Update needed"
